[ECMWF-INFO -sbatch] - -------------------------------------------------------------------------------------
[ECMWF-INFO -sbatch] -  This is the ECMWF jobfilter
[ECMWF-INFO -sbatch] -  +++ Please report issues using the Support portal +++
[ECMWF-INFO -sbatch] -  +++ https://support.ecmwf.int                     +++
[ECMWF-INFO -sbatch] -  /usr/local/bin/ecsbatch: size: 54518, mtime: Thu Aug  6 13:29:49 2026
[ECMWF-INFO -sbatch] - -------------------------------------------------------------------------------------
[ECMWF-INFO -sbatch] - Time at submit: Thu Aug 13 21:38:24 2026 (1786657104.2564032) on ac6-101.bullx:/etc/ecmwf/nfs/dh1_home_a/cxjo/C3S_stuff/c3s_ecv_dataset_quality_monitoring/AtmPhysics/Precipitation/GIRAFE
[ECMWF-INFO -sbatch] - --- SLURM VARIABLES ---
[ECMWF-INFO -sbatch] - EC_CLUSTER=ac
[ECMWF-INFO -sbatch] - SLURM_EXPORT_ENV=ALL
[ECMWF-INFO -sbatch] - SBATCH_EXPORT=NONE
[ECMWF-INFO -sbatch] - -----------------------
[ECMWF-INFO -sbatch] - jobscript: /etc/ecmwf/nfs/dh1_home_a/cxjo/C3S_stuff/c3s_ecv_dataset_quality_monitoring/AtmPhysics/Precipitation/GIRAFE/compute_girafe_stats.slurm
[ECMWF-INFO -sbatch] - --- SCRIPT OPTIONS ---
[ECMWF-INFO -sbatch] - #SBATCH --job-name=girafe
[ECMWF-INFO -sbatch] - #SBATCH --time=24:00:00
[ECMWF-INFO -sbatch] - #SBATCH --cpus-per-task=8
[ECMWF-INFO -sbatch] - #SBATCH --mem=32G
[ECMWF-INFO -sbatch] - #SBATCH --output=girafe_%j.out
[ECMWF-INFO -sbatch] - -----------------------
[ECMWF-INFO -sbatch] - --- POST-PROCESSED OPTIONS ---
[ECMWF-INFO -sbatch] - ARG --positional=['compute_girafe_stats.slurm']
[ECMWF-INFO -sbatch] - ARG --cpus_per_task=8
[ECMWF-INFO -sbatch] - ARG --job_name=girafe
[ECMWF-INFO -sbatch] - ARG --output=girafe_%j.out
[ECMWF-INFO -sbatch] - ARG --time=24:00:00
[ECMWF-INFO -sbatch] - ARG --mem=32G
[ECMWF-INFO -sbatch] - ------------------------------
[ECMWF-INFO -sbatch] - No qos requested, assuming qos=nf
[ECMWF-INFO -sbatch] - jobtag: cxjo-girafe-1x8-/etc/ecmwf/nfs/dh1_home_a/cxjo/C3S_stuff/c3s_ecv_dataset_quality_monitoring/AtmPhysics/Precipitation/GIRAFE/girafe__JOBID_.out
[ECMWF-INFO -sbatch] - ------------------------------
[ECMWF-INFO -sbatch] - Average Walltime 572 with a Standard Deviation 46
[ECMWF-INFO -sbatch] - Runtime history
[ECMWF-INFO -sbatch] -   Date               | Cores   Cluster   Walltime       Mem
[ECMWF-INFO -sbatch] -   13.08.2026 - 15:34 | 8          ac         618        32G       
[ECMWF-INFO -sbatch] -   13.08.2026 - 13:10 | 8          ac         526        32G       
[ECMWF-INFO -sbatch] - ['/usr/bin/sbatch', '--cpus-per-task=8', '--job-name=girafe', '--output=girafe_%j.out', '--time=24:00:00', '--mem=32G', '--qos=nf', '--licenses=h2resw01', '--export=EC_user_time_limit=24:00:00', '/etc/ecmwf/nfs/dh1_home_a/cxjo/C3S_stuff/c3s_ecv_dataset_quality_monitoring/AtmPhysics/Precipitation/GIRAFE/compute_girafe_stats.slurm']
[ECMWF-INFO -sbatch] - sbatch executed on ac
[ECMWF-INFO -sbatch] - Job queued on ac using method local
[ECMWF-INFO -sbatch] - Submitted batch job 32350379
[ECMWF-INFO -ecprofile] /usr/bin/bash NON_INTERACTIVE on ac6-168 at 20260813_213843.560, PID: 4008119, JOBID: 32350379
[ECMWF-INFO -ecprofile] $SCRATCH=/ec/res4/scratch/cxjo
[ECMWF-INFO -ecprofile] $PERM=/perm/cxjo
[ECMWF-INFO -ecprofile] $HPCPERM=/ec/res4/hpcperm/cxjo
[ECMWF-INFO -ecprofile] $TMPDIR=/etc/ecmwf/ssd/ssd1/tmpdirs/cxjo.32350379
[ECMWF-INFO -ecprofile] $SCRATCHDIR=/ec/res4/scratchdir/cxjo/3/32350379

Lmod is automatically replacing "prgenv/gnu" with "conda/26.1.1-3".

-------------------------------------------------------------------------------
There are messages associated with the following module(s):
-------------------------------------------------------------------------------

conda/26.1.1-3:
   Using conda effectively disables any other loaded modules. Use "module
   reset" to return to the default environment.

-------------------------------------------------------------------------------

WARNING: The MAMBA_ROOT_PREFIX environment variable is not set.
WARNING: This is required for mamba to work correctly as of 2.0.
WARNING: 
WARNING: For now, we are setting 'MAMBA_ROOT_PREFIX' to '/usr/local/apps/conda/26.1.1-3'.
WARNING: 
WARNING: Please make sure this is consistent with your installation or alternatively (by order of preference):
WARNING:   - rerun 'mamba shell init' to initialize mamba for your current shell
WARNING:   - manually set 'MAMBA_ROOT_PREFIX' to the root of your installation in your shell profile script.
WARNING:   - use the '-r,--root-prefix' CLI option when calling mamba.
WARNING: 
WARNING: This message originates from /usr/local/apps/conda/26.1.1-3/etc/profile.d/mamba.sh

Monthly climatological thresholds:
<xarray.DataArray 'precipitation_p999' (month: 12)> Size: 96B
[12 values with dtype=float64]
Coordinates:
  * month    (month) int64 96B 1 2 3 4 5 6 7 8 9 10 11 12
Attributes:
    long_name:           Monthly climatological 99.9th percentile
    description:         99.9th percentile of precipitation values for each c...
    climatology_period:  2002-2022
    quantile:            0.999
Computing stats for daily data, saving to GIRAFE_daily_stats.nc
Processing ../../../datasets/GIRAFE/daily/2002/01/PREdm20020101000000120IMPGS01GL.nc
Processing ../../../datasets/GIRAFE/daily/2002/01/PREdm20020102000000120IMPGS01GL.nc
Processing ../../../datasets/GIRAFE/daily/2002/01/PREdm20020103000000120IMPGS01GL.nc
Processing ../../../datasets/GIRAFE/daily/2002/01/PREdm20020104000000120IMPGS01GL.nc
Processing ../../../datasets/GIRAFE/daily/2002/01/PREdm20020105000000120IMPGS01GL.nc
Processing ../../../datasets/GIRAFE/daily/2002/01/PREdm20020106000000120IMPGS01GL.nc
Processing ../../../datasets/GIRAFE/daily/2002/01/PREdm20020107000000120IMPGS01GL.nc
Processing ../../../datasets/GIRAFE/daily/2002/01/PREdm20020108000000120IMPGS01GL.nc
Processing ../../../datasets/GIRAFE/daily/2002/01/PREdm20020109000000120IMPGS01GL.nc
Processing ../../../datasets/GIRAFE/daily/2002/01/PREdm20020110000000120IMPGS01GL.nc
Processing ../../../datasets/GIRAFE/daily/2002/01/PREdm20020111000000120IMPGS01GL.nc
Processing ../../../datasets/GIRAFE/daily/2002/01/PREdm20020112000000120IMPGS01GL.nc
Processing ../../../datasets/GIRAFE/daily/2002/01/PREdm20020113000000120IMPGS01GL.nc
Processing ../../../datasets/GIRAFE/daily/2002/01/PREdm20020114000000120IMPGS01GL.nc
Processing ../../../datasets/GIRAFE/daily/2002/01/PREdm20020115000000120IMPGS01GL.nc
Processing ../../../datasets/GIRAFE/daily/2002/01/PREdm20020116000000120IMPGS01GL.nc
Processing ../../../datasets/GIRAFE/daily/2002/01/PREdm20020117000000120IMPGS01GL.nc
Processing ../../../datasets/GIRAFE/daily/2002/01/PREdm20020118000000120IMPGS01GL.nc
Processing ../../../datasets/GIRAFE/daily/2002/01/PREdm20020119000000120IMPGS01GL.nc
Processing ../../../datasets/GIRAFE/daily/2002/01/PREdm20020120000000120IMPGS01GL.nc
Processing ../../../datasets/GIRAFE/daily/2002/01/PREdm20020121000000120IMPGS01GL.nc
Processing ../../../datasets/GIRAFE/daily/2002/01/PREdm20020122000000120IMPGS01GL.nc
Processing ../../../datasets/GIRAFE/daily/2002/01/PREdm20020123000000120IMPGS01GL.nc
Processing ../../../datasets/GIRAFE/daily/2002/01/PREdm20020124000000120IMPGS01GL.nc
Processing ../../../datasets/GIRAFE/daily/2002/01/PREdm20020125000000120IMPGS01GL.nc
Processing ../../../datasets/GIRAFE/daily/2002/01/PREdm20020126000000120IMPGS01GL.nc
Processing ../../../datasets/GIRAFE/daily/2002/01/PREdm20020127000000120IMPGS01GL.nc
Processing ../../../datasets/GIRAFE/daily/2002/01/PREdm20020128000000120IMPGS01GL.nc
Processing ../../../datasets/GIRAFE/daily/2002/01/PREdm20020129000000120IMPGS01GL.nc
Processing ../../../datasets/GIRAFE/daily/2002/01/PREdm20020130000000120IMPGS01GL.nc
Processing ../../../datasets/GIRAFE/daily/2002/01/PREdm20020131000000120IMPGS01GL.nc
Processing ../../../datasets/GIRAFE/daily/2002/02/PREdm20020201000000120IMPGS01GL.nc
Processing ../../../datasets/GIRAFE/daily/2002/02/PREdm20020202000000120IMPGS01GL.nc
Processing ../../../datasets/GIRAFE/daily/2002/02/PREdm20020203000000120IMPGS01GL.nc
Processing ../../../datasets/GIRAFE/daily/2002/02/PREdm20020204000000120IMPGS01GL.nc
Processing ../../../datasets/GIRAFE/daily/2002/02/PREdm20020205000000120IMPGS01GL.nc
Processing ../../../datasets/GIRAFE/daily/2002/02/PREdm20020206000000120IMPGS01GL.nc
Processing ../../../datasets/GIRAFE/daily/2002/02/PREdm20020207000000120IMPGS01GL.nc
Processing ../../../datasets/GIRAFE/daily/2002/02/PREdm20020208000000120IMPGS01GL.nc
Processing ../../../datasets/GIRAFE/daily/2002/02/PREdm20020209000000120IMPGS01GL.nc
Processing ../../../datasets/GIRAFE/daily/2002/02/PREdm20020210000000120IMPGS01GL.nc
Processing ../../../datasets/GIRAFE/daily/2002/02/PREdm20020211000000120IMPGS01GL.nc
Processing ../../../datasets/GIRAFE/daily/2002/02/PREdm20020212000000120IMPGS01GL.nc
Processing ../../../datasets/GIRAFE/daily/2002/02/PREdm20020213000000120IMPGS01GL.nc
Processing ../../../datasets/GIRAFE/daily/2002/02/PREdm20020214000000120IMPGS01GL.nc
Processing ../../../datasets/GIRAFE/daily/2002/02/PREdm20020215000000120IMPGS01GL.nc
Processing ../../../datasets/GIRAFE/daily/2002/02/PREdm20020216000000120IMPGS01GL.nc
Processing ../../../datasets/GIRAFE/daily/2002/02/PREdm20020217000000120IMPGS01GL.nc
Processing ../../../datasets/GIRAFE/daily/2002/02/PREdm20020218000000120IMPGS01GL.nc
Processing ../../../datasets/GIRAFE/daily/2002/02/PREdm20020219000000120IMPGS01GL.nc
Processing ../../../datasets/GIRAFE/daily/2002/02/PREdm20020220000000120IMPGS01GL.nc
Processing ../../../datasets/GIRAFE/daily/2002/02/PREdm20020221000000120IMPGS01GL.nc
Processing ../../../datasets/GIRAFE/daily/2002/02/PREdm20020222000000120IMPGS01GL.nc
Processing ../../../datasets/GIRAFE/daily/2002/02/PREdm20020223000000120IMPGS01GL.nc
Processing ../../../datasets/GIRAFE/daily/2002/02/PREdm20020224000000120IMPGS01GL.nc
Processing ../../../datasets/GIRAFE/daily/2002/02/PREdm20020225000000120IMPGS01GL.nc
Processing ../../../datasets/GIRAFE/daily/2002/02/PREdm20020226000000120IMPGS01GL.nc
Processing ../../../datasets/GIRAFE/daily/2002/02/PREdm20020227000000120IMPGS01GL.nc
Processing ../../../datasets/GIRAFE/daily/2002/02/PREdm20020228000000120IMPGS01GL.nc
Processing ../../../datasets/GIRAFE/daily/2002/03/PREdm20020301000000120IMPGS01GL.nc
Processing ../../../datasets/GIRAFE/daily/2002/03/PREdm20020302000000120IMPGS01GL.nc
Processing ../../../datasets/GIRAFE/daily/2002/03/PREdm20020303000000120IMPGS01GL.nc
Processing ../../../datasets/GIRAFE/daily/2002/03/PREdm20020304000000120IMPGS01GL.nc
Processing ../../../datasets/GIRAFE/daily/2002/03/PREdm20020305000000120IMPGS01GL.nc
Processing ../../../datasets/GIRAFE/daily/2002/03/PREdm20020306000000120IMPGS01GL.nc
Processing ../../../datasets/GIRAFE/daily/2002/03/PREdm20020307000000120IMPGS01GL.nc
Processing ../../../datasets/GIRAFE/daily/2002/03/PREdm20020308000000120IMPGS01GL.nc
Processing ../../../datasets/GIRAFE/daily/2002/03/PREdm20020309000000120IMPGS01GL.nc
Processing ../../../datasets/GIRAFE/daily/2002/03/PREdm20020310000000120IMPGS01GL.nc
Processing ../../../datasets/GIRAFE/daily/2002/03/PREdm20020311000000120IMPGS01GL.nc
Processing ../../../datasets/GIRAFE/daily/2002/03/PREdm20020312000000120IMPGS01GL.nc
Processing ../../../datasets/GIRAFE/daily/2002/03/PREdm20020313000000120IMPGS01GL.nc
Processing ../../../datasets/GIRAFE/daily/2002/03/PREdm20020314000000120IMPGS01GL.nc
Processing ../../../datasets/GIRAFE/daily/2002/03/PREdm20020315000000120IMPGS01GL.nc
Processing ../../../datasets/GIRAFE/daily/2002/03/PREdm20020316000000120IMPGS01GL.nc
Processing ../../../datasets/GIRAFE/daily/2002/03/PREdm20020317000000120IMPGS01GL.nc
Processing ../../../datasets/GIRAFE/daily/2002/03/PREdm20020318000000120IMPGS01GL.nc
Processing ../../../datasets/GIRAFE/daily/2002/03/PREdm20020319000000120IMPGS01GL.nc
Processing ../../../datasets/GIRAFE/daily/2002/03/PREdm20020320000000120IMPGS01GL.nc
Processing ../../../datasets/GIRAFE/daily/2002/03/PREdm20020321000000120IMPGS01GL.nc
Processing ../../../datasets/GIRAFE/daily/2002/03/PREdm20020322000000120IMPGS01GL.nc
Processing ../../../datasets/GIRAFE/daily/2002/03/PREdm20020323000000120IMPGS01GL.nc
Processing ../../../datasets/GIRAFE/daily/2002/03/PREdm20020324000000120IMPGS01GL.nc
Processing ../../../datasets/GIRAFE/daily/2002/03/PREdm20020325000000120IMPGS01GL.nc
Processing ../../../datasets/GIRAFE/daily/2002/03/PREdm20020326000000120IMPGS01GL.nc
Processing ../../../datasets/GIRAFE/daily/2002/03/PREdm20020327000000120IMPGS01GL.nc
Processing ../../../datasets/GIRAFE/daily/2002/03/PREdm20020328000000120IMPGS01GL.nc
Processing ../../../datasets/GIRAFE/daily/2002/03/PREdm20020329000000120IMPGS01GL.nc
Processing ../../../datasets/GIRAFE/daily/2002/03/PREdm20020330000000120IMPGS01GL.nc
Processing ../../../datasets/GIRAFE/daily/2002/03/PREdm20020331000000120IMPGS01GL.nc
Processing ../../../datasets/GIRAFE/daily/2002/04/PREdm20020401000000120IMPGS01GL.nc
Processing ../../../datasets/GIRAFE/daily/2002/04/PREdm20020402000000120IMPGS01GL.nc
Processing ../../../datasets/GIRAFE/daily/2002/04/PREdm20020403000000120IMPGS01GL.nc
Processing ../../../datasets/GIRAFE/daily/2002/04/PREdm20020404000000120IMPGS01GL.nc
Processing ../../../datasets/GIRAFE/daily/2002/04/PREdm20020405000000120IMPGS01GL.nc
Processing ../../../datasets/GIRAFE/daily/2002/04/PREdm20020406000000120IMPGS01GL.nc
Processing ../../../datasets/GIRAFE/daily/2002/04/PREdm20020407000000120IMPGS01GL.nc
Processing ../../../datasets/GIRAFE/daily/2002/04/PREdm20020408000000120IMPGS01GL.nc
Processing ../../../datasets/GIRAFE/daily/2002/04/PREdm20020409000000120IMPGS01GL.nc
Processing ../../../datasets/GIRAFE/daily/2002/04/PREdm20020410000000120IMPGS01GL.nc
Processing ../../../datasets/GIRAFE/daily/2002/04/PREdm20020411000000120IMPGS01GL.nc
Processing ../../../datasets/GIRAFE/daily/2002/04/PREdm20020412000000120IMPGS01GL.nc
Processing ../../../datasets/GIRAFE/daily/2002/04/PREdm20020413000000120IMPGS01GL.nc
Processing ../../../datasets/GIRAFE/daily/2002/04/PREdm20020414000000120IMPGS01GL.nc
Processing ../../../datasets/GIRAFE/daily/2002/04/PREdm20020415000000120IMPGS01GL.nc
Processing ../../../datasets/GIRAFE/daily/2002/04/PREdm20020416000000120IMPGS01GL.nc
Processing ../../../datasets/GIRAFE/daily/2002/04/PREdm20020417000000120IMPGS01GL.nc
Processing ../../../datasets/GIRAFE/daily/2002/04/PREdm20020418000000120IMPGS01GL.nc
Processing ../../../datasets/GIRAFE/daily/2002/04/PREdm20020419000000120IMPGS01GL.nc
Processing ../../../datasets/GIRAFE/daily/2002/04/PREdm20020420000000120IMPGS01GL.nc
Processing ../../../datasets/GIRAFE/daily/2002/04/PREdm20020421000000120IMPGS01GL.nc
Processing ../../../datasets/GIRAFE/daily/2002/04/PREdm20020422000000120IMPGS01GL.nc
Processing ../../../datasets/GIRAFE/daily/2002/04/PREdm20020423000000120IMPGS01GL.nc
Processing ../../../datasets/GIRAFE/daily/2002/04/PREdm20020424000000120IMPGS01GL.nc
Processing ../../../datasets/GIRAFE/daily/2002/04/PREdm20020425000000120IMPGS01GL.nc
Processing ../../../datasets/GIRAFE/daily/2002/04/PREdm20020426000000120IMPGS01GL.nc
Processing ../../../datasets/GIRAFE/daily/2002/04/PREdm20020427000000120IMPGS01GL.nc
Processing ../../../datasets/GIRAFE/daily/2002/04/PREdm20020428000000120IMPGS01GL.nc
Processing ../../../datasets/GIRAFE/daily/2002/04/PREdm20020429000000120IMPGS01GL.nc
Processing ../../../datasets/GIRAFE/daily/2002/04/PREdm20020430000000120IMPGS01GL.nc
Processing ../../../datasets/GIRAFE/daily/2002/05/PREdm20020501000000120IMPGS01GL.nc
Processing ../../../datasets/GIRAFE/daily/2002/05/PREdm20020502000000120IMPGS01GL.nc
Processing ../../../datasets/GIRAFE/daily/2002/05/PREdm20020503000000120IMPGS01GL.nc
Processing ../../../datasets/GIRAFE/daily/2002/05/PREdm20020504000000120IMPGS01GL.nc
Processing ../../../datasets/GIRAFE/daily/2002/05/PREdm20020505000000120IMPGS01GL.nc
Processing ../../../datasets/GIRAFE/daily/2002/05/PREdm20020506000000120IMPGS01GL.nc
Processing ../../../datasets/GIRAFE/daily/2002/05/PREdm20020507000000120IMPGS01GL.nc
Processing ../../../datasets/GIRAFE/daily/2002/05/PREdm20020508000000120IMPGS01GL.nc
Processing ../../../datasets/GIRAFE/daily/2002/05/PREdm20020509000000120IMPGS01GL.nc
Processing ../../../datasets/GIRAFE/daily/2002/05/PREdm20020510000000120IMPGS01GL.nc
Processing ../../../datasets/GIRAFE/daily/2002/05/PREdm20020511000000120IMPGS01GL.nc
Processing ../../../datasets/GIRAFE/daily/2002/05/PREdm20020512000000120IMPGS01GL.nc
Processing ../../../datasets/GIRAFE/daily/2002/05/PREdm20020513000000120IMPGS01GL.nc
Processing ../../../datasets/GIRAFE/daily/2002/05/PREdm20020514000000120IMPGS01GL.nc
Processing ../../../datasets/GIRAFE/daily/2002/05/PREdm20020515000000120IMPGS01GL.nc
Processing ../../../datasets/GIRAFE/daily/2002/05/PREdm20020516000000120IMPGS01GL.nc
Processing ../../../datasets/GIRAFE/daily/2002/05/PREdm20020517000000120IMPGS01GL.nc
Processing ../../../datasets/GIRAFE/daily/2002/05/PREdm20020518000000120IMPGS01GL.nc
Processing ../../../datasets/GIRAFE/daily/2002/05/PREdm20020519000000120IMPGS01GL.nc
Processing ../../../datasets/GIRAFE/daily/2002/05/PREdm20020520000000120IMPGS01GL.nc
Processing ../../../datasets/GIRAFE/daily/2002/05/PREdm20020521000000120IMPGS01GL.nc
Processing ../../../datasets/GIRAFE/daily/2002/05/PREdm20020522000000120IMPGS01GL.nc
Processing ../../../datasets/GIRAFE/daily/2002/05/PREdm20020523000000120IMPGS01GL.nc
Processing ../../../datasets/GIRAFE/daily/2002/05/PREdm20020524000000120IMPGS01GL.nc
Processing ../../../datasets/GIRAFE/daily/2002/05/PREdm20020525000000120IMPGS01GL.nc
Processing ../../../datasets/GIRAFE/daily/2002/05/PREdm20020526000000120IMPGS01GL.nc
Processing ../../../datasets/GIRAFE/daily/2002/05/PREdm20020527000000120IMPGS01GL.nc
Processing ../../../datasets/GIRAFE/daily/2002/05/PREdm20020528000000120IMPGS01GL.nc
Processing ../../../datasets/GIRAFE/daily/2002/05/PREdm20020529000000120IMPGS01GL.nc
Processing ../../../datasets/GIRAFE/daily/2002/05/PREdm20020530000000120IMPGS01GL.nc
Processing ../../../datasets/GIRAFE/daily/2002/05/PREdm20020531000000120IMPGS01GL.nc
Processing ../../../datasets/GIRAFE/daily/2002/06/PREdm20020601000000120IMPGS01GL.nc
Processing ../../../datasets/GIRAFE/daily/2002/06/PREdm20020602000000120IMPGS01GL.nc
Processing ../../../datasets/GIRAFE/daily/2002/06/PREdm20020603000000120IMPGS01GL.nc
Processing ../../../datasets/GIRAFE/daily/2002/06/PREdm20020604000000120IMPGS01GL.nc
Processing ../../../datasets/GIRAFE/daily/2002/06/PREdm20020605000000120IMPGS01GL.nc
Processing ../../../datasets/GIRAFE/daily/2002/06/PREdm20020606000000120IMPGS01GL.nc
Processing ../../../datasets/GIRAFE/daily/2002/06/PREdm20020607000000120IMPGS01GL.nc
Processing ../../../datasets/GIRAFE/daily/2002/06/PREdm20020608000000120IMPGS01GL.nc
Processing ../../../datasets/GIRAFE/daily/2002/06/PREdm20020609000000120IMPGS01GL.nc
Processing ../../../datasets/GIRAFE/daily/2002/06/PREdm20020610000000120IMPGS01GL.nc
Processing ../../../datasets/GIRAFE/daily/2002/06/PREdm20020611000000120IMPGS01GL.nc
Processing ../../../datasets/GIRAFE/daily/2002/06/PREdm20020612000000120IMPGS01GL.nc
Processing ../../../datasets/GIRAFE/daily/2002/06/PREdm20020613000000120IMPGS01GL.nc
Processing ../../../datasets/GIRAFE/daily/2002/06/PREdm20020614000000120IMPGS01GL.nc
Processing ../../../datasets/GIRAFE/daily/2002/06/PREdm20020615000000120IMPGS01GL.nc
Processing ../../../datasets/GIRAFE/daily/2002/06/PREdm20020616000000120IMPGS01GL.nc
Processing ../../../datasets/GIRAFE/daily/2002/06/PREdm20020617000000120IMPGS01GL.nc
Processing ../../../datasets/GIRAFE/daily/2002/06/PREdm20020618000000120IMPGS01GL.nc
Processing ../../../datasets/GIRAFE/daily/2002/06/PREdm20020619000000120IMPGS01GL.nc
Processing ../../../datasets/GIRAFE/daily/2002/06/PREdm20020620000000120IMPGS01GL.nc
Processing ../../../datasets/GIRAFE/daily/2002/06/PREdm20020621000000120IMPGS01GL.nc
Processing ../../../datasets/GIRAFE/daily/2002/06/PREdm20020622000000120IMPGS01GL.nc
Processing ../../../datasets/GIRAFE/daily/2002/06/PREdm20020623000000120IMPGS01GL.nc
Processing ../../../datasets/GIRAFE/daily/2002/06/PREdm20020624000000120IMPGS01GL.nc
Processing ../../../datasets/GIRAFE/daily/2002/06/PREdm20020625000000120IMPGS01GL.nc
Processing ../../../datasets/GIRAFE/daily/2002/06/PREdm20020626000000120IMPGS01GL.nc
Processing ../../../datasets/GIRAFE/daily/2002/06/PREdm20020627000000120IMPGS01GL.nc
Processing ../../../datasets/GIRAFE/daily/2002/06/PREdm20020628000000120IMPGS01GL.nc
Processing ../../../datasets/GIRAFE/daily/2002/06/PREdm20020629000000120IMPGS01GL.nc
Processing ../../../datasets/GIRAFE/daily/2002/06/PREdm20020630000000120IMPGS01GL.nc
Processing ../../../datasets/GIRAFE/daily/2002/07/PREdm20020701000000120IMPGS01GL.nc
Processing ../../../datasets/GIRAFE/daily/2002/07/PREdm20020702000000120IMPGS01GL.nc
Processing ../../../datasets/GIRAFE/daily/2002/07/PREdm20020703000000120IMPGS01GL.nc
Processing ../../../datasets/GIRAFE/daily/2002/07/PREdm20020704000000120IMPGS01GL.nc
Processing ../../../datasets/GIRAFE/daily/2002/07/PREdm20020705000000120IMPGS01GL.nc
Processing ../../../datasets/GIRAFE/daily/2002/07/PREdm20020706000000120IMPGS01GL.nc
Processing ../../../datasets/GIRAFE/daily/2002/07/PREdm20020707000000120IMPGS01GL.nc
Processing ../../../datasets/GIRAFE/daily/2002/07/PREdm20020708000000120IMPGS01GL.nc
Processing ../../../datasets/GIRAFE/daily/2002/07/PREdm20020709000000120IMPGS01GL.nc
Processing ../../../datasets/GIRAFE/daily/2002/07/PREdm20020710000000120IMPGS01GL.nc
Processing ../../../datasets/GIRAFE/daily/2002/07/PREdm20020711000000120IMPGS01GL.nc
Processing ../../../datasets/GIRAFE/daily/2002/07/PREdm20020712000000120IMPGS01GL.nc
Processing ../../../datasets/GIRAFE/daily/2002/07/PREdm20020713000000120IMPGS01GL.nc
Processing ../../../datasets/GIRAFE/daily/2002/07/PREdm20020714000000120IMPGS01GL.nc
Processing ../../../datasets/GIRAFE/daily/2002/07/PREdm20020715000000120IMPGS01GL.nc
Processing ../../../datasets/GIRAFE/daily/2002/07/PREdm20020716000000120IMPGS01GL.nc
Processing ../../../datasets/GIRAFE/daily/2002/07/PREdm20020717000000120IMPGS01GL.nc
Processing ../../../datasets/GIRAFE/daily/2002/07/PREdm20020718000000120IMPGS01GL.nc
Processing ../../../datasets/GIRAFE/daily/2002/07/PREdm20020719000000120IMPGS01GL.nc
Processing ../../../datasets/GIRAFE/daily/2002/07/PREdm20020720000000120IMPGS01GL.nc
Processing ../../../datasets/GIRAFE/daily/2002/07/PREdm20020721000000120IMPGS01GL.nc
Processing ../../../datasets/GIRAFE/daily/2002/07/PREdm20020722000000120IMPGS01GL.nc
Processing ../../../datasets/GIRAFE/daily/2002/07/PREdm20020723000000120IMPGS01GL.nc
Processing ../../../datasets/GIRAFE/daily/2002/07/PREdm20020724000000120IMPGS01GL.nc
Processing ../../../datasets/GIRAFE/daily/2002/07/PREdm20020725000000120IMPGS01GL.nc
Processing ../../../datasets/GIRAFE/daily/2002/07/PREdm20020726000000120IMPGS01GL.nc
Processing ../../../datasets/GIRAFE/daily/2002/07/PREdm20020727000000120IMPGS01GL.nc
Processing ../../../datasets/GIRAFE/daily/2002/07/PREdm20020728000000120IMPGS01GL.nc
Processing ../../../datasets/GIRAFE/daily/2002/07/PREdm20020729000000120IMPGS01GL.nc
Processing ../../../datasets/GIRAFE/daily/2002/07/PREdm20020730000000120IMPGS01GL.nc
Processing ../../../datasets/GIRAFE/daily/2002/07/PREdm20020731000000120IMPGS01GL.nc
Processing ../../../datasets/GIRAFE/daily/2002/08/PREdm20020801000000120IMPGS01GL.nc
Processing ../../../datasets/GIRAFE/daily/2002/08/PREdm20020802000000120IMPGS01GL.nc
Processing ../../../datasets/GIRAFE/daily/2002/08/PREdm20020803000000120IMPGS01GL.nc
Processing ../../../datasets/GIRAFE/daily/2002/08/PREdm20020804000000120IMPGS01GL.nc
Processing ../../../datasets/GIRAFE/daily/2002/08/PREdm20020805000000120IMPGS01GL.nc
Processing ../../../datasets/GIRAFE/daily/2002/08/PREdm20020806000000120IMPGS01GL.nc
Processing ../../../datasets/GIRAFE/daily/2002/08/PREdm20020807000000120IMPGS01GL.nc
Processing ../../../datasets/GIRAFE/daily/2002/08/PREdm20020808000000120IMPGS01GL.nc
Processing ../../../datasets/GIRAFE/daily/2002/08/PREdm20020809000000120IMPGS01GL.nc
Processing ../../../datasets/GIRAFE/daily/2002/08/PREdm20020810000000120IMPGS01GL.nc
Processing ../../../datasets/GIRAFE/daily/2002/08/PREdm20020811000000120IMPGS01GL.nc
Processing ../../../datasets/GIRAFE/daily/2002/08/PREdm20020812000000120IMPGS01GL.nc
Processing ../../../datasets/GIRAFE/daily/2002/08/PREdm20020813000000120IMPGS01GL.nc
Processing ../../../datasets/GIRAFE/daily/2002/08/PREdm20020814000000120IMPGS01GL.nc
Processing ../../../datasets/GIRAFE/daily/2002/08/PREdm20020815000000120IMPGS01GL.nc
Processing ../../../datasets/GIRAFE/daily/2002/08/PREdm20020816000000120IMPGS01GL.nc
Processing ../../../datasets/GIRAFE/daily/2002/08/PREdm20020817000000120IMPGS01GL.nc
Processing ../../../datasets/GIRAFE/daily/2002/08/PREdm20020818000000120IMPGS01GL.nc
Processing ../../../datasets/GIRAFE/daily/2002/08/PREdm20020819000000120IMPGS01GL.nc
Processing ../../../datasets/GIRAFE/daily/2002/08/PREdm20020820000000120IMPGS01GL.nc
Processing ../../../datasets/GIRAFE/daily/2002/08/PREdm20020821000000120IMPGS01GL.nc
Processing ../../../datasets/GIRAFE/daily/2002/08/PREdm20020822000000120IMPGS01GL.nc
Processing ../../../datasets/GIRAFE/daily/2002/08/PREdm20020823000000120IMPGS01GL.nc
Processing ../../../datasets/GIRAFE/daily/2002/08/PREdm20020824000000120IMPGS01GL.nc
Processing ../../../datasets/GIRAFE/daily/2002/08/PREdm20020825000000120IMPGS01GL.nc
Processing ../../../datasets/GIRAFE/daily/2002/08/PREdm20020826000000120IMPGS01GL.nc
Processing ../../../datasets/GIRAFE/daily/2002/08/PREdm20020827000000120IMPGS01GL.nc
Processing ../../../datasets/GIRAFE/daily/2002/08/PREdm20020828000000120IMPGS01GL.nc
Processing ../../../datasets/GIRAFE/daily/2002/08/PREdm20020829000000120IMPGS01GL.nc
Processing ../../../datasets/GIRAFE/daily/2002/08/PREdm20020830000000120IMPGS01GL.nc
Processing ../../../datasets/GIRAFE/daily/2002/08/PREdm20020831000000120IMPGS01GL.nc
Processing ../../../datasets/GIRAFE/daily/2002/09/PREdm20020901000000120IMPGS01GL.nc
Processing ../../../datasets/GIRAFE/daily/2002/09/PREdm20020902000000120IMPGS01GL.nc
Processing ../../../datasets/GIRAFE/daily/2002/09/PREdm20020903000000120IMPGS01GL.nc
Processing ../../../datasets/GIRAFE/daily/2002/09/PREdm20020904000000120IMPGS01GL.nc
Processing ../../../datasets/GIRAFE/daily/2002/09/PREdm20020905000000120IMPGS01GL.nc
Processing ../../../datasets/GIRAFE/daily/2002/09/PREdm20020906000000120IMPGS01GL.nc
Processing ../../../datasets/GIRAFE/daily/2002/09/PREdm20020907000000120IMPGS01GL.nc
Processing ../../../datasets/GIRAFE/daily/2002/09/PREdm20020908000000120IMPGS01GL.nc
Processing ../../../datasets/GIRAFE/daily/2002/09/PREdm20020909000000120IMPGS01GL.nc
Processing ../../../datasets/GIRAFE/daily/2002/09/PREdm20020910000000120IMPGS01GL.nc
Processing ../../../datasets/GIRAFE/daily/2002/09/PREdm20020911000000120IMPGS01GL.nc
Processing ../../../datasets/GIRAFE/daily/2002/09/PREdm20020912000000120IMPGS01GL.nc
Processing ../../../datasets/GIRAFE/daily/2002/09/PREdm20020913000000120IMPGS01GL.nc
Processing ../../../datasets/GIRAFE/daily/2002/09/PREdm20020914000000120IMPGS01GL.nc
Processing ../../../datasets/GIRAFE/daily/2002/09/PREdm20020915000000120IMPGS01GL.nc
Processing ../../../datasets/GIRAFE/daily/2002/09/PREdm20020916000000120IMPGS01GL.nc
Processing ../../../datasets/GIRAFE/daily/2002/09/PREdm20020917000000120IMPGS01GL.nc
Processing ../../../datasets/GIRAFE/daily/2002/09/PREdm20020918000000120IMPGS01GL.nc
Processing ../../../datasets/GIRAFE/daily/2002/09/PREdm20020919000000120IMPGS01GL.nc
Processing ../../../datasets/GIRAFE/daily/2002/09/PREdm20020920000000120IMPGS01GL.nc
Processing ../../../datasets/GIRAFE/daily/2002/09/PREdm20020921000000120IMPGS01GL.nc
Processing ../../../datasets/GIRAFE/daily/2002/09/PREdm20020922000000120IMPGS01GL.nc
Processing ../../../datasets/GIRAFE/daily/2002/09/PREdm20020923000000120IMPGS01GL.nc
Processing ../../../datasets/GIRAFE/daily/2002/09/PREdm20020924000000120IMPGS01GL.nc
Processing ../../../datasets/GIRAFE/daily/2002/09/PREdm20020925000000120IMPGS01GL.nc
Processing ../../../datasets/GIRAFE/daily/2002/09/PREdm20020926000000120IMPGS01GL.nc
Processing ../../../datasets/GIRAFE/daily/2002/09/PREdm20020927000000120IMPGS01GL.nc
Processing ../../../datasets/GIRAFE/daily/2002/09/PREdm20020928000000120IMPGS01GL.nc
Processing ../../../datasets/GIRAFE/daily/2002/09/PREdm20020929000000120IMPGS01GL.nc
Processing ../../../datasets/GIRAFE/daily/2002/09/PREdm20020930000000120IMPGS01GL.nc
Processing ../../../datasets/GIRAFE/daily/2002/10/PREdm20021001000000120IMPGS01GL.nc
Processing ../../../datasets/GIRAFE/daily/2002/10/PREdm20021002000000120IMPGS01GL.nc
Processing ../../../datasets/GIRAFE/daily/2002/10/PREdm20021003000000120IMPGS01GL.nc
Processing ../../../datasets/GIRAFE/daily/2002/10/PREdm20021004000000120IMPGS01GL.nc
Processing ../../../datasets/GIRAFE/daily/2002/10/PREdm20021005000000120IMPGS01GL.nc
Processing ../../../datasets/GIRAFE/daily/2002/10/PREdm20021006000000120IMPGS01GL.nc
Processing ../../../datasets/GIRAFE/daily/2002/10/PREdm20021007000000120IMPGS01GL.nc
Processing ../../../datasets/GIRAFE/daily/2002/10/PREdm20021008000000120IMPGS01GL.nc
Processing ../../../datasets/GIRAFE/daily/2002/10/PREdm20021009000000120IMPGS01GL.nc
Processing ../../../datasets/GIRAFE/daily/2002/10/PREdm20021010000000120IMPGS01GL.nc
Processing ../../../datasets/GIRAFE/daily/2002/10/PREdm20021011000000120IMPGS01GL.nc
Processing ../../../datasets/GIRAFE/daily/2002/10/PREdm20021012000000120IMPGS01GL.nc
Processing ../../../datasets/GIRAFE/daily/2002/10/PREdm20021013000000120IMPGS01GL.nc
Processing ../../../datasets/GIRAFE/daily/2002/10/PREdm20021014000000120IMPGS01GL.nc
Processing ../../../datasets/GIRAFE/daily/2002/10/PREdm20021015000000120IMPGS01GL.nc
Processing ../../../datasets/GIRAFE/daily/2002/10/PREdm20021016000000120IMPGS01GL.nc
Processing ../../../datasets/GIRAFE/daily/2002/10/PREdm20021017000000120IMPGS01GL.nc
Processing ../../../datasets/GIRAFE/daily/2002/10/PREdm20021018000000120IMPGS01GL.nc
Processing ../../../datasets/GIRAFE/daily/2002/10/PREdm20021019000000120IMPGS01GL.nc
Processing ../../../datasets/GIRAFE/daily/2002/10/PREdm20021020000000120IMPGS01GL.nc
Processing ../../../datasets/GIRAFE/daily/2002/10/PREdm20021021000000120IMPGS01GL.nc
Processing ../../../datasets/GIRAFE/daily/2002/10/PREdm20021022000000120IMPGS01GL.nc
Processing ../../../datasets/GIRAFE/daily/2002/10/PREdm20021023000000120IMPGS01GL.nc
Processing ../../../datasets/GIRAFE/daily/2002/10/PREdm20021024000000120IMPGS01GL.nc
Processing ../../../datasets/GIRAFE/daily/2002/10/PREdm20021025000000120IMPGS01GL.nc
Processing ../../../datasets/GIRAFE/daily/2002/10/PREdm20021026000000120IMPGS01GL.nc
Processing ../../../datasets/GIRAFE/daily/2002/10/PREdm20021027000000120IMPGS01GL.nc
Processing ../../../datasets/GIRAFE/daily/2002/10/PREdm20021028000000120IMPGS01GL.nc
Processing ../../../datasets/GIRAFE/daily/2002/10/PREdm20021029000000120IMPGS01GL.nc
Processing ../../../datasets/GIRAFE/daily/2002/10/PREdm20021030000000120IMPGS01GL.nc
Processing ../../../datasets/GIRAFE/daily/2002/10/PREdm20021031000000120IMPGS01GL.nc
Processing ../../../datasets/GIRAFE/daily/2002/11/PREdm20021101000000120IMPGS01GL.nc
Processing ../../../datasets/GIRAFE/daily/2002/11/PREdm20021102000000120IMPGS01GL.nc
Processing ../../../datasets/GIRAFE/daily/2002/11/PREdm20021103000000120IMPGS01GL.nc
Processing ../../../datasets/GIRAFE/daily/2002/11/PREdm20021104000000120IMPGS01GL.nc
Processing ../../../datasets/GIRAFE/daily/2002/11/PREdm20021105000000120IMPGS01GL.nc
Processing ../../../datasets/GIRAFE/daily/2002/11/PREdm20021106000000120IMPGS01GL.nc
Processing ../../../datasets/GIRAFE/daily/2002/11/PREdm20021107000000120IMPGS01GL.nc
Processing ../../../datasets/GIRAFE/daily/2002/11/PREdm20021108000000120IMPGS01GL.nc
Processing ../../../datasets/GIRAFE/daily/2002/11/PREdm20021109000000120IMPGS01GL.nc
Processing ../../../datasets/GIRAFE/daily/2002/11/PREdm20021110000000120IMPGS01GL.nc
Processing ../../../datasets/GIRAFE/daily/2002/11/PREdm20021111000000120IMPGS01GL.nc
Processing ../../../datasets/GIRAFE/daily/2002/11/PREdm20021112000000120IMPGS01GL.nc
Processing ../../../datasets/GIRAFE/daily/2002/11/PREdm20021113000000120IMPGS01GL.nc
Processing ../../../datasets/GIRAFE/daily/2002/11/PREdm20021114000000120IMPGS01GL.nc
Processing ../../../datasets/GIRAFE/daily/2002/11/PREdm20021115000000120IMPGS01GL.nc
Processing ../../../datasets/GIRAFE/daily/2002/11/PREdm20021116000000120IMPGS01GL.nc
Processing ../../../datasets/GIRAFE/daily/2002/11/PREdm20021117000000120IMPGS01GL.nc
Processing ../../../datasets/GIRAFE/daily/2002/11/PREdm20021118000000120IMPGS01GL.nc
Processing ../../../datasets/GIRAFE/daily/2002/11/PREdm20021119000000120IMPGS01GL.nc
Processing ../../../datasets/GIRAFE/daily/2002/11/PREdm20021120000000120IMPGS01GL.nc
Processing ../../../datasets/GIRAFE/daily/2002/11/PREdm20021121000000120IMPGS01GL.nc
Processing ../../../datasets/GIRAFE/daily/2002/11/PREdm20021122000000120IMPGS01GL.nc
Processing ../../../datasets/GIRAFE/daily/2002/11/PREdm20021123000000120IMPGS01GL.nc
Processing ../../../datasets/GIRAFE/daily/2002/11/PREdm20021124000000120IMPGS01GL.nc
Processing ../../../datasets/GIRAFE/daily/2002/11/PREdm20021125000000120IMPGS01GL.nc
Processing ../../../datasets/GIRAFE/daily/2002/11/PREdm20021126000000120IMPGS01GL.nc
Processing ../../../datasets/GIRAFE/daily/2002/11/PREdm20021127000000120IMPGS01GL.nc
Processing ../../../datasets/GIRAFE/daily/2002/11/PREdm20021128000000120IMPGS01GL.nc
Processing ../../../datasets/GIRAFE/daily/2002/11/PREdm20021129000000120IMPGS01GL.nc
Processing ../../../datasets/GIRAFE/daily/2002/11/PREdm20021130000000120IMPGS01GL.nc
Processing ../../../datasets/GIRAFE/daily/2002/12/PREdm20021201000000120IMPGS01GL.nc
Processing ../../../datasets/GIRAFE/daily/2002/12/PREdm20021202000000120IMPGS01GL.nc
Processing ../../../datasets/GIRAFE/daily/2002/12/PREdm20021203000000120IMPGS01GL.nc
Processing ../../../datasets/GIRAFE/daily/2002/12/PREdm20021204000000120IMPGS01GL.nc
Processing ../../../datasets/GIRAFE/daily/2002/12/PREdm20021205000000120IMPGS01GL.nc
Processing ../../../datasets/GIRAFE/daily/2002/12/PREdm20021206000000120IMPGS01GL.nc
Processing ../../../datasets/GIRAFE/daily/2002/12/PREdm20021207000000120IMPGS01GL.nc
Processing ../../../datasets/GIRAFE/daily/2002/12/PREdm20021208000000120IMPGS01GL.nc
Processing ../../../datasets/GIRAFE/daily/2002/12/PREdm20021209000000120IMPGS01GL.nc
Processing ../../../datasets/GIRAFE/daily/2002/12/PREdm20021210000000120IMPGS01GL.nc
Processing ../../../datasets/GIRAFE/daily/2002/12/PREdm20021211000000120IMPGS01GL.nc
Processing ../../../datasets/GIRAFE/daily/2002/12/PREdm20021212000000120IMPGS01GL.nc
Processing ../../../datasets/GIRAFE/daily/2002/12/PREdm20021213000000120IMPGS01GL.nc
Processing ../../../datasets/GIRAFE/daily/2002/12/PREdm20021214000000120IMPGS01GL.nc
Processing ../../../datasets/GIRAFE/daily/2002/12/PREdm20021215000000120IMPGS01GL.nc
Processing ../../../datasets/GIRAFE/daily/2002/12/PREdm20021216000000120IMPGS01GL.nc
Processing ../../../datasets/GIRAFE/daily/2002/12/PREdm20021217000000120IMPGS01GL.nc
Processing ../../../datasets/GIRAFE/daily/2002/12/PREdm20021218000000120IMPGS01GL.nc
Processing ../../../datasets/GIRAFE/daily/2002/12/PREdm20021219000000120IMPGS01GL.nc
Processing ../../../datasets/GIRAFE/daily/2002/12/PREdm20021220000000120IMPGS01GL.nc
Processing ../../../datasets/GIRAFE/daily/2002/12/PREdm20021221000000120IMPGS01GL.nc
Processing ../../../datasets/GIRAFE/daily/2002/12/PREdm20021222000000120IMPGS01GL.nc
Processing ../../../datasets/GIRAFE/daily/2002/12/PREdm20021223000000120IMPGS01GL.nc
Processing ../../../datasets/GIRAFE/daily/2002/12/PREdm20021224000000120IMPGS01GL.nc
Processing ../../../datasets/GIRAFE/daily/2002/12/PREdm20021225000000120IMPGS01GL.nc
Processing ../../../datasets/GIRAFE/daily/2002/12/PREdm20021226000000120IMPGS01GL.nc
Processing ../../../datasets/GIRAFE/daily/2002/12/PREdm20021227000000120IMPGS01GL.nc
Processing ../../../datasets/GIRAFE/daily/2002/12/PREdm20021228000000120IMPGS01GL.nc
Processing ../../../datasets/GIRAFE/daily/2002/12/PREdm20021229000000120IMPGS01GL.nc
Processing ../../../datasets/GIRAFE/daily/2002/12/PREdm20021230000000120IMPGS01GL.nc
Processing ../../../datasets/GIRAFE/daily/2002/12/PREdm20021231000000120IMPGS01GL.nc
Processing ../../../datasets/GIRAFE/daily/2003/01/PREdm20030101000000120IMPGS01GL.nc
Processing ../../../datasets/GIRAFE/daily/2003/01/PREdm20030102000000120IMPGS01GL.nc
Processing ../../../datasets/GIRAFE/daily/2003/01/PREdm20030103000000120IMPGS01GL.nc
Processing ../../../datasets/GIRAFE/daily/2003/01/PREdm20030104000000120IMPGS01GL.nc
Processing ../../../datasets/GIRAFE/daily/2003/01/PREdm20030105000000120IMPGS01GL.nc
Processing ../../../datasets/GIRAFE/daily/2003/01/PREdm20030106000000120IMPGS01GL.nc
Processing ../../../datasets/GIRAFE/daily/2003/01/PREdm20030107000000120IMPGS01GL.nc
Processing ../../../datasets/GIRAFE/daily/2003/01/PREdm20030108000000120IMPGS01GL.nc
Processing ../../../datasets/GIRAFE/daily/2003/01/PREdm20030109000000120IMPGS01GL.nc
Processing ../../../datasets/GIRAFE/daily/2003/01/PREdm20030110000000120IMPGS01GL.nc
Processing ../../../datasets/GIRAFE/daily/2003/01/PREdm20030111000000120IMPGS01GL.nc
Processing ../../../datasets/GIRAFE/daily/2003/01/PREdm20030112000000120IMPGS01GL.nc
Processing ../../../datasets/GIRAFE/daily/2003/01/PREdm20030113000000120IMPGS01GL.nc
Processing ../../../datasets/GIRAFE/daily/2003/01/PREdm20030114000000120IMPGS01GL.nc
Processing ../../../datasets/GIRAFE/daily/2003/01/PREdm20030115000000120IMPGS01GL.nc
Processing ../../../datasets/GIRAFE/daily/2003/01/PREdm20030116000000120IMPGS01GL.nc
Processing ../../../datasets/GIRAFE/daily/2003/01/PREdm20030117000000120IMPGS01GL.nc
Processing ../../../datasets/GIRAFE/daily/2003/01/PREdm20030118000000120IMPGS01GL.nc
Processing ../../../datasets/GIRAFE/daily/2003/01/PREdm20030119000000120IMPGS01GL.nc
Processing ../../../datasets/GIRAFE/daily/2003/01/PREdm20030120000000120IMPGS01GL.nc
Processing ../../../datasets/GIRAFE/daily/2003/01/PREdm20030121000000120IMPGS01GL.nc
Processing ../../../datasets/GIRAFE/daily/2003/01/PREdm20030122000000120IMPGS01GL.nc
Processing ../../../datasets/GIRAFE/daily/2003/01/PREdm20030123000000120IMPGS01GL.nc
Processing ../../../datasets/GIRAFE/daily/2003/01/PREdm20030124000000120IMPGS01GL.nc
Processing ../../../datasets/GIRAFE/daily/2003/01/PREdm20030125000000120IMPGS01GL.nc
Processing ../../../datasets/GIRAFE/daily/2003/01/PREdm20030126000000120IMPGS01GL.nc
Processing ../../../datasets/GIRAFE/daily/2003/01/PREdm20030127000000120IMPGS01GL.nc
Processing ../../../datasets/GIRAFE/daily/2003/01/PREdm20030128000000120IMPGS01GL.nc
Processing ../../../datasets/GIRAFE/daily/2003/01/PREdm20030129000000120IMPGS01GL.nc
Processing ../../../datasets/GIRAFE/daily/2003/01/PREdm20030130000000120IMPGS01GL.nc
Processing ../../../datasets/GIRAFE/daily/2003/01/PREdm20030131000000120IMPGS01GL.nc
Processing ../../../datasets/GIRAFE/daily/2003/02/PREdm20030201000000120IMPGS01GL.nc
Processing ../../../datasets/GIRAFE/daily/2003/02/PREdm20030202000000120IMPGS01GL.nc
Processing ../../../datasets/GIRAFE/daily/2003/02/PREdm20030203000000120IMPGS01GL.nc
Processing ../../../datasets/GIRAFE/daily/2003/02/PREdm20030204000000120IMPGS01GL.nc
Processing ../../../datasets/GIRAFE/daily/2003/02/PREdm20030205000000120IMPGS01GL.nc
Processing ../../../datasets/GIRAFE/daily/2003/02/PREdm20030206000000120IMPGS01GL.nc
Processing ../../../datasets/GIRAFE/daily/2003/02/PREdm20030207000000120IMPGS01GL.nc
Processing ../../../datasets/GIRAFE/daily/2003/02/PREdm20030208000000120IMPGS01GL.nc
Processing ../../../datasets/GIRAFE/daily/2003/02/PREdm20030209000000120IMPGS01GL.nc
Processing ../../../datasets/GIRAFE/daily/2003/02/PREdm20030210000000120IMPGS01GL.nc
Processing ../../../datasets/GIRAFE/daily/2003/02/PREdm20030211000000120IMPGS01GL.nc
Processing ../../../datasets/GIRAFE/daily/2003/02/PREdm20030212000000120IMPGS01GL.nc
Processing ../../../datasets/GIRAFE/daily/2003/02/PREdm20030213000000120IMPGS01GL.nc
Processing ../../../datasets/GIRAFE/daily/2003/02/PREdm20030214000000120IMPGS01GL.nc
Processing ../../../datasets/GIRAFE/daily/2003/02/PREdm20030215000000120IMPGS01GL.nc
Processing ../../../datasets/GIRAFE/daily/2003/02/PREdm20030216000000120IMPGS01GL.nc
Processing ../../../datasets/GIRAFE/daily/2003/02/PREdm20030217000000120IMPGS01GL.nc
Processing ../../../datasets/GIRAFE/daily/2003/02/PREdm20030218000000120IMPGS01GL.nc
Processing ../../../datasets/GIRAFE/daily/2003/02/PREdm20030219000000120IMPGS01GL.nc
Processing ../../../datasets/GIRAFE/daily/2003/02/PREdm20030220000000120IMPGS01GL.nc
Processing ../../../datasets/GIRAFE/daily/2003/02/PREdm20030221000000120IMPGS01GL.nc
Processing ../../../datasets/GIRAFE/daily/2003/02/PREdm20030222000000120IMPGS01GL.nc
Processing ../../../datasets/GIRAFE/daily/2003/02/PREdm20030223000000120IMPGS01GL.nc
Processing ../../../datasets/GIRAFE/daily/2003/02/PREdm20030224000000120IMPGS01GL.nc
Processing ../../../datasets/GIRAFE/daily/2003/02/PREdm20030225000000120IMPGS01GL.nc
Processing ../../../datasets/GIRAFE/daily/2003/02/PREdm20030226000000120IMPGS01GL.nc
Processing ../../../datasets/GIRAFE/daily/2003/02/PREdm20030227000000120IMPGS01GL.nc
Processing ../../../datasets/GIRAFE/daily/2003/02/PREdm20030228000000120IMPGS01GL.nc
Processing ../../../datasets/GIRAFE/daily/2003/03/PREdm20030301000000120IMPGS01GL.nc
Processing ../../../datasets/GIRAFE/daily/2003/03/PREdm20030302000000120IMPGS01GL.nc
Processing ../../../datasets/GIRAFE/daily/2003/03/PREdm20030303000000120IMPGS01GL.nc
Processing ../../../datasets/GIRAFE/daily/2003/03/PREdm20030304000000120IMPGS01GL.nc
Processing ../../../datasets/GIRAFE/daily/2003/03/PREdm20030305000000120IMPGS01GL.nc
Processing ../../../datasets/GIRAFE/daily/2003/03/PREdm20030306000000120IMPGS01GL.nc
Processing ../../../datasets/GIRAFE/daily/2003/03/PREdm20030307000000120IMPGS01GL.nc
Processing ../../../datasets/GIRAFE/daily/2003/03/PREdm20030308000000120IMPGS01GL.nc
Processing ../../../datasets/GIRAFE/daily/2003/03/PREdm20030309000000120IMPGS01GL.nc
Processing ../../../datasets/GIRAFE/daily/2003/03/PREdm20030310000000120IMPGS01GL.nc
Processing ../../../datasets/GIRAFE/daily/2003/03/PREdm20030311000000120IMPGS01GL.nc
Processing ../../../datasets/GIRAFE/daily/2003/03/PREdm20030312000000120IMPGS01GL.nc
Processing ../../../datasets/GIRAFE/daily/2003/03/PREdm20030313000000120IMPGS01GL.nc
Processing ../../../datasets/GIRAFE/daily/2003/03/PREdm20030314000000120IMPGS01GL.nc
Processing ../../../datasets/GIRAFE/daily/2003/03/PREdm20030315000000120IMPGS01GL.nc
Processing ../../../datasets/GIRAFE/daily/2003/03/PREdm20030316000000120IMPGS01GL.nc
Processing ../../../datasets/GIRAFE/daily/2003/03/PREdm20030317000000120IMPGS01GL.nc
Processing ../../../datasets/GIRAFE/daily/2003/03/PREdm20030318000000120IMPGS01GL.nc
Processing ../../../datasets/GIRAFE/daily/2003/03/PREdm20030319000000120IMPGS01GL.nc
Processing ../../../datasets/GIRAFE/daily/2003/03/PREdm20030320000000120IMPGS01GL.nc
Processing ../../../datasets/GIRAFE/daily/2003/03/PREdm20030321000000120IMPGS01GL.nc
Processing ../../../datasets/GIRAFE/daily/2003/03/PREdm20030322000000120IMPGS01GL.nc
Processing ../../../datasets/GIRAFE/daily/2003/03/PREdm20030323000000120IMPGS01GL.nc
Processing ../../../datasets/GIRAFE/daily/2003/03/PREdm20030324000000120IMPGS01GL.nc
Processing ../../../datasets/GIRAFE/daily/2003/03/PREdm20030325000000120IMPGS01GL.nc
Processing ../../../datasets/GIRAFE/daily/2003/03/PREdm20030326000000120IMPGS01GL.nc
Processing ../../../datasets/GIRAFE/daily/2003/03/PREdm20030327000000120IMPGS01GL.nc
Processing ../../../datasets/GIRAFE/daily/2003/03/PREdm20030328000000120IMPGS01GL.nc
Processing ../../../datasets/GIRAFE/daily/2003/03/PREdm20030329000000120IMPGS01GL.nc
Processing ../../../datasets/GIRAFE/daily/2003/03/PREdm20030330000000120IMPGS01GL.nc
Processing ../../../datasets/GIRAFE/daily/2003/03/PREdm20030331000000120IMPGS01GL.nc
Processing ../../../datasets/GIRAFE/daily/2003/04/PREdm20030401000000120IMPGS01GL.nc
Processing ../../../datasets/GIRAFE/daily/2003/04/PREdm20030402000000120IMPGS01GL.nc
Processing ../../../datasets/GIRAFE/daily/2003/04/PREdm20030403000000120IMPGS01GL.nc
Processing ../../../datasets/GIRAFE/daily/2003/04/PREdm20030404000000120IMPGS01GL.nc
Processing ../../../datasets/GIRAFE/daily/2003/04/PREdm20030405000000120IMPGS01GL.nc
Processing ../../../datasets/GIRAFE/daily/2003/04/PREdm20030406000000120IMPGS01GL.nc
Processing ../../../datasets/GIRAFE/daily/2003/04/PREdm20030407000000120IMPGS01GL.nc
Processing ../../../datasets/GIRAFE/daily/2003/04/PREdm20030408000000120IMPGS01GL.nc
Processing ../../../datasets/GIRAFE/daily/2003/04/PREdm20030409000000120IMPGS01GL.nc
Processing ../../../datasets/GIRAFE/daily/2003/04/PREdm20030410000000120IMPGS01GL.nc
Processing ../../../datasets/GIRAFE/daily/2003/04/PREdm20030411000000120IMPGS01GL.nc
Processing ../../../datasets/GIRAFE/daily/2003/04/PREdm20030412000000120IMPGS01GL.nc
Processing ../../../datasets/GIRAFE/daily/2003/04/PREdm20030413000000120IMPGS01GL.nc
Processing ../../../datasets/GIRAFE/daily/2003/04/PREdm20030414000000120IMPGS01GL.nc
Processing ../../../datasets/GIRAFE/daily/2003/04/PREdm20030415000000120IMPGS01GL.nc
Processing ../../../datasets/GIRAFE/daily/2003/04/PREdm20030416000000120IMPGS01GL.nc
Processing ../../../datasets/GIRAFE/daily/2003/04/PREdm20030417000000120IMPGS01GL.nc
Processing ../../../datasets/GIRAFE/daily/2003/04/PREdm20030418000000120IMPGS01GL.nc
Processing ../../../datasets/GIRAFE/daily/2003/04/PREdm20030419000000120IMPGS01GL.nc
Processing ../../../datasets/GIRAFE/daily/2003/04/PREdm20030420000000120IMPGS01GL.nc
Processing ../../../datasets/GIRAFE/daily/2003/04/PREdm20030421000000120IMPGS01GL.nc
Processing ../../../datasets/GIRAFE/daily/2003/04/PREdm20030422000000120IMPGS01GL.nc
Processing ../../../datasets/GIRAFE/daily/2003/04/PREdm20030423000000120IMPGS01GL.nc
Processing ../../../datasets/GIRAFE/daily/2003/04/PREdm20030424000000120IMPGS01GL.nc
Processing ../../../datasets/GIRAFE/daily/2003/04/PREdm20030425000000120IMPGS01GL.nc
Processing ../../../datasets/GIRAFE/daily/2003/04/PREdm20030426000000120IMPGS01GL.nc
Processing ../../../datasets/GIRAFE/daily/2003/04/PREdm20030427000000120IMPGS01GL.nc
Processing ../../../datasets/GIRAFE/daily/2003/04/PREdm20030428000000120IMPGS01GL.nc
Processing ../../../datasets/GIRAFE/daily/2003/04/PREdm20030429000000120IMPGS01GL.nc
Processing ../../../datasets/GIRAFE/daily/2003/04/PREdm20030430000000120IMPGS01GL.nc
Processing ../../../datasets/GIRAFE/daily/2003/05/PREdm20030501000000120IMPGS01GL.nc
Processing ../../../datasets/GIRAFE/daily/2003/05/PREdm20030502000000120IMPGS01GL.nc
Processing ../../../datasets/GIRAFE/daily/2003/05/PREdm20030503000000120IMPGS01GL.nc
Processing ../../../datasets/GIRAFE/daily/2003/05/PREdm20030504000000120IMPGS01GL.nc
Processing ../../../datasets/GIRAFE/daily/2003/05/PREdm20030505000000120IMPGS01GL.nc
Processing ../../../datasets/GIRAFE/daily/2003/05/PREdm20030506000000120IMPGS01GL.nc
Processing ../../../datasets/GIRAFE/daily/2003/05/PREdm20030507000000120IMPGS01GL.nc
Processing ../../../datasets/GIRAFE/daily/2003/05/PREdm20030508000000120IMPGS01GL.nc
Processing ../../../datasets/GIRAFE/daily/2003/05/PREdm20030509000000120IMPGS01GL.nc
Processing ../../../datasets/GIRAFE/daily/2003/05/PREdm20030510000000120IMPGS01GL.nc
Processing ../../../datasets/GIRAFE/daily/2003/05/PREdm20030511000000120IMPGS01GL.nc
Processing ../../../datasets/GIRAFE/daily/2003/05/PREdm20030512000000120IMPGS01GL.nc
Processing ../../../datasets/GIRAFE/daily/2003/05/PREdm20030513000000120IMPGS01GL.nc
Processing ../../../datasets/GIRAFE/daily/2003/05/PREdm20030514000000120IMPGS01GL.nc
Processing ../../../datasets/GIRAFE/daily/2003/05/PREdm20030515000000120IMPGS01GL.nc
Processing ../../../datasets/GIRAFE/daily/2003/05/PREdm20030516000000120IMPGS01GL.nc
Processing ../../../datasets/GIRAFE/daily/2003/05/PREdm20030517000000120IMPGS01GL.nc
Processing ../../../datasets/GIRAFE/daily/2003/05/PREdm20030518000000120IMPGS01GL.nc
Processing ../../../datasets/GIRAFE/daily/2003/05/PREdm20030519000000120IMPGS01GL.nc
Processing ../../../datasets/GIRAFE/daily/2003/05/PREdm20030520000000120IMPGS01GL.nc
Processing ../../../datasets/GIRAFE/daily/2003/05/PREdm20030521000000120IMPGS01GL.nc
Processing ../../../datasets/GIRAFE/daily/2003/05/PREdm20030522000000120IMPGS01GL.nc
Processing ../../../datasets/GIRAFE/daily/2003/05/PREdm20030523000000120IMPGS01GL.nc
Processing ../../../datasets/GIRAFE/daily/2003/05/PREdm20030524000000120IMPGS01GL.nc
Processing ../../../datasets/GIRAFE/daily/2003/05/PREdm20030525000000120IMPGS01GL.nc
Processing ../../../datasets/GIRAFE/daily/2003/05/PREdm20030526000000120IMPGS01GL.nc
Processing ../../../datasets/GIRAFE/daily/2003/05/PREdm20030527000000120IMPGS01GL.nc
Processing ../../../datasets/GIRAFE/daily/2003/05/PREdm20030528000000120IMPGS01GL.nc
Processing ../../../datasets/GIRAFE/daily/2003/05/PREdm20030529000000120IMPGS01GL.nc
Processing ../../../datasets/GIRAFE/daily/2003/05/PREdm20030530000000120IMPGS01GL.nc
Processing ../../../datasets/GIRAFE/daily/2003/05/PREdm20030531000000120IMPGS01GL.nc
Processing ../../../datasets/GIRAFE/daily/2003/06/PREdm20030601000000120IMPGS01GL.nc
Processing ../../../datasets/GIRAFE/daily/2003/06/PREdm20030602000000120IMPGS01GL.nc
Processing ../../../datasets/GIRAFE/daily/2003/06/PREdm20030603000000120IMPGS01GL.nc
Processing ../../../datasets/GIRAFE/daily/2003/06/PREdm20030604000000120IMPGS01GL.nc
Processing ../../../datasets/GIRAFE/daily/2003/06/PREdm20030605000000120IMPGS01GL.nc
Processing ../../../datasets/GIRAFE/daily/2003/06/PREdm20030606000000120IMPGS01GL.nc
Processing ../../../datasets/GIRAFE/daily/2003/06/PREdm20030607000000120IMPGS01GL.nc
Processing ../../../datasets/GIRAFE/daily/2003/06/PREdm20030608000000120IMPGS01GL.nc
Processing ../../../datasets/GIRAFE/daily/2003/06/PREdm20030609000000120IMPGS01GL.nc
Processing ../../../datasets/GIRAFE/daily/2003/06/PREdm20030610000000120IMPGS01GL.nc
Processing ../../../datasets/GIRAFE/daily/2003/06/PREdm20030611000000120IMPGS01GL.nc
Processing ../../../datasets/GIRAFE/daily/2003/06/PREdm20030612000000120IMPGS01GL.nc
Processing ../../../datasets/GIRAFE/daily/2003/06/PREdm20030613000000120IMPGS01GL.nc
Processing ../../../datasets/GIRAFE/daily/2003/06/PREdm20030614000000120IMPGS01GL.nc
Processing ../../../datasets/GIRAFE/daily/2003/06/PREdm20030615000000120IMPGS01GL.nc
Processing ../../../datasets/GIRAFE/daily/2003/06/PREdm20030616000000120IMPGS01GL.nc
Processing ../../../datasets/GIRAFE/daily/2003/06/PREdm20030617000000120IMPGS01GL.nc
Processing ../../../datasets/GIRAFE/daily/2003/06/PREdm20030618000000120IMPGS01GL.nc
Processing ../../../datasets/GIRAFE/daily/2003/06/PREdm20030619000000120IMPGS01GL.nc
Processing ../../../datasets/GIRAFE/daily/2003/06/PREdm20030620000000120IMPGS01GL.nc
Processing ../../../datasets/GIRAFE/daily/2003/06/PREdm20030621000000120IMPGS01GL.nc
Processing ../../../datasets/GIRAFE/daily/2003/06/PREdm20030622000000120IMPGS01GL.nc
Processing ../../../datasets/GIRAFE/daily/2003/06/PREdm20030623000000120IMPGS01GL.nc
Processing ../../../datasets/GIRAFE/daily/2003/06/PREdm20030624000000120IMPGS01GL.nc
Processing ../../../datasets/GIRAFE/daily/2003/06/PREdm20030625000000120IMPGS01GL.nc
Processing ../../../datasets/GIRAFE/daily/2003/06/PREdm20030626000000120IMPGS01GL.nc
Processing ../../../datasets/GIRAFE/daily/2003/06/PREdm20030627000000120IMPGS01GL.nc
Processing ../../../datasets/GIRAFE/daily/2003/06/PREdm20030628000000120IMPGS01GL.nc
Processing ../../../datasets/GIRAFE/daily/2003/06/PREdm20030629000000120IMPGS01GL.nc
Processing ../../../datasets/GIRAFE/daily/2003/06/PREdm20030630000000120IMPGS01GL.nc
Processing ../../../datasets/GIRAFE/daily/2003/07/PREdm20030701000000120IMPGS01GL.nc
Processing ../../../datasets/GIRAFE/daily/2003/07/PREdm20030702000000120IMPGS01GL.nc
Processing ../../../datasets/GIRAFE/daily/2003/07/PREdm20030703000000120IMPGS01GL.nc
Processing ../../../datasets/GIRAFE/daily/2003/07/PREdm20030704000000120IMPGS01GL.nc
Processing ../../../datasets/GIRAFE/daily/2003/07/PREdm20030705000000120IMPGS01GL.nc
Processing ../../../datasets/GIRAFE/daily/2003/07/PREdm20030706000000120IMPGS01GL.nc
Processing ../../../datasets/GIRAFE/daily/2003/07/PREdm20030707000000120IMPGS01GL.nc
Processing ../../../datasets/GIRAFE/daily/2003/07/PREdm20030708000000120IMPGS01GL.nc
Processing ../../../datasets/GIRAFE/daily/2003/07/PREdm20030709000000120IMPGS01GL.nc
Processing ../../../datasets/GIRAFE/daily/2003/07/PREdm20030710000000120IMPGS01GL.nc
Processing ../../../datasets/GIRAFE/daily/2003/07/PREdm20030711000000120IMPGS01GL.nc
Processing ../../../datasets/GIRAFE/daily/2003/07/PREdm20030712000000120IMPGS01GL.nc
Processing ../../../datasets/GIRAFE/daily/2003/07/PREdm20030713000000120IMPGS01GL.nc
Processing ../../../datasets/GIRAFE/daily/2003/07/PREdm20030714000000120IMPGS01GL.nc
Processing ../../../datasets/GIRAFE/daily/2003/07/PREdm20030715000000120IMPGS01GL.nc
Processing ../../../datasets/GIRAFE/daily/2003/07/PREdm20030716000000120IMPGS01GL.nc
Processing ../../../datasets/GIRAFE/daily/2003/07/PREdm20030717000000120IMPGS01GL.nc
Processing ../../../datasets/GIRAFE/daily/2003/07/PREdm20030718000000120IMPGS01GL.nc
Processing ../../../datasets/GIRAFE/daily/2003/07/PREdm20030719000000120IMPGS01GL.nc
Processing ../../../datasets/GIRAFE/daily/2003/07/PREdm20030720000000120IMPGS01GL.nc
Processing ../../../datasets/GIRAFE/daily/2003/07/PREdm20030721000000120IMPGS01GL.nc
Processing ../../../datasets/GIRAFE/daily/2003/07/PREdm20030722000000120IMPGS01GL.nc
Processing ../../../datasets/GIRAFE/daily/2003/07/PREdm20030723000000120IMPGS01GL.nc
Processing ../../../datasets/GIRAFE/daily/2003/07/PREdm20030724000000120IMPGS01GL.nc
Processing ../../../datasets/GIRAFE/daily/2003/07/PREdm20030725000000120IMPGS01GL.nc
Processing ../../../datasets/GIRAFE/daily/2003/07/PREdm20030726000000120IMPGS01GL.nc
Processing ../../../datasets/GIRAFE/daily/2003/07/PREdm20030727000000120IMPGS01GL.nc
Processing ../../../datasets/GIRAFE/daily/2003/07/PREdm20030728000000120IMPGS01GL.nc
Processing ../../../datasets/GIRAFE/daily/2003/07/PREdm20030729000000120IMPGS01GL.nc
Processing ../../../datasets/GIRAFE/daily/2003/07/PREdm20030730000000120IMPGS01GL.nc
Processing ../../../datasets/GIRAFE/daily/2003/07/PREdm20030731000000120IMPGS01GL.nc
Processing ../../../datasets/GIRAFE/daily/2003/08/PREdm20030801000000120IMPGS01GL.nc
Processing ../../../datasets/GIRAFE/daily/2003/08/PREdm20030802000000120IMPGS01GL.nc
Processing ../../../datasets/GIRAFE/daily/2003/08/PREdm20030803000000120IMPGS01GL.nc
Processing ../../../datasets/GIRAFE/daily/2003/08/PREdm20030804000000120IMPGS01GL.nc
Processing ../../../datasets/GIRAFE/daily/2003/08/PREdm20030805000000120IMPGS01GL.nc
Processing ../../../datasets/GIRAFE/daily/2003/08/PREdm20030806000000120IMPGS01GL.nc
Processing ../../../datasets/GIRAFE/daily/2003/08/PREdm20030807000000120IMPGS01GL.nc
Processing ../../../datasets/GIRAFE/daily/2003/08/PREdm20030808000000120IMPGS01GL.nc
Processing ../../../datasets/GIRAFE/daily/2003/08/PREdm20030809000000120IMPGS01GL.nc
Processing ../../../datasets/GIRAFE/daily/2003/08/PREdm20030810000000120IMPGS01GL.nc
Processing ../../../datasets/GIRAFE/daily/2003/08/PREdm20030811000000120IMPGS01GL.nc
Processing ../../../datasets/GIRAFE/daily/2003/08/PREdm20030812000000120IMPGS01GL.nc
Processing ../../../datasets/GIRAFE/daily/2003/08/PREdm20030813000000120IMPGS01GL.nc
Processing ../../../datasets/GIRAFE/daily/2003/08/PREdm20030814000000120IMPGS01GL.nc
Processing ../../../datasets/GIRAFE/daily/2003/08/PREdm20030815000000120IMPGS01GL.nc
Processing ../../../datasets/GIRAFE/daily/2003/08/PREdm20030816000000120IMPGS01GL.nc
Processing ../../../datasets/GIRAFE/daily/2003/08/PREdm20030817000000120IMPGS01GL.nc
Processing ../../../datasets/GIRAFE/daily/2003/08/PREdm20030818000000120IMPGS01GL.nc
Processing ../../../datasets/GIRAFE/daily/2003/08/PREdm20030819000000120IMPGS01GL.nc
Processing ../../../datasets/GIRAFE/daily/2003/08/PREdm20030820000000120IMPGS01GL.nc
Processing ../../../datasets/GIRAFE/daily/2003/08/PREdm20030821000000120IMPGS01GL.nc
Processing ../../../datasets/GIRAFE/daily/2003/08/PREdm20030822000000120IMPGS01GL.nc
Processing ../../../datasets/GIRAFE/daily/2003/08/PREdm20030823000000120IMPGS01GL.nc
Processing ../../../datasets/GIRAFE/daily/2003/08/PREdm20030824000000120IMPGS01GL.nc
Processing ../../../datasets/GIRAFE/daily/2003/08/PREdm20030825000000120IMPGS01GL.nc
Processing ../../../datasets/GIRAFE/daily/2003/08/PREdm20030826000000120IMPGS01GL.nc
Processing ../../../datasets/GIRAFE/daily/2003/08/PREdm20030827000000120IMPGS01GL.nc
Processing ../../../datasets/GIRAFE/daily/2003/08/PREdm20030828000000120IMPGS01GL.nc
Processing ../../../datasets/GIRAFE/daily/2003/08/PREdm20030829000000120IMPGS01GL.nc
Processing ../../../datasets/GIRAFE/daily/2003/08/PREdm20030830000000120IMPGS01GL.nc
Processing ../../../datasets/GIRAFE/daily/2003/08/PREdm20030831000000120IMPGS01GL.nc
Processing ../../../datasets/GIRAFE/daily/2003/09/PREdm20030901000000120IMPGS01GL.nc
Processing ../../../datasets/GIRAFE/daily/2003/09/PREdm20030902000000120IMPGS01GL.nc
Processing ../../../datasets/GIRAFE/daily/2003/09/PREdm20030903000000120IMPGS01GL.nc
Processing ../../../datasets/GIRAFE/daily/2003/09/PREdm20030904000000120IMPGS01GL.nc
Processing ../../../datasets/GIRAFE/daily/2003/09/PREdm20030905000000120IMPGS01GL.nc
Processing ../../../datasets/GIRAFE/daily/2003/09/PREdm20030906000000120IMPGS01GL.nc
Processing ../../../datasets/GIRAFE/daily/2003/09/PREdm20030907000000120IMPGS01GL.nc
Processing ../../../datasets/GIRAFE/daily/2003/09/PREdm20030908000000120IMPGS01GL.nc
Processing ../../../datasets/GIRAFE/daily/2003/09/PREdm20030909000000120IMPGS01GL.nc
Processing ../../../datasets/GIRAFE/daily/2003/09/PREdm20030910000000120IMPGS01GL.nc
Processing ../../../datasets/GIRAFE/daily/2003/09/PREdm20030911000000120IMPGS01GL.nc
Processing ../../../datasets/GIRAFE/daily/2003/09/PREdm20030912000000120IMPGS01GL.nc
Processing ../../../datasets/GIRAFE/daily/2003/09/PREdm20030913000000120IMPGS01GL.nc
Processing ../../../datasets/GIRAFE/daily/2003/09/PREdm20030914000000120IMPGS01GL.nc
Processing ../../../datasets/GIRAFE/daily/2003/09/PREdm20030915000000120IMPGS01GL.nc
Processing ../../../datasets/GIRAFE/daily/2003/09/PREdm20030916000000120IMPGS01GL.nc
Processing ../../../datasets/GIRAFE/daily/2003/09/PREdm20030917000000120IMPGS01GL.nc
Processing ../../../datasets/GIRAFE/daily/2003/09/PREdm20030918000000120IMPGS01GL.nc
Processing ../../../datasets/GIRAFE/daily/2003/09/PREdm20030919000000120IMPGS01GL.nc
Processing ../../../datasets/GIRAFE/daily/2003/09/PREdm20030920000000120IMPGS01GL.nc
Processing ../../../datasets/GIRAFE/daily/2003/09/PREdm20030921000000120IMPGS01GL.nc
Processing ../../../datasets/GIRAFE/daily/2003/09/PREdm20030922000000120IMPGS01GL.nc
Processing ../../../datasets/GIRAFE/daily/2003/09/PREdm20030923000000120IMPGS01GL.nc
Processing ../../../datasets/GIRAFE/daily/2003/09/PREdm20030924000000120IMPGS01GL.nc
Processing ../../../datasets/GIRAFE/daily/2003/09/PREdm20030925000000120IMPGS01GL.nc
Processing ../../../datasets/GIRAFE/daily/2003/09/PREdm20030926000000120IMPGS01GL.nc
Processing ../../../datasets/GIRAFE/daily/2003/09/PREdm20030927000000120IMPGS01GL.nc
Processing ../../../datasets/GIRAFE/daily/2003/09/PREdm20030928000000120IMPGS01GL.nc
Processing ../../../datasets/GIRAFE/daily/2003/09/PREdm20030929000000120IMPGS01GL.nc
Processing ../../../datasets/GIRAFE/daily/2003/09/PREdm20030930000000120IMPGS01GL.nc
Processing ../../../datasets/GIRAFE/daily/2003/10/PREdm20031001000000120IMPGS01GL.nc
Processing ../../../datasets/GIRAFE/daily/2003/10/PREdm20031002000000120IMPGS01GL.nc
Processing ../../../datasets/GIRAFE/daily/2003/10/PREdm20031003000000120IMPGS01GL.nc
Processing ../../../datasets/GIRAFE/daily/2003/10/PREdm20031004000000120IMPGS01GL.nc
Processing ../../../datasets/GIRAFE/daily/2003/10/PREdm20031005000000120IMPGS01GL.nc
Processing ../../../datasets/GIRAFE/daily/2003/10/PREdm20031006000000120IMPGS01GL.nc
Processing ../../../datasets/GIRAFE/daily/2003/10/PREdm20031007000000120IMPGS01GL.nc
Processing ../../../datasets/GIRAFE/daily/2003/10/PREdm20031008000000120IMPGS01GL.nc
Processing ../../../datasets/GIRAFE/daily/2003/10/PREdm20031009000000120IMPGS01GL.nc
Processing ../../../datasets/GIRAFE/daily/2003/10/PREdm20031010000000120IMPGS01GL.nc
Processing ../../../datasets/GIRAFE/daily/2003/10/PREdm20031011000000120IMPGS01GL.nc
Processing ../../../datasets/GIRAFE/daily/2003/10/PREdm20031012000000120IMPGS01GL.nc
Processing ../../../datasets/GIRAFE/daily/2003/10/PREdm20031013000000120IMPGS01GL.nc
Processing ../../../datasets/GIRAFE/daily/2003/10/PREdm20031014000000120IMPGS01GL.nc
Processing ../../../datasets/GIRAFE/daily/2003/10/PREdm20031015000000120IMPGS01GL.nc
Processing ../../../datasets/GIRAFE/daily/2003/10/PREdm20031016000000120IMPGS01GL.nc
Processing ../../../datasets/GIRAFE/daily/2003/10/PREdm20031017000000120IMPGS01GL.nc
Processing ../../../datasets/GIRAFE/daily/2003/10/PREdm20031018000000120IMPGS01GL.nc
Processing ../../../datasets/GIRAFE/daily/2003/10/PREdm20031019000000120IMPGS01GL.nc
Processing ../../../datasets/GIRAFE/daily/2003/10/PREdm20031020000000120IMPGS01GL.nc
Processing ../../../datasets/GIRAFE/daily/2003/10/PREdm20031021000000120IMPGS01GL.nc
Processing ../../../datasets/GIRAFE/daily/2003/10/PREdm20031022000000120IMPGS01GL.nc
Processing ../../../datasets/GIRAFE/daily/2003/10/PREdm20031023000000120IMPGS01GL.nc
Processing ../../../datasets/GIRAFE/daily/2003/10/PREdm20031024000000120IMPGS01GL.nc
Processing ../../../datasets/GIRAFE/daily/2003/10/PREdm20031025000000120IMPGS01GL.nc
Processing ../../../datasets/GIRAFE/daily/2003/10/PREdm20031026000000120IMPGS01GL.nc
Processing ../../../datasets/GIRAFE/daily/2003/10/PREdm20031027000000120IMPGS01GL.nc
Processing ../../../datasets/GIRAFE/daily/2003/10/PREdm20031028000000120IMPGS01GL.nc
Processing ../../../datasets/GIRAFE/daily/2003/10/PREdm20031029000000120IMPGS01GL.nc
Processing ../../../datasets/GIRAFE/daily/2003/10/PREdm20031030000000120IMPGS01GL.nc
Processing ../../../datasets/GIRAFE/daily/2003/10/PREdm20031031000000120IMPGS01GL.nc
Processing ../../../datasets/GIRAFE/daily/2003/11/PREdm20031101000000120IMPGS01GL.nc
Processing ../../../datasets/GIRAFE/daily/2003/11/PREdm20031102000000120IMPGS01GL.nc
Processing ../../../datasets/GIRAFE/daily/2003/11/PREdm20031103000000120IMPGS01GL.nc
Processing ../../../datasets/GIRAFE/daily/2003/11/PREdm20031104000000120IMPGS01GL.nc
Processing ../../../datasets/GIRAFE/daily/2003/11/PREdm20031105000000120IMPGS01GL.nc
Processing ../../../datasets/GIRAFE/daily/2003/11/PREdm20031106000000120IMPGS01GL.nc
Processing ../../../datasets/GIRAFE/daily/2003/11/PREdm20031107000000120IMPGS01GL.nc
Processing ../../../datasets/GIRAFE/daily/2003/11/PREdm20031108000000120IMPGS01GL.nc
Processing ../../../datasets/GIRAFE/daily/2003/11/PREdm20031109000000120IMPGS01GL.nc
Processing ../../../datasets/GIRAFE/daily/2003/11/PREdm20031110000000120IMPGS01GL.nc
Processing ../../../datasets/GIRAFE/daily/2003/11/PREdm20031111000000120IMPGS01GL.nc
Processing ../../../datasets/GIRAFE/daily/2003/11/PREdm20031112000000120IMPGS01GL.nc
Processing ../../../datasets/GIRAFE/daily/2003/11/PREdm20031113000000120IMPGS01GL.nc
Processing ../../../datasets/GIRAFE/daily/2003/11/PREdm20031114000000120IMPGS01GL.nc
Processing ../../../datasets/GIRAFE/daily/2003/11/PREdm20031115000000120IMPGS01GL.nc
Processing ../../../datasets/GIRAFE/daily/2003/11/PREdm20031116000000120IMPGS01GL.nc
Processing ../../../datasets/GIRAFE/daily/2003/11/PREdm20031117000000120IMPGS01GL.nc
Processing ../../../datasets/GIRAFE/daily/2003/11/PREdm20031118000000120IMPGS01GL.nc
Processing ../../../datasets/GIRAFE/daily/2003/11/PREdm20031119000000120IMPGS01GL.nc
Processing ../../../datasets/GIRAFE/daily/2003/11/PREdm20031120000000120IMPGS01GL.nc
Processing ../../../datasets/GIRAFE/daily/2003/11/PREdm20031121000000120IMPGS01GL.nc
Processing ../../../datasets/GIRAFE/daily/2003/11/PREdm20031122000000120IMPGS01GL.nc
Processing ../../../datasets/GIRAFE/daily/2003/11/PREdm20031123000000120IMPGS01GL.nc
Processing ../../../datasets/GIRAFE/daily/2003/11/PREdm20031124000000120IMPGS01GL.nc
Processing ../../../datasets/GIRAFE/daily/2003/11/PREdm20031125000000120IMPGS01GL.nc
Processing ../../../datasets/GIRAFE/daily/2003/11/PREdm20031126000000120IMPGS01GL.nc
Processing ../../../datasets/GIRAFE/daily/2003/11/PREdm20031127000000120IMPGS01GL.nc
Processing ../../../datasets/GIRAFE/daily/2003/11/PREdm20031128000000120IMPGS01GL.nc
Processing ../../../datasets/GIRAFE/daily/2003/11/PREdm20031129000000120IMPGS01GL.nc
Processing ../../../datasets/GIRAFE/daily/2003/11/PREdm20031130000000120IMPGS01GL.nc
Processing ../../../datasets/GIRAFE/daily/2003/12/PREdm20031201000000120IMPGS01GL.nc
Processing ../../../datasets/GIRAFE/daily/2003/12/PREdm20031202000000120IMPGS01GL.nc
Processing ../../../datasets/GIRAFE/daily/2003/12/PREdm20031203000000120IMPGS01GL.nc
Processing ../../../datasets/GIRAFE/daily/2003/12/PREdm20031204000000120IMPGS01GL.nc
Processing ../../../datasets/GIRAFE/daily/2003/12/PREdm20031205000000120IMPGS01GL.nc
Processing ../../../datasets/GIRAFE/daily/2003/12/PREdm20031206000000120IMPGS01GL.nc
Processing ../../../datasets/GIRAFE/daily/2003/12/PREdm20031207000000120IMPGS01GL.nc
Processing ../../../datasets/GIRAFE/daily/2003/12/PREdm20031208000000120IMPGS01GL.nc
Processing ../../../datasets/GIRAFE/daily/2003/12/PREdm20031209000000120IMPGS01GL.nc
Processing ../../../datasets/GIRAFE/daily/2003/12/PREdm20031210000000120IMPGS01GL.nc
Processing ../../../datasets/GIRAFE/daily/2003/12/PREdm20031211000000120IMPGS01GL.nc
Processing ../../../datasets/GIRAFE/daily/2003/12/PREdm20031212000000120IMPGS01GL.nc
Processing ../../../datasets/GIRAFE/daily/2003/12/PREdm20031213000000120IMPGS01GL.nc
Processing ../../../datasets/GIRAFE/daily/2003/12/PREdm20031214000000120IMPGS01GL.nc
Processing ../../../datasets/GIRAFE/daily/2003/12/PREdm20031215000000120IMPGS01GL.nc
Processing ../../../datasets/GIRAFE/daily/2003/12/PREdm20031216000000120IMPGS01GL.nc
Processing ../../../datasets/GIRAFE/daily/2003/12/PREdm20031217000000120IMPGS01GL.nc
Processing ../../../datasets/GIRAFE/daily/2003/12/PREdm20031218000000120IMPGS01GL.nc
Processing ../../../datasets/GIRAFE/daily/2003/12/PREdm20031219000000120IMPGS01GL.nc
Processing ../../../datasets/GIRAFE/daily/2003/12/PREdm20031220000000120IMPGS01GL.nc
Processing ../../../datasets/GIRAFE/daily/2003/12/PREdm20031221000000120IMPGS01GL.nc
Processing ../../../datasets/GIRAFE/daily/2003/12/PREdm20031222000000120IMPGS01GL.nc
Processing ../../../datasets/GIRAFE/daily/2003/12/PREdm20031223000000120IMPGS01GL.nc
Processing ../../../datasets/GIRAFE/daily/2003/12/PREdm20031224000000120IMPGS01GL.nc
Processing ../../../datasets/GIRAFE/daily/2003/12/PREdm20031225000000120IMPGS01GL.nc
Processing ../../../datasets/GIRAFE/daily/2003/12/PREdm20031226000000120IMPGS01GL.nc
Processing ../../../datasets/GIRAFE/daily/2003/12/PREdm20031227000000120IMPGS01GL.nc
Processing ../../../datasets/GIRAFE/daily/2003/12/PREdm20031228000000120IMPGS01GL.nc
Processing ../../../datasets/GIRAFE/daily/2003/12/PREdm20031229000000120IMPGS01GL.nc
Processing ../../../datasets/GIRAFE/daily/2003/12/PREdm20031230000000120IMPGS01GL.nc
Processing ../../../datasets/GIRAFE/daily/2003/12/PREdm20031231000000120IMPGS01GL.nc
Processing ../../../datasets/GIRAFE/daily/2004/01/PREdm20040101000000120IMPGS01GL.nc
Processing ../../../datasets/GIRAFE/daily/2004/01/PREdm20040102000000120IMPGS01GL.nc
Processing ../../../datasets/GIRAFE/daily/2004/01/PREdm20040103000000120IMPGS01GL.nc
Processing ../../../datasets/GIRAFE/daily/2004/01/PREdm20040104000000120IMPGS01GL.nc
Processing ../../../datasets/GIRAFE/daily/2004/01/PREdm20040105000000120IMPGS01GL.nc
Processing ../../../datasets/GIRAFE/daily/2004/01/PREdm20040106000000120IMPGS01GL.nc
Processing ../../../datasets/GIRAFE/daily/2004/01/PREdm20040107000000120IMPGS01GL.nc
Processing ../../../datasets/GIRAFE/daily/2004/01/PREdm20040108000000120IMPGS01GL.nc
Processing ../../../datasets/GIRAFE/daily/2004/01/PREdm20040109000000120IMPGS01GL.nc
Processing ../../../datasets/GIRAFE/daily/2004/01/PREdm20040110000000120IMPGS01GL.nc
Processing ../../../datasets/GIRAFE/daily/2004/01/PREdm20040111000000120IMPGS01GL.nc
Processing ../../../datasets/GIRAFE/daily/2004/01/PREdm20040112000000120IMPGS01GL.nc
Processing ../../../datasets/GIRAFE/daily/2004/01/PREdm20040113000000120IMPGS01GL.nc
Processing ../../../datasets/GIRAFE/daily/2004/01/PREdm20040114000000120IMPGS01GL.nc
Processing ../../../datasets/GIRAFE/daily/2004/01/PREdm20040115000000120IMPGS01GL.nc
Processing ../../../datasets/GIRAFE/daily/2004/01/PREdm20040116000000120IMPGS01GL.nc
Processing ../../../datasets/GIRAFE/daily/2004/01/PREdm20040117000000120IMPGS01GL.nc
Processing ../../../datasets/GIRAFE/daily/2004/01/PREdm20040118000000120IMPGS01GL.nc
Processing ../../../datasets/GIRAFE/daily/2004/01/PREdm20040119000000120IMPGS01GL.nc
Processing ../../../datasets/GIRAFE/daily/2004/01/PREdm20040120000000120IMPGS01GL.nc
Processing ../../../datasets/GIRAFE/daily/2004/01/PREdm20040121000000120IMPGS01GL.nc
Processing ../../../datasets/GIRAFE/daily/2004/01/PREdm20040122000000120IMPGS01GL.nc
Processing ../../../datasets/GIRAFE/daily/2004/01/PREdm20040123000000120IMPGS01GL.nc
Processing ../../../datasets/GIRAFE/daily/2004/01/PREdm20040124000000120IMPGS01GL.nc
Processing ../../../datasets/GIRAFE/daily/2004/01/PREdm20040125000000120IMPGS01GL.nc
Processing ../../../datasets/GIRAFE/daily/2004/01/PREdm20040126000000120IMPGS01GL.nc
Processing ../../../datasets/GIRAFE/daily/2004/01/PREdm20040127000000120IMPGS01GL.nc
Processing ../../../datasets/GIRAFE/daily/2004/01/PREdm20040128000000120IMPGS01GL.nc
Processing ../../../datasets/GIRAFE/daily/2004/01/PREdm20040129000000120IMPGS01GL.nc
Processing ../../../datasets/GIRAFE/daily/2004/01/PREdm20040130000000120IMPGS01GL.nc
Processing ../../../datasets/GIRAFE/daily/2004/01/PREdm20040131000000120IMPGS01GL.nc
Processing ../../../datasets/GIRAFE/daily/2004/02/PREdm20040201000000120IMPGS01GL.nc
Processing ../../../datasets/GIRAFE/daily/2004/02/PREdm20040202000000120IMPGS01GL.nc
Processing ../../../datasets/GIRAFE/daily/2004/02/PREdm20040203000000120IMPGS01GL.nc
Processing ../../../datasets/GIRAFE/daily/2004/02/PREdm20040204000000120IMPGS01GL.nc
Processing ../../../datasets/GIRAFE/daily/2004/02/PREdm20040205000000120IMPGS01GL.nc
Processing ../../../datasets/GIRAFE/daily/2004/02/PREdm20040206000000120IMPGS01GL.nc
Processing ../../../datasets/GIRAFE/daily/2004/02/PREdm20040207000000120IMPGS01GL.nc
Processing ../../../datasets/GIRAFE/daily/2004/02/PREdm20040208000000120IMPGS01GL.nc
Processing ../../../datasets/GIRAFE/daily/2004/02/PREdm20040209000000120IMPGS01GL.nc
Processing ../../../datasets/GIRAFE/daily/2004/02/PREdm20040210000000120IMPGS01GL.nc
Processing ../../../datasets/GIRAFE/daily/2004/02/PREdm20040211000000120IMPGS01GL.nc
Processing ../../../datasets/GIRAFE/daily/2004/02/PREdm20040212000000120IMPGS01GL.nc
Processing ../../../datasets/GIRAFE/daily/2004/02/PREdm20040213000000120IMPGS01GL.nc
Processing ../../../datasets/GIRAFE/daily/2004/02/PREdm20040214000000120IMPGS01GL.nc
Processing ../../../datasets/GIRAFE/daily/2004/02/PREdm20040215000000120IMPGS01GL.nc
Processing ../../../datasets/GIRAFE/daily/2004/02/PREdm20040216000000120IMPGS01GL.nc
Processing ../../../datasets/GIRAFE/daily/2004/02/PREdm20040217000000120IMPGS01GL.nc
Processing ../../../datasets/GIRAFE/daily/2004/02/PREdm20040218000000120IMPGS01GL.nc
Processing ../../../datasets/GIRAFE/daily/2004/02/PREdm20040219000000120IMPGS01GL.nc
Processing ../../../datasets/GIRAFE/daily/2004/02/PREdm20040220000000120IMPGS01GL.nc
Processing ../../../datasets/GIRAFE/daily/2004/02/PREdm20040221000000120IMPGS01GL.nc
Processing ../../../datasets/GIRAFE/daily/2004/02/PREdm20040222000000120IMPGS01GL.nc
Processing ../../../datasets/GIRAFE/daily/2004/02/PREdm20040223000000120IMPGS01GL.nc
Processing ../../../datasets/GIRAFE/daily/2004/02/PREdm20040224000000120IMPGS01GL.nc
Processing ../../../datasets/GIRAFE/daily/2004/02/PREdm20040225000000120IMPGS01GL.nc
Processing ../../../datasets/GIRAFE/daily/2004/02/PREdm20040226000000120IMPGS01GL.nc
Processing ../../../datasets/GIRAFE/daily/2004/02/PREdm20040227000000120IMPGS01GL.nc
Processing ../../../datasets/GIRAFE/daily/2004/02/PREdm20040228000000120IMPGS01GL.nc
Processing ../../../datasets/GIRAFE/daily/2004/02/PREdm20040229000000120IMPGS01GL.nc
Processing ../../../datasets/GIRAFE/daily/2004/03/PREdm20040301000000120IMPGS01GL.nc
Processing ../../../datasets/GIRAFE/daily/2004/03/PREdm20040302000000120IMPGS01GL.nc
Processing ../../../datasets/GIRAFE/daily/2004/03/PREdm20040303000000120IMPGS01GL.nc
Processing ../../../datasets/GIRAFE/daily/2004/03/PREdm20040304000000120IMPGS01GL.nc
Processing ../../../datasets/GIRAFE/daily/2004/03/PREdm20040305000000120IMPGS01GL.nc
Processing ../../../datasets/GIRAFE/daily/2004/03/PREdm20040306000000120IMPGS01GL.nc
Processing ../../../datasets/GIRAFE/daily/2004/03/PREdm20040307000000120IMPGS01GL.nc
Processing ../../../datasets/GIRAFE/daily/2004/03/PREdm20040308000000120IMPGS01GL.nc
Processing ../../../datasets/GIRAFE/daily/2004/03/PREdm20040309000000120IMPGS01GL.nc
Processing ../../../datasets/GIRAFE/daily/2004/03/PREdm20040310000000120IMPGS01GL.nc
Processing ../../../datasets/GIRAFE/daily/2004/03/PREdm20040311000000120IMPGS01GL.nc
Processing ../../../datasets/GIRAFE/daily/2004/03/PREdm20040312000000120IMPGS01GL.nc
Processing ../../../datasets/GIRAFE/daily/2004/03/PREdm20040313000000120IMPGS01GL.nc
Processing ../../../datasets/GIRAFE/daily/2004/03/PREdm20040314000000120IMPGS01GL.nc
Processing ../../../datasets/GIRAFE/daily/2004/03/PREdm20040315000000120IMPGS01GL.nc
Processing ../../../datasets/GIRAFE/daily/2004/03/PREdm20040316000000120IMPGS01GL.nc
Processing ../../../datasets/GIRAFE/daily/2004/03/PREdm20040317000000120IMPGS01GL.nc
Processing ../../../datasets/GIRAFE/daily/2004/03/PREdm20040318000000120IMPGS01GL.nc
Processing ../../../datasets/GIRAFE/daily/2004/03/PREdm20040319000000120IMPGS01GL.nc
Processing ../../../datasets/GIRAFE/daily/2004/03/PREdm20040320000000120IMPGS01GL.nc
Processing ../../../datasets/GIRAFE/daily/2004/03/PREdm20040321000000120IMPGS01GL.nc
Processing ../../../datasets/GIRAFE/daily/2004/03/PREdm20040322000000120IMPGS01GL.nc
Processing ../../../datasets/GIRAFE/daily/2004/03/PREdm20040323000000120IMPGS01GL.nc
Processing ../../../datasets/GIRAFE/daily/2004/03/PREdm20040324000000120IMPGS01GL.nc
Processing ../../../datasets/GIRAFE/daily/2004/03/PREdm20040325000000120IMPGS01GL.nc
Processing ../../../datasets/GIRAFE/daily/2004/03/PREdm20040326000000120IMPGS01GL.nc
Processing ../../../datasets/GIRAFE/daily/2004/03/PREdm20040327000000120IMPGS01GL.nc
Processing ../../../datasets/GIRAFE/daily/2004/03/PREdm20040328000000120IMPGS01GL.nc
Processing ../../../datasets/GIRAFE/daily/2004/03/PREdm20040329000000120IMPGS01GL.nc
Processing ../../../datasets/GIRAFE/daily/2004/03/PREdm20040330000000120IMPGS01GL.nc
Processing ../../../datasets/GIRAFE/daily/2004/03/PREdm20040331000000120IMPGS01GL.nc
Processing ../../../datasets/GIRAFE/daily/2004/04/PREdm20040401000000120IMPGS01GL.nc
Processing ../../../datasets/GIRAFE/daily/2004/04/PREdm20040402000000120IMPGS01GL.nc
Processing ../../../datasets/GIRAFE/daily/2004/04/PREdm20040403000000120IMPGS01GL.nc
Processing ../../../datasets/GIRAFE/daily/2004/04/PREdm20040404000000120IMPGS01GL.nc
Processing ../../../datasets/GIRAFE/daily/2004/04/PREdm20040405000000120IMPGS01GL.nc
Processing ../../../datasets/GIRAFE/daily/2004/04/PREdm20040406000000120IMPGS01GL.nc
Processing ../../../datasets/GIRAFE/daily/2004/04/PREdm20040407000000120IMPGS01GL.nc
Processing ../../../datasets/GIRAFE/daily/2004/04/PREdm20040408000000120IMPGS01GL.nc
Processing ../../../datasets/GIRAFE/daily/2004/04/PREdm20040409000000120IMPGS01GL.nc
Processing ../../../datasets/GIRAFE/daily/2004/04/PREdm20040410000000120IMPGS01GL.nc
Processing ../../../datasets/GIRAFE/daily/2004/04/PREdm20040411000000120IMPGS01GL.nc
Processing ../../../datasets/GIRAFE/daily/2004/04/PREdm20040412000000120IMPGS01GL.nc
Processing ../../../datasets/GIRAFE/daily/2004/04/PREdm20040413000000120IMPGS01GL.nc
Processing ../../../datasets/GIRAFE/daily/2004/04/PREdm20040414000000120IMPGS01GL.nc
Processing ../../../datasets/GIRAFE/daily/2004/04/PREdm20040415000000120IMPGS01GL.nc
Processing ../../../datasets/GIRAFE/daily/2004/04/PREdm20040416000000120IMPGS01GL.nc
Processing ../../../datasets/GIRAFE/daily/2004/04/PREdm20040417000000120IMPGS01GL.nc
Processing ../../../datasets/GIRAFE/daily/2004/04/PREdm20040418000000120IMPGS01GL.nc
Processing ../../../datasets/GIRAFE/daily/2004/04/PREdm20040419000000120IMPGS01GL.nc
Processing ../../../datasets/GIRAFE/daily/2004/04/PREdm20040420000000120IMPGS01GL.nc
Processing ../../../datasets/GIRAFE/daily/2004/04/PREdm20040421000000120IMPGS01GL.nc
Processing ../../../datasets/GIRAFE/daily/2004/04/PREdm20040422000000120IMPGS01GL.nc
Processing ../../../datasets/GIRAFE/daily/2004/04/PREdm20040423000000120IMPGS01GL.nc
Processing ../../../datasets/GIRAFE/daily/2004/04/PREdm20040424000000120IMPGS01GL.nc
Processing ../../../datasets/GIRAFE/daily/2004/04/PREdm20040425000000120IMPGS01GL.nc
Processing ../../../datasets/GIRAFE/daily/2004/04/PREdm20040426000000120IMPGS01GL.nc
Processing ../../../datasets/GIRAFE/daily/2004/04/PREdm20040427000000120IMPGS01GL.nc
Processing ../../../datasets/GIRAFE/daily/2004/04/PREdm20040428000000120IMPGS01GL.nc
Processing ../../../datasets/GIRAFE/daily/2004/04/PREdm20040429000000120IMPGS01GL.nc
Processing ../../../datasets/GIRAFE/daily/2004/04/PREdm20040430000000120IMPGS01GL.nc
Processing ../../../datasets/GIRAFE/daily/2004/05/PREdm20040501000000120IMPGS01GL.nc
Processing ../../../datasets/GIRAFE/daily/2004/05/PREdm20040502000000120IMPGS01GL.nc
Processing ../../../datasets/GIRAFE/daily/2004/05/PREdm20040503000000120IMPGS01GL.nc
Processing ../../../datasets/GIRAFE/daily/2004/05/PREdm20040504000000120IMPGS01GL.nc
Processing ../../../datasets/GIRAFE/daily/2004/05/PREdm20040505000000120IMPGS01GL.nc
Processing ../../../datasets/GIRAFE/daily/2004/05/PREdm20040506000000120IMPGS01GL.nc
Processing ../../../datasets/GIRAFE/daily/2004/05/PREdm20040507000000120IMPGS01GL.nc
Processing ../../../datasets/GIRAFE/daily/2004/05/PREdm20040508000000120IMPGS01GL.nc
Processing ../../../datasets/GIRAFE/daily/2004/05/PREdm20040509000000120IMPGS01GL.nc
Processing ../../../datasets/GIRAFE/daily/2004/05/PREdm20040510000000120IMPGS01GL.nc
Processing ../../../datasets/GIRAFE/daily/2004/05/PREdm20040511000000120IMPGS01GL.nc
Processing ../../../datasets/GIRAFE/daily/2004/05/PREdm20040512000000120IMPGS01GL.nc
Processing ../../../datasets/GIRAFE/daily/2004/05/PREdm20040513000000120IMPGS01GL.nc
Processing ../../../datasets/GIRAFE/daily/2004/05/PREdm20040514000000120IMPGS01GL.nc
Processing ../../../datasets/GIRAFE/daily/2004/05/PREdm20040515000000120IMPGS01GL.nc
Processing ../../../datasets/GIRAFE/daily/2004/05/PREdm20040516000000120IMPGS01GL.nc
Processing ../../../datasets/GIRAFE/daily/2004/05/PREdm20040517000000120IMPGS01GL.nc
Processing ../../../datasets/GIRAFE/daily/2004/05/PREdm20040518000000120IMPGS01GL.nc
Processing ../../../datasets/GIRAFE/daily/2004/05/PREdm20040519000000120IMPGS01GL.nc
Processing ../../../datasets/GIRAFE/daily/2004/05/PREdm20040520000000120IMPGS01GL.nc
Processing ../../../datasets/GIRAFE/daily/2004/05/PREdm20040521000000120IMPGS01GL.nc
Processing ../../../datasets/GIRAFE/daily/2004/05/PREdm20040522000000120IMPGS01GL.nc
Processing ../../../datasets/GIRAFE/daily/2004/05/PREdm20040523000000120IMPGS01GL.nc
Processing ../../../datasets/GIRAFE/daily/2004/05/PREdm20040524000000120IMPGS01GL.nc
Processing ../../../datasets/GIRAFE/daily/2004/05/PREdm20040525000000120IMPGS01GL.nc
Processing ../../../datasets/GIRAFE/daily/2004/05/PREdm20040526000000120IMPGS01GL.nc
Processing ../../../datasets/GIRAFE/daily/2004/05/PREdm20040527000000120IMPGS01GL.nc
Processing ../../../datasets/GIRAFE/daily/2004/05/PREdm20040528000000120IMPGS01GL.nc
Processing ../../../datasets/GIRAFE/daily/2004/05/PREdm20040529000000120IMPGS01GL.nc
Processing ../../../datasets/GIRAFE/daily/2004/05/PREdm20040530000000120IMPGS01GL.nc
Processing ../../../datasets/GIRAFE/daily/2004/05/PREdm20040531000000120IMPGS01GL.nc
Processing ../../../datasets/GIRAFE/daily/2004/06/PREdm20040601000000120IMPGS01GL.nc
Processing ../../../datasets/GIRAFE/daily/2004/06/PREdm20040602000000120IMPGS01GL.nc
Processing ../../../datasets/GIRAFE/daily/2004/06/PREdm20040603000000120IMPGS01GL.nc
Processing ../../../datasets/GIRAFE/daily/2004/06/PREdm20040604000000120IMPGS01GL.nc
Processing ../../../datasets/GIRAFE/daily/2004/06/PREdm20040605000000120IMPGS01GL.nc
Processing ../../../datasets/GIRAFE/daily/2004/06/PREdm20040606000000120IMPGS01GL.nc
Processing ../../../datasets/GIRAFE/daily/2004/06/PREdm20040607000000120IMPGS01GL.nc
Processing ../../../datasets/GIRAFE/daily/2004/06/PREdm20040608000000120IMPGS01GL.nc
Processing ../../../datasets/GIRAFE/daily/2004/06/PREdm20040609000000120IMPGS01GL.nc
Processing ../../../datasets/GIRAFE/daily/2004/06/PREdm20040610000000120IMPGS01GL.nc
Processing ../../../datasets/GIRAFE/daily/2004/06/PREdm20040611000000120IMPGS01GL.nc
Processing ../../../datasets/GIRAFE/daily/2004/06/PREdm20040612000000120IMPGS01GL.nc
Processing ../../../datasets/GIRAFE/daily/2004/06/PREdm20040613000000120IMPGS01GL.nc
Processing ../../../datasets/GIRAFE/daily/2004/06/PREdm20040614000000120IMPGS01GL.nc
Processing ../../../datasets/GIRAFE/daily/2004/06/PREdm20040615000000120IMPGS01GL.nc
Processing ../../../datasets/GIRAFE/daily/2004/06/PREdm20040616000000120IMPGS01GL.nc
Processing ../../../datasets/GIRAFE/daily/2004/06/PREdm20040617000000120IMPGS01GL.nc
Processing ../../../datasets/GIRAFE/daily/2004/06/PREdm20040618000000120IMPGS01GL.nc
Processing ../../../datasets/GIRAFE/daily/2004/06/PREdm20040619000000120IMPGS01GL.nc
Processing ../../../datasets/GIRAFE/daily/2004/06/PREdm20040620000000120IMPGS01GL.nc
Processing ../../../datasets/GIRAFE/daily/2004/06/PREdm20040621000000120IMPGS01GL.nc
Processing ../../../datasets/GIRAFE/daily/2004/06/PREdm20040622000000120IMPGS01GL.nc
Processing ../../../datasets/GIRAFE/daily/2004/06/PREdm20040623000000120IMPGS01GL.nc
Processing ../../../datasets/GIRAFE/daily/2004/06/PREdm20040624000000120IMPGS01GL.nc
Processing ../../../datasets/GIRAFE/daily/2004/06/PREdm20040625000000120IMPGS01GL.nc
Processing ../../../datasets/GIRAFE/daily/2004/06/PREdm20040626000000120IMPGS01GL.nc
Processing ../../../datasets/GIRAFE/daily/2004/06/PREdm20040627000000120IMPGS01GL.nc
Processing ../../../datasets/GIRAFE/daily/2004/06/PREdm20040628000000120IMPGS01GL.nc
Processing ../../../datasets/GIRAFE/daily/2004/06/PREdm20040629000000120IMPGS01GL.nc
Processing ../../../datasets/GIRAFE/daily/2004/06/PREdm20040630000000120IMPGS01GL.nc
Processing ../../../datasets/GIRAFE/daily/2004/07/PREdm20040701000000120IMPGS01GL.nc
Processing ../../../datasets/GIRAFE/daily/2004/07/PREdm20040702000000120IMPGS01GL.nc
Processing ../../../datasets/GIRAFE/daily/2004/07/PREdm20040703000000120IMPGS01GL.nc
Processing ../../../datasets/GIRAFE/daily/2004/07/PREdm20040704000000120IMPGS01GL.nc
Processing ../../../datasets/GIRAFE/daily/2004/07/PREdm20040705000000120IMPGS01GL.nc
Processing ../../../datasets/GIRAFE/daily/2004/07/PREdm20040706000000120IMPGS01GL.nc
Processing ../../../datasets/GIRAFE/daily/2004/07/PREdm20040707000000120IMPGS01GL.nc
Processing ../../../datasets/GIRAFE/daily/2004/07/PREdm20040708000000120IMPGS01GL.nc
Processing ../../../datasets/GIRAFE/daily/2004/07/PREdm20040709000000120IMPGS01GL.nc
Processing ../../../datasets/GIRAFE/daily/2004/07/PREdm20040710000000120IMPGS01GL.nc
Processing ../../../datasets/GIRAFE/daily/2004/07/PREdm20040711000000120IMPGS01GL.nc
Processing ../../../datasets/GIRAFE/daily/2004/07/PREdm20040712000000120IMPGS01GL.nc
Processing ../../../datasets/GIRAFE/daily/2004/07/PREdm20040713000000120IMPGS01GL.nc
Processing ../../../datasets/GIRAFE/daily/2004/07/PREdm20040714000000120IMPGS01GL.nc
Processing ../../../datasets/GIRAFE/daily/2004/07/PREdm20040715000000120IMPGS01GL.nc
Processing ../../../datasets/GIRAFE/daily/2004/07/PREdm20040716000000120IMPGS01GL.nc
Processing ../../../datasets/GIRAFE/daily/2004/07/PREdm20040717000000120IMPGS01GL.nc
Processing ../../../datasets/GIRAFE/daily/2004/07/PREdm20040718000000120IMPGS01GL.nc
Processing ../../../datasets/GIRAFE/daily/2004/07/PREdm20040719000000120IMPGS01GL.nc
Processing ../../../datasets/GIRAFE/daily/2004/07/PREdm20040720000000120IMPGS01GL.nc
Processing ../../../datasets/GIRAFE/daily/2004/07/PREdm20040721000000120IMPGS01GL.nc
Processing ../../../datasets/GIRAFE/daily/2004/07/PREdm20040722000000120IMPGS01GL.nc
Processing ../../../datasets/GIRAFE/daily/2004/07/PREdm20040723000000120IMPGS01GL.nc
Processing ../../../datasets/GIRAFE/daily/2004/07/PREdm20040724000000120IMPGS01GL.nc
Processing ../../../datasets/GIRAFE/daily/2004/07/PREdm20040725000000120IMPGS01GL.nc
Processing ../../../datasets/GIRAFE/daily/2004/07/PREdm20040726000000120IMPGS01GL.nc
Processing ../../../datasets/GIRAFE/daily/2004/07/PREdm20040727000000120IMPGS01GL.nc
Processing ../../../datasets/GIRAFE/daily/2004/07/PREdm20040728000000120IMPGS01GL.nc
Processing ../../../datasets/GIRAFE/daily/2004/07/PREdm20040729000000120IMPGS01GL.nc
Processing ../../../datasets/GIRAFE/daily/2004/07/PREdm20040730000000120IMPGS01GL.nc
Processing ../../../datasets/GIRAFE/daily/2004/07/PREdm20040731000000120IMPGS01GL.nc
Processing ../../../datasets/GIRAFE/daily/2004/08/PREdm20040801000000120IMPGS01GL.nc
Processing ../../../datasets/GIRAFE/daily/2004/08/PREdm20040802000000120IMPGS01GL.nc
Processing ../../../datasets/GIRAFE/daily/2004/08/PREdm20040803000000120IMPGS01GL.nc
Processing ../../../datasets/GIRAFE/daily/2004/08/PREdm20040804000000120IMPGS01GL.nc
Processing ../../../datasets/GIRAFE/daily/2004/08/PREdm20040805000000120IMPGS01GL.nc
Processing ../../../datasets/GIRAFE/daily/2004/08/PREdm20040806000000120IMPGS01GL.nc
Processing ../../../datasets/GIRAFE/daily/2004/08/PREdm20040807000000120IMPGS01GL.nc
Processing ../../../datasets/GIRAFE/daily/2004/08/PREdm20040808000000120IMPGS01GL.nc
Processing ../../../datasets/GIRAFE/daily/2004/08/PREdm20040809000000120IMPGS01GL.nc
Processing ../../../datasets/GIRAFE/daily/2004/08/PREdm20040810000000120IMPGS01GL.nc
Processing ../../../datasets/GIRAFE/daily/2004/08/PREdm20040811000000120IMPGS01GL.nc
Processing ../../../datasets/GIRAFE/daily/2004/08/PREdm20040812000000120IMPGS01GL.nc
Processing ../../../datasets/GIRAFE/daily/2004/08/PREdm20040813000000120IMPGS01GL.nc
Processing ../../../datasets/GIRAFE/daily/2004/08/PREdm20040814000000120IMPGS01GL.nc
Processing ../../../datasets/GIRAFE/daily/2004/08/PREdm20040815000000120IMPGS01GL.nc
Processing ../../../datasets/GIRAFE/daily/2004/08/PREdm20040816000000120IMPGS01GL.nc
Processing ../../../datasets/GIRAFE/daily/2004/08/PREdm20040817000000120IMPGS01GL.nc
Processing ../../../datasets/GIRAFE/daily/2004/08/PREdm20040818000000120IMPGS01GL.nc
Processing ../../../datasets/GIRAFE/daily/2004/08/PREdm20040819000000120IMPGS01GL.nc
Processing ../../../datasets/GIRAFE/daily/2004/08/PREdm20040820000000120IMPGS01GL.nc
Processing ../../../datasets/GIRAFE/daily/2004/08/PREdm20040821000000120IMPGS01GL.nc
Processing ../../../datasets/GIRAFE/daily/2004/08/PREdm20040822000000120IMPGS01GL.nc
Processing ../../../datasets/GIRAFE/daily/2004/08/PREdm20040823000000120IMPGS01GL.nc
Processing ../../../datasets/GIRAFE/daily/2004/08/PREdm20040824000000120IMPGS01GL.nc
Processing ../../../datasets/GIRAFE/daily/2004/08/PREdm20040825000000120IMPGS01GL.nc
Processing ../../../datasets/GIRAFE/daily/2004/08/PREdm20040826000000120IMPGS01GL.nc
Processing ../../../datasets/GIRAFE/daily/2004/08/PREdm20040827000000120IMPGS01GL.nc
Processing ../../../datasets/GIRAFE/daily/2004/08/PREdm20040828000000120IMPGS01GL.nc
Processing ../../../datasets/GIRAFE/daily/2004/08/PREdm20040829000000120IMPGS01GL.nc
Processing ../../../datasets/GIRAFE/daily/2004/08/PREdm20040830000000120IMPGS01GL.nc
Processing ../../../datasets/GIRAFE/daily/2004/08/PREdm20040831000000120IMPGS01GL.nc
Processing ../../../datasets/GIRAFE/daily/2004/09/PREdm20040901000000120IMPGS01GL.nc
Processing ../../../datasets/GIRAFE/daily/2004/09/PREdm20040902000000120IMPGS01GL.nc
Processing ../../../datasets/GIRAFE/daily/2004/09/PREdm20040903000000120IMPGS01GL.nc
Processing ../../../datasets/GIRAFE/daily/2004/09/PREdm20040904000000120IMPGS01GL.nc
Processing ../../../datasets/GIRAFE/daily/2004/09/PREdm20040905000000120IMPGS01GL.nc
Processing ../../../datasets/GIRAFE/daily/2004/09/PREdm20040906000000120IMPGS01GL.nc
Processing ../../../datasets/GIRAFE/daily/2004/09/PREdm20040907000000120IMPGS01GL.nc
Processing ../../../datasets/GIRAFE/daily/2004/09/PREdm20040908000000120IMPGS01GL.nc
Processing ../../../datasets/GIRAFE/daily/2004/09/PREdm20040909000000120IMPGS01GL.nc
Processing ../../../datasets/GIRAFE/daily/2004/09/PREdm20040910000000120IMPGS01GL.nc
Processing ../../../datasets/GIRAFE/daily/2004/09/PREdm20040911000000120IMPGS01GL.nc
Processing ../../../datasets/GIRAFE/daily/2004/09/PREdm20040912000000120IMPGS01GL.nc
Processing ../../../datasets/GIRAFE/daily/2004/09/PREdm20040913000000120IMPGS01GL.nc
Processing ../../../datasets/GIRAFE/daily/2004/09/PREdm20040914000000120IMPGS01GL.nc
Processing ../../../datasets/GIRAFE/daily/2004/09/PREdm20040915000000120IMPGS01GL.nc
Processing ../../../datasets/GIRAFE/daily/2004/09/PREdm20040916000000120IMPGS01GL.nc
Processing ../../../datasets/GIRAFE/daily/2004/09/PREdm20040917000000120IMPGS01GL.nc
Processing ../../../datasets/GIRAFE/daily/2004/09/PREdm20040918000000120IMPGS01GL.nc
Processing ../../../datasets/GIRAFE/daily/2004/09/PREdm20040919000000120IMPGS01GL.nc
Processing ../../../datasets/GIRAFE/daily/2004/09/PREdm20040920000000120IMPGS01GL.nc
Processing ../../../datasets/GIRAFE/daily/2004/09/PREdm20040921000000120IMPGS01GL.nc
Processing ../../../datasets/GIRAFE/daily/2004/09/PREdm20040922000000120IMPGS01GL.nc
Processing ../../../datasets/GIRAFE/daily/2004/09/PREdm20040923000000120IMPGS01GL.nc
Processing ../../../datasets/GIRAFE/daily/2004/09/PREdm20040924000000120IMPGS01GL.nc
Processing ../../../datasets/GIRAFE/daily/2004/09/PREdm20040925000000120IMPGS01GL.nc
Processing ../../../datasets/GIRAFE/daily/2004/09/PREdm20040926000000120IMPGS01GL.nc
Processing ../../../datasets/GIRAFE/daily/2004/09/PREdm20040927000000120IMPGS01GL.nc
Processing ../../../datasets/GIRAFE/daily/2004/09/PREdm20040928000000120IMPGS01GL.nc
Processing ../../../datasets/GIRAFE/daily/2004/09/PREdm20040929000000120IMPGS01GL.nc
Processing ../../../datasets/GIRAFE/daily/2004/09/PREdm20040930000000120IMPGS01GL.nc
Processing ../../../datasets/GIRAFE/daily/2004/10/PREdm20041001000000120IMPGS01GL.nc
Processing ../../../datasets/GIRAFE/daily/2004/10/PREdm20041002000000120IMPGS01GL.nc
Processing ../../../datasets/GIRAFE/daily/2004/10/PREdm20041003000000120IMPGS01GL.nc
Processing ../../../datasets/GIRAFE/daily/2004/10/PREdm20041004000000120IMPGS01GL.nc
Processing ../../../datasets/GIRAFE/daily/2004/10/PREdm20041005000000120IMPGS01GL.nc
Processing ../../../datasets/GIRAFE/daily/2004/10/PREdm20041006000000120IMPGS01GL.nc
Processing ../../../datasets/GIRAFE/daily/2004/10/PREdm20041007000000120IMPGS01GL.nc
Processing ../../../datasets/GIRAFE/daily/2004/10/PREdm20041008000000120IMPGS01GL.nc
Processing ../../../datasets/GIRAFE/daily/2004/10/PREdm20041009000000120IMPGS01GL.nc
Processing ../../../datasets/GIRAFE/daily/2004/10/PREdm20041010000000120IMPGS01GL.nc
Processing ../../../datasets/GIRAFE/daily/2004/10/PREdm20041011000000120IMPGS01GL.nc
Processing ../../../datasets/GIRAFE/daily/2004/10/PREdm20041012000000120IMPGS01GL.nc
Processing ../../../datasets/GIRAFE/daily/2004/10/PREdm20041013000000120IMPGS01GL.nc
Processing ../../../datasets/GIRAFE/daily/2004/10/PREdm20041014000000120IMPGS01GL.nc
Processing ../../../datasets/GIRAFE/daily/2004/10/PREdm20041015000000120IMPGS01GL.nc
Processing ../../../datasets/GIRAFE/daily/2004/10/PREdm20041016000000120IMPGS01GL.nc
Processing ../../../datasets/GIRAFE/daily/2004/10/PREdm20041017000000120IMPGS01GL.nc
Processing ../../../datasets/GIRAFE/daily/2004/10/PREdm20041018000000120IMPGS01GL.nc
Processing ../../../datasets/GIRAFE/daily/2004/10/PREdm20041019000000120IMPGS01GL.nc
Processing ../../../datasets/GIRAFE/daily/2004/10/PREdm20041020000000120IMPGS01GL.nc
Processing ../../../datasets/GIRAFE/daily/2004/10/PREdm20041021000000120IMPGS01GL.nc
Processing ../../../datasets/GIRAFE/daily/2004/10/PREdm20041022000000120IMPGS01GL.nc
Processing ../../../datasets/GIRAFE/daily/2004/10/PREdm20041023000000120IMPGS01GL.nc
Processing ../../../datasets/GIRAFE/daily/2004/10/PREdm20041024000000120IMPGS01GL.nc
Processing ../../../datasets/GIRAFE/daily/2004/10/PREdm20041025000000120IMPGS01GL.nc
Processing ../../../datasets/GIRAFE/daily/2004/10/PREdm20041026000000120IMPGS01GL.nc
Processing ../../../datasets/GIRAFE/daily/2004/10/PREdm20041027000000120IMPGS01GL.nc
Processing ../../../datasets/GIRAFE/daily/2004/10/PREdm20041028000000120IMPGS01GL.nc
Processing ../../../datasets/GIRAFE/daily/2004/10/PREdm20041029000000120IMPGS01GL.nc
Processing ../../../datasets/GIRAFE/daily/2004/10/PREdm20041030000000120IMPGS01GL.nc
Processing ../../../datasets/GIRAFE/daily/2004/10/PREdm20041031000000120IMPGS01GL.nc
Processing ../../../datasets/GIRAFE/daily/2004/11/PREdm20041101000000120IMPGS01GL.nc
Processing ../../../datasets/GIRAFE/daily/2004/11/PREdm20041102000000120IMPGS01GL.nc
Processing ../../../datasets/GIRAFE/daily/2004/11/PREdm20041103000000120IMPGS01GL.nc
Processing ../../../datasets/GIRAFE/daily/2004/11/PREdm20041104000000120IMPGS01GL.nc
Processing ../../../datasets/GIRAFE/daily/2004/11/PREdm20041105000000120IMPGS01GL.nc
Processing ../../../datasets/GIRAFE/daily/2004/11/PREdm20041106000000120IMPGS01GL.nc
Processing ../../../datasets/GIRAFE/daily/2004/11/PREdm20041107000000120IMPGS01GL.nc
Processing ../../../datasets/GIRAFE/daily/2004/11/PREdm20041108000000120IMPGS01GL.nc
Processing ../../../datasets/GIRAFE/daily/2004/11/PREdm20041109000000120IMPGS01GL.nc
Processing ../../../datasets/GIRAFE/daily/2004/11/PREdm20041110000000120IMPGS01GL.nc
Processing ../../../datasets/GIRAFE/daily/2004/11/PREdm20041111000000120IMPGS01GL.nc
Processing ../../../datasets/GIRAFE/daily/2004/11/PREdm20041112000000120IMPGS01GL.nc
Processing ../../../datasets/GIRAFE/daily/2004/11/PREdm20041113000000120IMPGS01GL.nc
Processing ../../../datasets/GIRAFE/daily/2004/11/PREdm20041114000000120IMPGS01GL.nc
Processing ../../../datasets/GIRAFE/daily/2004/11/PREdm20041115000000120IMPGS01GL.nc
Processing ../../../datasets/GIRAFE/daily/2004/11/PREdm20041116000000120IMPGS01GL.nc
Processing ../../../datasets/GIRAFE/daily/2004/11/PREdm20041117000000120IMPGS01GL.nc
Processing ../../../datasets/GIRAFE/daily/2004/11/PREdm20041118000000120IMPGS01GL.nc
Processing ../../../datasets/GIRAFE/daily/2004/11/PREdm20041119000000120IMPGS01GL.nc
Processing ../../../datasets/GIRAFE/daily/2004/11/PREdm20041120000000120IMPGS01GL.nc
Processing ../../../datasets/GIRAFE/daily/2004/11/PREdm20041121000000120IMPGS01GL.nc
Processing ../../../datasets/GIRAFE/daily/2004/11/PREdm20041122000000120IMPGS01GL.nc
Processing ../../../datasets/GIRAFE/daily/2004/11/PREdm20041123000000120IMPGS01GL.nc
Processing ../../../datasets/GIRAFE/daily/2004/11/PREdm20041124000000120IMPGS01GL.nc
Processing ../../../datasets/GIRAFE/daily/2004/11/PREdm20041125000000120IMPGS01GL.nc
Processing ../../../datasets/GIRAFE/daily/2004/11/PREdm20041126000000120IMPGS01GL.nc
Processing ../../../datasets/GIRAFE/daily/2004/11/PREdm20041127000000120IMPGS01GL.nc
Processing ../../../datasets/GIRAFE/daily/2004/11/PREdm20041128000000120IMPGS01GL.nc
Processing ../../../datasets/GIRAFE/daily/2004/11/PREdm20041129000000120IMPGS01GL.nc
Processing ../../../datasets/GIRAFE/daily/2004/11/PREdm20041130000000120IMPGS01GL.nc
Processing ../../../datasets/GIRAFE/daily/2004/12/PREdm20041201000000120IMPGS01GL.nc
Processing ../../../datasets/GIRAFE/daily/2004/12/PREdm20041202000000120IMPGS01GL.nc
Processing ../../../datasets/GIRAFE/daily/2004/12/PREdm20041203000000120IMPGS01GL.nc
Processing ../../../datasets/GIRAFE/daily/2004/12/PREdm20041204000000120IMPGS01GL.nc
Processing ../../../datasets/GIRAFE/daily/2004/12/PREdm20041205000000120IMPGS01GL.nc
Processing ../../../datasets/GIRAFE/daily/2004/12/PREdm20041206000000120IMPGS01GL.nc
Processing ../../../datasets/GIRAFE/daily/2004/12/PREdm20041207000000120IMPGS01GL.nc
Processing ../../../datasets/GIRAFE/daily/2004/12/PREdm20041208000000120IMPGS01GL.nc
Processing ../../../datasets/GIRAFE/daily/2004/12/PREdm20041209000000120IMPGS01GL.nc
Processing ../../../datasets/GIRAFE/daily/2004/12/PREdm20041210000000120IMPGS01GL.nc
Processing ../../../datasets/GIRAFE/daily/2004/12/PREdm20041211000000120IMPGS01GL.nc
Processing ../../../datasets/GIRAFE/daily/2004/12/PREdm20041212000000120IMPGS01GL.nc
Processing ../../../datasets/GIRAFE/daily/2004/12/PREdm20041213000000120IMPGS01GL.nc
Processing ../../../datasets/GIRAFE/daily/2004/12/PREdm20041214000000120IMPGS01GL.nc
Processing ../../../datasets/GIRAFE/daily/2004/12/PREdm20041215000000120IMPGS01GL.nc
Processing ../../../datasets/GIRAFE/daily/2004/12/PREdm20041216000000120IMPGS01GL.nc
Processing ../../../datasets/GIRAFE/daily/2004/12/PREdm20041217000000120IMPGS01GL.nc
Processing ../../../datasets/GIRAFE/daily/2004/12/PREdm20041218000000120IMPGS01GL.nc
Processing ../../../datasets/GIRAFE/daily/2004/12/PREdm20041219000000120IMPGS01GL.nc
Processing ../../../datasets/GIRAFE/daily/2004/12/PREdm20041220000000120IMPGS01GL.nc
Processing ../../../datasets/GIRAFE/daily/2004/12/PREdm20041221000000120IMPGS01GL.nc
Processing ../../../datasets/GIRAFE/daily/2004/12/PREdm20041222000000120IMPGS01GL.nc
Processing ../../../datasets/GIRAFE/daily/2004/12/PREdm20041223000000120IMPGS01GL.nc
Processing ../../../datasets/GIRAFE/daily/2004/12/PREdm20041224000000120IMPGS01GL.nc
Processing ../../../datasets/GIRAFE/daily/2004/12/PREdm20041225000000120IMPGS01GL.nc
Processing ../../../datasets/GIRAFE/daily/2004/12/PREdm20041226000000120IMPGS01GL.nc
Processing ../../../datasets/GIRAFE/daily/2004/12/PREdm20041227000000120IMPGS01GL.nc
Processing ../../../datasets/GIRAFE/daily/2004/12/PREdm20041228000000120IMPGS01GL.nc
Processing ../../../datasets/GIRAFE/daily/2004/12/PREdm20041229000000120IMPGS01GL.nc
Processing ../../../datasets/GIRAFE/daily/2004/12/PREdm20041230000000120IMPGS01GL.nc
Processing ../../../datasets/GIRAFE/daily/2004/12/PREdm20041231000000120IMPGS01GL.nc
Processing ../../../datasets/GIRAFE/daily/2005/01/PREdm20050101000000120IMPGS01GL.nc
Processing ../../../datasets/GIRAFE/daily/2005/01/PREdm20050102000000120IMPGS01GL.nc
Processing ../../../datasets/GIRAFE/daily/2005/01/PREdm20050103000000120IMPGS01GL.nc
Processing ../../../datasets/GIRAFE/daily/2005/01/PREdm20050104000000120IMPGS01GL.nc
Processing ../../../datasets/GIRAFE/daily/2005/01/PREdm20050105000000120IMPGS01GL.nc
Processing ../../../datasets/GIRAFE/daily/2005/01/PREdm20050106000000120IMPGS01GL.nc
Processing ../../../datasets/GIRAFE/daily/2005/01/PREdm20050107000000120IMPGS01GL.nc
Processing ../../../datasets/GIRAFE/daily/2005/01/PREdm20050108000000120IMPGS01GL.nc
Processing ../../../datasets/GIRAFE/daily/2005/01/PREdm20050109000000120IMPGS01GL.nc
Processing ../../../datasets/GIRAFE/daily/2005/01/PREdm20050110000000120IMPGS01GL.nc
Processing ../../../datasets/GIRAFE/daily/2005/01/PREdm20050111000000120IMPGS01GL.nc
Processing ../../../datasets/GIRAFE/daily/2005/01/PREdm20050112000000120IMPGS01GL.nc
Processing ../../../datasets/GIRAFE/daily/2005/01/PREdm20050113000000120IMPGS01GL.nc
Processing ../../../datasets/GIRAFE/daily/2005/01/PREdm20050114000000120IMPGS01GL.nc
Processing ../../../datasets/GIRAFE/daily/2005/01/PREdm20050115000000120IMPGS01GL.nc
Processing ../../../datasets/GIRAFE/daily/2005/01/PREdm20050116000000120IMPGS01GL.nc
Processing ../../../datasets/GIRAFE/daily/2005/01/PREdm20050117000000120IMPGS01GL.nc
Processing ../../../datasets/GIRAFE/daily/2005/01/PREdm20050118000000120IMPGS01GL.nc
Processing ../../../datasets/GIRAFE/daily/2005/01/PREdm20050119000000120IMPGS01GL.nc
Processing ../../../datasets/GIRAFE/daily/2005/01/PREdm20050120000000120IMPGS01GL.nc
Processing ../../../datasets/GIRAFE/daily/2005/01/PREdm20050121000000120IMPGS01GL.nc
Processing ../../../datasets/GIRAFE/daily/2005/01/PREdm20050122000000120IMPGS01GL.nc
Processing ../../../datasets/GIRAFE/daily/2005/01/PREdm20050123000000120IMPGS01GL.nc
Processing ../../../datasets/GIRAFE/daily/2005/01/PREdm20050124000000120IMPGS01GL.nc
Processing ../../../datasets/GIRAFE/daily/2005/01/PREdm20050125000000120IMPGS01GL.nc
Processing ../../../datasets/GIRAFE/daily/2005/01/PREdm20050126000000120IMPGS01GL.nc
Processing ../../../datasets/GIRAFE/daily/2005/01/PREdm20050127000000120IMPGS01GL.nc
Processing ../../../datasets/GIRAFE/daily/2005/01/PREdm20050128000000120IMPGS01GL.nc
Processing ../../../datasets/GIRAFE/daily/2005/01/PREdm20050129000000120IMPGS01GL.nc
Processing ../../../datasets/GIRAFE/daily/2005/01/PREdm20050130000000120IMPGS01GL.nc
Processing ../../../datasets/GIRAFE/daily/2005/01/PREdm20050131000000120IMPGS01GL.nc
Processing ../../../datasets/GIRAFE/daily/2005/02/PREdm20050201000000120IMPGS01GL.nc
Processing ../../../datasets/GIRAFE/daily/2005/02/PREdm20050202000000120IMPGS01GL.nc
Processing ../../../datasets/GIRAFE/daily/2005/02/PREdm20050203000000120IMPGS01GL.nc
Processing ../../../datasets/GIRAFE/daily/2005/02/PREdm20050204000000120IMPGS01GL.nc
Processing ../../../datasets/GIRAFE/daily/2005/02/PREdm20050205000000120IMPGS01GL.nc
Processing ../../../datasets/GIRAFE/daily/2005/02/PREdm20050206000000120IMPGS01GL.nc
Processing ../../../datasets/GIRAFE/daily/2005/02/PREdm20050207000000120IMPGS01GL.nc
Processing ../../../datasets/GIRAFE/daily/2005/02/PREdm20050208000000120IMPGS01GL.nc
Processing ../../../datasets/GIRAFE/daily/2005/02/PREdm20050209000000120IMPGS01GL.nc
Processing ../../../datasets/GIRAFE/daily/2005/02/PREdm20050210000000120IMPGS01GL.nc
Processing ../../../datasets/GIRAFE/daily/2005/02/PREdm20050211000000120IMPGS01GL.nc
Processing ../../../datasets/GIRAFE/daily/2005/02/PREdm20050212000000120IMPGS01GL.nc
Processing ../../../datasets/GIRAFE/daily/2005/02/PREdm20050213000000120IMPGS01GL.nc
Processing ../../../datasets/GIRAFE/daily/2005/02/PREdm20050214000000120IMPGS01GL.nc
Processing ../../../datasets/GIRAFE/daily/2005/02/PREdm20050215000000120IMPGS01GL.nc
Processing ../../../datasets/GIRAFE/daily/2005/02/PREdm20050216000000120IMPGS01GL.nc
Processing ../../../datasets/GIRAFE/daily/2005/02/PREdm20050217000000120IMPGS01GL.nc
Processing ../../../datasets/GIRAFE/daily/2005/02/PREdm20050218000000120IMPGS01GL.nc
Processing ../../../datasets/GIRAFE/daily/2005/02/PREdm20050219000000120IMPGS01GL.nc
Processing ../../../datasets/GIRAFE/daily/2005/02/PREdm20050220000000120IMPGS01GL.nc
Processing ../../../datasets/GIRAFE/daily/2005/02/PREdm20050221000000120IMPGS01GL.nc
Processing ../../../datasets/GIRAFE/daily/2005/02/PREdm20050222000000120IMPGS01GL.nc
Processing ../../../datasets/GIRAFE/daily/2005/02/PREdm20050223000000120IMPGS01GL.nc
Processing ../../../datasets/GIRAFE/daily/2005/02/PREdm20050224000000120IMPGS01GL.nc
Processing ../../../datasets/GIRAFE/daily/2005/02/PREdm20050225000000120IMPGS01GL.nc
Processing ../../../datasets/GIRAFE/daily/2005/02/PREdm20050226000000120IMPGS01GL.nc
Processing ../../../datasets/GIRAFE/daily/2005/02/PREdm20050227000000120IMPGS01GL.nc
Processing ../../../datasets/GIRAFE/daily/2005/02/PREdm20050228000000120IMPGS01GL.nc
Processing ../../../datasets/GIRAFE/daily/2005/03/PREdm20050301000000120IMPGS01GL.nc
Processing ../../../datasets/GIRAFE/daily/2005/03/PREdm20050302000000120IMPGS01GL.nc
Processing ../../../datasets/GIRAFE/daily/2005/03/PREdm20050303000000120IMPGS01GL.nc
Processing ../../../datasets/GIRAFE/daily/2005/03/PREdm20050304000000120IMPGS01GL.nc
Processing ../../../datasets/GIRAFE/daily/2005/03/PREdm20050305000000120IMPGS01GL.nc
Processing ../../../datasets/GIRAFE/daily/2005/03/PREdm20050306000000120IMPGS01GL.nc
Processing ../../../datasets/GIRAFE/daily/2005/03/PREdm20050307000000120IMPGS01GL.nc
Processing ../../../datasets/GIRAFE/daily/2005/03/PREdm20050308000000120IMPGS01GL.nc
Processing ../../../datasets/GIRAFE/daily/2005/03/PREdm20050309000000120IMPGS01GL.nc
Processing ../../../datasets/GIRAFE/daily/2005/03/PREdm20050310000000120IMPGS01GL.nc
Processing ../../../datasets/GIRAFE/daily/2005/03/PREdm20050311000000120IMPGS01GL.nc
Processing ../../../datasets/GIRAFE/daily/2005/03/PREdm20050312000000120IMPGS01GL.nc
Processing ../../../datasets/GIRAFE/daily/2005/03/PREdm20050313000000120IMPGS01GL.nc
Processing ../../../datasets/GIRAFE/daily/2005/03/PREdm20050314000000120IMPGS01GL.nc
Processing ../../../datasets/GIRAFE/daily/2005/03/PREdm20050315000000120IMPGS01GL.nc
Processing ../../../datasets/GIRAFE/daily/2005/03/PREdm20050316000000120IMPGS01GL.nc
Processing ../../../datasets/GIRAFE/daily/2005/03/PREdm20050317000000120IMPGS01GL.nc
Processing ../../../datasets/GIRAFE/daily/2005/03/PREdm20050318000000120IMPGS01GL.nc
Processing ../../../datasets/GIRAFE/daily/2005/03/PREdm20050319000000120IMPGS01GL.nc
Processing ../../../datasets/GIRAFE/daily/2005/03/PREdm20050320000000120IMPGS01GL.nc
Processing ../../../datasets/GIRAFE/daily/2005/03/PREdm20050321000000120IMPGS01GL.nc
Processing ../../../datasets/GIRAFE/daily/2005/03/PREdm20050322000000120IMPGS01GL.nc
Processing ../../../datasets/GIRAFE/daily/2005/03/PREdm20050323000000120IMPGS01GL.nc
Processing ../../../datasets/GIRAFE/daily/2005/03/PREdm20050324000000120IMPGS01GL.nc
Processing ../../../datasets/GIRAFE/daily/2005/03/PREdm20050325000000120IMPGS01GL.nc
Processing ../../../datasets/GIRAFE/daily/2005/03/PREdm20050326000000120IMPGS01GL.nc
Processing ../../../datasets/GIRAFE/daily/2005/03/PREdm20050327000000120IMPGS01GL.nc
Processing ../../../datasets/GIRAFE/daily/2005/03/PREdm20050328000000120IMPGS01GL.nc
Processing ../../../datasets/GIRAFE/daily/2005/03/PREdm20050329000000120IMPGS01GL.nc
Processing ../../../datasets/GIRAFE/daily/2005/03/PREdm20050330000000120IMPGS01GL.nc
Processing ../../../datasets/GIRAFE/daily/2005/03/PREdm20050331000000120IMPGS01GL.nc
Processing ../../../datasets/GIRAFE/daily/2005/04/PREdm20050401000000120IMPGS01GL.nc
Processing ../../../datasets/GIRAFE/daily/2005/04/PREdm20050402000000120IMPGS01GL.nc
Processing ../../../datasets/GIRAFE/daily/2005/04/PREdm20050403000000120IMPGS01GL.nc
Processing ../../../datasets/GIRAFE/daily/2005/04/PREdm20050404000000120IMPGS01GL.nc
Processing ../../../datasets/GIRAFE/daily/2005/04/PREdm20050405000000120IMPGS01GL.nc
Processing ../../../datasets/GIRAFE/daily/2005/04/PREdm20050406000000120IMPGS01GL.nc
Processing ../../../datasets/GIRAFE/daily/2005/04/PREdm20050407000000120IMPGS01GL.nc
Processing ../../../datasets/GIRAFE/daily/2005/04/PREdm20050408000000120IMPGS01GL.nc
Processing ../../../datasets/GIRAFE/daily/2005/04/PREdm20050409000000120IMPGS01GL.nc
Processing ../../../datasets/GIRAFE/daily/2005/04/PREdm20050410000000120IMPGS01GL.nc
Processing ../../../datasets/GIRAFE/daily/2005/04/PREdm20050411000000120IMPGS01GL.nc
Processing ../../../datasets/GIRAFE/daily/2005/04/PREdm20050412000000120IMPGS01GL.nc
Processing ../../../datasets/GIRAFE/daily/2005/04/PREdm20050413000000120IMPGS01GL.nc
Processing ../../../datasets/GIRAFE/daily/2005/04/PREdm20050414000000120IMPGS01GL.nc
Processing ../../../datasets/GIRAFE/daily/2005/04/PREdm20050415000000120IMPGS01GL.nc
Processing ../../../datasets/GIRAFE/daily/2005/04/PREdm20050416000000120IMPGS01GL.nc
Processing ../../../datasets/GIRAFE/daily/2005/04/PREdm20050417000000120IMPGS01GL.nc
Processing ../../../datasets/GIRAFE/daily/2005/04/PREdm20050418000000120IMPGS01GL.nc
Processing ../../../datasets/GIRAFE/daily/2005/04/PREdm20050419000000120IMPGS01GL.nc
Processing ../../../datasets/GIRAFE/daily/2005/04/PREdm20050420000000120IMPGS01GL.nc
Processing ../../../datasets/GIRAFE/daily/2005/04/PREdm20050421000000120IMPGS01GL.nc
Processing ../../../datasets/GIRAFE/daily/2005/04/PREdm20050422000000120IMPGS01GL.nc
Processing ../../../datasets/GIRAFE/daily/2005/04/PREdm20050423000000120IMPGS01GL.nc
Processing ../../../datasets/GIRAFE/daily/2005/04/PREdm20050424000000120IMPGS01GL.nc
Processing ../../../datasets/GIRAFE/daily/2005/04/PREdm20050425000000120IMPGS01GL.nc
Processing ../../../datasets/GIRAFE/daily/2005/04/PREdm20050426000000120IMPGS01GL.nc
Processing ../../../datasets/GIRAFE/daily/2005/04/PREdm20050427000000120IMPGS01GL.nc
Processing ../../../datasets/GIRAFE/daily/2005/04/PREdm20050428000000120IMPGS01GL.nc
Processing ../../../datasets/GIRAFE/daily/2005/04/PREdm20050429000000120IMPGS01GL.nc
Processing ../../../datasets/GIRAFE/daily/2005/04/PREdm20050430000000120IMPGS01GL.nc
Processing ../../../datasets/GIRAFE/daily/2005/05/PREdm20050501000000120IMPGS01GL.nc
Processing ../../../datasets/GIRAFE/daily/2005/05/PREdm20050502000000120IMPGS01GL.nc
Processing ../../../datasets/GIRAFE/daily/2005/05/PREdm20050503000000120IMPGS01GL.nc
Processing ../../../datasets/GIRAFE/daily/2005/05/PREdm20050504000000120IMPGS01GL.nc
Processing ../../../datasets/GIRAFE/daily/2005/05/PREdm20050505000000120IMPGS01GL.nc
Processing ../../../datasets/GIRAFE/daily/2005/05/PREdm20050506000000120IMPGS01GL.nc
Processing ../../../datasets/GIRAFE/daily/2005/05/PREdm20050507000000120IMPGS01GL.nc
Processing ../../../datasets/GIRAFE/daily/2005/05/PREdm20050508000000120IMPGS01GL.nc
Processing ../../../datasets/GIRAFE/daily/2005/05/PREdm20050509000000120IMPGS01GL.nc
Processing ../../../datasets/GIRAFE/daily/2005/05/PREdm20050510000000120IMPGS01GL.nc
Processing ../../../datasets/GIRAFE/daily/2005/05/PREdm20050511000000120IMPGS01GL.nc
Processing ../../../datasets/GIRAFE/daily/2005/05/PREdm20050512000000120IMPGS01GL.nc
Processing ../../../datasets/GIRAFE/daily/2005/05/PREdm20050513000000120IMPGS01GL.nc
Processing ../../../datasets/GIRAFE/daily/2005/05/PREdm20050514000000120IMPGS01GL.nc
Processing ../../../datasets/GIRAFE/daily/2005/05/PREdm20050515000000120IMPGS01GL.nc
Processing ../../../datasets/GIRAFE/daily/2005/05/PREdm20050516000000120IMPGS01GL.nc
Processing ../../../datasets/GIRAFE/daily/2005/05/PREdm20050517000000120IMPGS01GL.nc
Processing ../../../datasets/GIRAFE/daily/2005/05/PREdm20050518000000120IMPGS01GL.nc
Processing ../../../datasets/GIRAFE/daily/2005/05/PREdm20050519000000120IMPGS01GL.nc
Processing ../../../datasets/GIRAFE/daily/2005/05/PREdm20050520000000120IMPGS01GL.nc
Processing ../../../datasets/GIRAFE/daily/2005/05/PREdm20050521000000120IMPGS01GL.nc
Processing ../../../datasets/GIRAFE/daily/2005/05/PREdm20050522000000120IMPGS01GL.nc
Processing ../../../datasets/GIRAFE/daily/2005/05/PREdm20050523000000120IMPGS01GL.nc
Processing ../../../datasets/GIRAFE/daily/2005/05/PREdm20050524000000120IMPGS01GL.nc
Processing ../../../datasets/GIRAFE/daily/2005/05/PREdm20050525000000120IMPGS01GL.nc
Processing ../../../datasets/GIRAFE/daily/2005/05/PREdm20050526000000120IMPGS01GL.nc
Processing ../../../datasets/GIRAFE/daily/2005/05/PREdm20050527000000120IMPGS01GL.nc
Processing ../../../datasets/GIRAFE/daily/2005/05/PREdm20050528000000120IMPGS01GL.nc
Processing ../../../datasets/GIRAFE/daily/2005/05/PREdm20050529000000120IMPGS01GL.nc
Processing ../../../datasets/GIRAFE/daily/2005/05/PREdm20050530000000120IMPGS01GL.nc
Processing ../../../datasets/GIRAFE/daily/2005/05/PREdm20050531000000120IMPGS01GL.nc
Processing ../../../datasets/GIRAFE/daily/2005/06/PREdm20050601000000120IMPGS01GL.nc
Processing ../../../datasets/GIRAFE/daily/2005/06/PREdm20050602000000120IMPGS01GL.nc
Processing ../../../datasets/GIRAFE/daily/2005/06/PREdm20050603000000120IMPGS01GL.nc
Processing ../../../datasets/GIRAFE/daily/2005/06/PREdm20050604000000120IMPGS01GL.nc
Processing ../../../datasets/GIRAFE/daily/2005/06/PREdm20050605000000120IMPGS01GL.nc
Processing ../../../datasets/GIRAFE/daily/2005/06/PREdm20050606000000120IMPGS01GL.nc
Processing ../../../datasets/GIRAFE/daily/2005/06/PREdm20050607000000120IMPGS01GL.nc
Processing ../../../datasets/GIRAFE/daily/2005/06/PREdm20050608000000120IMPGS01GL.nc
Processing ../../../datasets/GIRAFE/daily/2005/06/PREdm20050609000000120IMPGS01GL.nc
Processing ../../../datasets/GIRAFE/daily/2005/06/PREdm20050610000000120IMPGS01GL.nc
Processing ../../../datasets/GIRAFE/daily/2005/06/PREdm20050611000000120IMPGS01GL.nc
Processing ../../../datasets/GIRAFE/daily/2005/06/PREdm20050612000000120IMPGS01GL.nc
Processing ../../../datasets/GIRAFE/daily/2005/06/PREdm20050613000000120IMPGS01GL.nc
Processing ../../../datasets/GIRAFE/daily/2005/06/PREdm20050614000000120IMPGS01GL.nc
Processing ../../../datasets/GIRAFE/daily/2005/06/PREdm20050615000000120IMPGS01GL.nc
Processing ../../../datasets/GIRAFE/daily/2005/06/PREdm20050616000000120IMPGS01GL.nc
Processing ../../../datasets/GIRAFE/daily/2005/06/PREdm20050617000000120IMPGS01GL.nc
Processing ../../../datasets/GIRAFE/daily/2005/06/PREdm20050618000000120IMPGS01GL.nc
Processing ../../../datasets/GIRAFE/daily/2005/06/PREdm20050619000000120IMPGS01GL.nc
Processing ../../../datasets/GIRAFE/daily/2005/06/PREdm20050620000000120IMPGS01GL.nc
Processing ../../../datasets/GIRAFE/daily/2005/06/PREdm20050621000000120IMPGS01GL.nc
Processing ../../../datasets/GIRAFE/daily/2005/06/PREdm20050622000000120IMPGS01GL.nc
Processing ../../../datasets/GIRAFE/daily/2005/06/PREdm20050623000000120IMPGS01GL.nc
Processing ../../../datasets/GIRAFE/daily/2005/06/PREdm20050624000000120IMPGS01GL.nc
Processing ../../../datasets/GIRAFE/daily/2005/06/PREdm20050625000000120IMPGS01GL.nc
Processing ../../../datasets/GIRAFE/daily/2005/06/PREdm20050626000000120IMPGS01GL.nc
Processing ../../../datasets/GIRAFE/daily/2005/06/PREdm20050627000000120IMPGS01GL.nc
Processing ../../../datasets/GIRAFE/daily/2005/06/PREdm20050628000000120IMPGS01GL.nc
Processing ../../../datasets/GIRAFE/daily/2005/06/PREdm20050629000000120IMPGS01GL.nc
Processing ../../../datasets/GIRAFE/daily/2005/06/PREdm20050630000000120IMPGS01GL.nc
Processing ../../../datasets/GIRAFE/daily/2005/07/PREdm20050701000000120IMPGS01GL.nc
Processing ../../../datasets/GIRAFE/daily/2005/07/PREdm20050702000000120IMPGS01GL.nc
Processing ../../../datasets/GIRAFE/daily/2005/07/PREdm20050703000000120IMPGS01GL.nc
Processing ../../../datasets/GIRAFE/daily/2005/07/PREdm20050704000000120IMPGS01GL.nc
Processing ../../../datasets/GIRAFE/daily/2005/07/PREdm20050705000000120IMPGS01GL.nc
Processing ../../../datasets/GIRAFE/daily/2005/07/PREdm20050706000000120IMPGS01GL.nc
Processing ../../../datasets/GIRAFE/daily/2005/07/PREdm20050707000000120IMPGS01GL.nc
Processing ../../../datasets/GIRAFE/daily/2005/07/PREdm20050708000000120IMPGS01GL.nc
Processing ../../../datasets/GIRAFE/daily/2005/07/PREdm20050709000000120IMPGS01GL.nc
Processing ../../../datasets/GIRAFE/daily/2005/07/PREdm20050710000000120IMPGS01GL.nc
Processing ../../../datasets/GIRAFE/daily/2005/07/PREdm20050711000000120IMPGS01GL.nc
Processing ../../../datasets/GIRAFE/daily/2005/07/PREdm20050712000000120IMPGS01GL.nc
Processing ../../../datasets/GIRAFE/daily/2005/07/PREdm20050713000000120IMPGS01GL.nc
Processing ../../../datasets/GIRAFE/daily/2005/07/PREdm20050714000000120IMPGS01GL.nc
Processing ../../../datasets/GIRAFE/daily/2005/07/PREdm20050715000000120IMPGS01GL.nc
Processing ../../../datasets/GIRAFE/daily/2005/07/PREdm20050716000000120IMPGS01GL.nc
Processing ../../../datasets/GIRAFE/daily/2005/07/PREdm20050717000000120IMPGS01GL.nc
Processing ../../../datasets/GIRAFE/daily/2005/07/PREdm20050718000000120IMPGS01GL.nc
Processing ../../../datasets/GIRAFE/daily/2005/07/PREdm20050719000000120IMPGS01GL.nc
Processing ../../../datasets/GIRAFE/daily/2005/07/PREdm20050720000000120IMPGS01GL.nc
Processing ../../../datasets/GIRAFE/daily/2005/07/PREdm20050721000000120IMPGS01GL.nc
Processing ../../../datasets/GIRAFE/daily/2005/07/PREdm20050722000000120IMPGS01GL.nc
Processing ../../../datasets/GIRAFE/daily/2005/07/PREdm20050723000000120IMPGS01GL.nc
Processing ../../../datasets/GIRAFE/daily/2005/07/PREdm20050724000000120IMPGS01GL.nc
Processing ../../../datasets/GIRAFE/daily/2005/07/PREdm20050725000000120IMPGS01GL.nc
Processing ../../../datasets/GIRAFE/daily/2005/07/PREdm20050726000000120IMPGS01GL.nc
Processing ../../../datasets/GIRAFE/daily/2005/07/PREdm20050727000000120IMPGS01GL.nc
Processing ../../../datasets/GIRAFE/daily/2005/07/PREdm20050728000000120IMPGS01GL.nc
Processing ../../../datasets/GIRAFE/daily/2005/07/PREdm20050729000000120IMPGS01GL.nc
Processing ../../../datasets/GIRAFE/daily/2005/07/PREdm20050730000000120IMPGS01GL.nc
Processing ../../../datasets/GIRAFE/daily/2005/07/PREdm20050731000000120IMPGS01GL.nc
Processing ../../../datasets/GIRAFE/daily/2005/08/PREdm20050801000000120IMPGS01GL.nc
Processing ../../../datasets/GIRAFE/daily/2005/08/PREdm20050802000000120IMPGS01GL.nc
Processing ../../../datasets/GIRAFE/daily/2005/08/PREdm20050803000000120IMPGS01GL.nc
Processing ../../../datasets/GIRAFE/daily/2005/08/PREdm20050804000000120IMPGS01GL.nc
Processing ../../../datasets/GIRAFE/daily/2005/08/PREdm20050805000000120IMPGS01GL.nc
Processing ../../../datasets/GIRAFE/daily/2005/08/PREdm20050806000000120IMPGS01GL.nc
Processing ../../../datasets/GIRAFE/daily/2005/08/PREdm20050807000000120IMPGS01GL.nc
Processing ../../../datasets/GIRAFE/daily/2005/08/PREdm20050808000000120IMPGS01GL.nc
Processing ../../../datasets/GIRAFE/daily/2005/08/PREdm20050809000000120IMPGS01GL.nc
Processing ../../../datasets/GIRAFE/daily/2005/08/PREdm20050810000000120IMPGS01GL.nc
Processing ../../../datasets/GIRAFE/daily/2005/08/PREdm20050811000000120IMPGS01GL.nc
Processing ../../../datasets/GIRAFE/daily/2005/08/PREdm20050812000000120IMPGS01GL.nc
Processing ../../../datasets/GIRAFE/daily/2005/08/PREdm20050813000000120IMPGS01GL.nc
Processing ../../../datasets/GIRAFE/daily/2005/08/PREdm20050814000000120IMPGS01GL.nc
Processing ../../../datasets/GIRAFE/daily/2005/08/PREdm20050815000000120IMPGS01GL.nc
Processing ../../../datasets/GIRAFE/daily/2005/08/PREdm20050816000000120IMPGS01GL.nc
Processing ../../../datasets/GIRAFE/daily/2005/08/PREdm20050817000000120IMPGS01GL.nc
Processing ../../../datasets/GIRAFE/daily/2005/08/PREdm20050818000000120IMPGS01GL.nc
Processing ../../../datasets/GIRAFE/daily/2005/08/PREdm20050819000000120IMPGS01GL.nc
Processing ../../../datasets/GIRAFE/daily/2005/08/PREdm20050820000000120IMPGS01GL.nc
Processing ../../../datasets/GIRAFE/daily/2005/08/PREdm20050821000000120IMPGS01GL.nc
Processing ../../../datasets/GIRAFE/daily/2005/08/PREdm20050822000000120IMPGS01GL.nc
Processing ../../../datasets/GIRAFE/daily/2005/08/PREdm20050823000000120IMPGS01GL.nc
Processing ../../../datasets/GIRAFE/daily/2005/08/PREdm20050824000000120IMPGS01GL.nc
Processing ../../../datasets/GIRAFE/daily/2005/08/PREdm20050825000000120IMPGS01GL.nc
Processing ../../../datasets/GIRAFE/daily/2005/08/PREdm20050826000000120IMPGS01GL.nc
Processing ../../../datasets/GIRAFE/daily/2005/08/PREdm20050827000000120IMPGS01GL.nc
Processing ../../../datasets/GIRAFE/daily/2005/08/PREdm20050828000000120IMPGS01GL.nc
Processing ../../../datasets/GIRAFE/daily/2005/08/PREdm20050829000000120IMPGS01GL.nc
Processing ../../../datasets/GIRAFE/daily/2005/08/PREdm20050830000000120IMPGS01GL.nc
Processing ../../../datasets/GIRAFE/daily/2005/08/PREdm20050831000000120IMPGS01GL.nc
Processing ../../../datasets/GIRAFE/daily/2005/09/PREdm20050901000000120IMPGS01GL.nc
Processing ../../../datasets/GIRAFE/daily/2005/09/PREdm20050902000000120IMPGS01GL.nc
Processing ../../../datasets/GIRAFE/daily/2005/09/PREdm20050903000000120IMPGS01GL.nc
Processing ../../../datasets/GIRAFE/daily/2005/09/PREdm20050904000000120IMPGS01GL.nc
Processing ../../../datasets/GIRAFE/daily/2005/09/PREdm20050905000000120IMPGS01GL.nc
Processing ../../../datasets/GIRAFE/daily/2005/09/PREdm20050906000000120IMPGS01GL.nc
Processing ../../../datasets/GIRAFE/daily/2005/09/PREdm20050907000000120IMPGS01GL.nc
Processing ../../../datasets/GIRAFE/daily/2005/09/PREdm20050908000000120IMPGS01GL.nc
Processing ../../../datasets/GIRAFE/daily/2005/09/PREdm20050909000000120IMPGS01GL.nc
Processing ../../../datasets/GIRAFE/daily/2005/09/PREdm20050910000000120IMPGS01GL.nc
Processing ../../../datasets/GIRAFE/daily/2005/09/PREdm20050911000000120IMPGS01GL.nc
Processing ../../../datasets/GIRAFE/daily/2005/09/PREdm20050912000000120IMPGS01GL.nc
Processing ../../../datasets/GIRAFE/daily/2005/09/PREdm20050913000000120IMPGS01GL.nc
Processing ../../../datasets/GIRAFE/daily/2005/09/PREdm20050914000000120IMPGS01GL.nc
Processing ../../../datasets/GIRAFE/daily/2005/09/PREdm20050915000000120IMPGS01GL.nc
Processing ../../../datasets/GIRAFE/daily/2005/09/PREdm20050916000000120IMPGS01GL.nc
Processing ../../../datasets/GIRAFE/daily/2005/09/PREdm20050917000000120IMPGS01GL.nc
Processing ../../../datasets/GIRAFE/daily/2005/09/PREdm20050918000000120IMPGS01GL.nc
Processing ../../../datasets/GIRAFE/daily/2005/09/PREdm20050919000000120IMPGS01GL.nc
Processing ../../../datasets/GIRAFE/daily/2005/09/PREdm20050920000000120IMPGS01GL.nc
Processing ../../../datasets/GIRAFE/daily/2005/09/PREdm20050921000000120IMPGS01GL.nc
Processing ../../../datasets/GIRAFE/daily/2005/09/PREdm20050922000000120IMPGS01GL.nc
Processing ../../../datasets/GIRAFE/daily/2005/09/PREdm20050923000000120IMPGS01GL.nc
Processing ../../../datasets/GIRAFE/daily/2005/09/PREdm20050924000000120IMPGS01GL.nc
Processing ../../../datasets/GIRAFE/daily/2005/09/PREdm20050925000000120IMPGS01GL.nc
Processing ../../../datasets/GIRAFE/daily/2005/09/PREdm20050926000000120IMPGS01GL.nc
Processing ../../../datasets/GIRAFE/daily/2005/09/PREdm20050927000000120IMPGS01GL.nc
Processing ../../../datasets/GIRAFE/daily/2005/09/PREdm20050928000000120IMPGS01GL.nc
Processing ../../../datasets/GIRAFE/daily/2005/09/PREdm20050929000000120IMPGS01GL.nc
Processing ../../../datasets/GIRAFE/daily/2005/09/PREdm20050930000000120IMPGS01GL.nc
Processing ../../../datasets/GIRAFE/daily/2005/10/PREdm20051001000000120IMPGS01GL.nc
Processing ../../../datasets/GIRAFE/daily/2005/10/PREdm20051002000000120IMPGS01GL.nc
Processing ../../../datasets/GIRAFE/daily/2005/10/PREdm20051003000000120IMPGS01GL.nc
Processing ../../../datasets/GIRAFE/daily/2005/10/PREdm20051004000000120IMPGS01GL.nc
Processing ../../../datasets/GIRAFE/daily/2005/10/PREdm20051005000000120IMPGS01GL.nc
Processing ../../../datasets/GIRAFE/daily/2005/10/PREdm20051006000000120IMPGS01GL.nc
Processing ../../../datasets/GIRAFE/daily/2005/10/PREdm20051007000000120IMPGS01GL.nc
Processing ../../../datasets/GIRAFE/daily/2005/10/PREdm20051008000000120IMPGS01GL.nc
Processing ../../../datasets/GIRAFE/daily/2005/10/PREdm20051009000000120IMPGS01GL.nc
Processing ../../../datasets/GIRAFE/daily/2005/10/PREdm20051010000000120IMPGS01GL.nc
Processing ../../../datasets/GIRAFE/daily/2005/10/PREdm20051011000000120IMPGS01GL.nc
Processing ../../../datasets/GIRAFE/daily/2005/10/PREdm20051012000000120IMPGS01GL.nc
Processing ../../../datasets/GIRAFE/daily/2005/10/PREdm20051013000000120IMPGS01GL.nc
Processing ../../../datasets/GIRAFE/daily/2005/10/PREdm20051014000000120IMPGS01GL.nc
Processing ../../../datasets/GIRAFE/daily/2005/10/PREdm20051015000000120IMPGS01GL.nc
Processing ../../../datasets/GIRAFE/daily/2005/10/PREdm20051016000000120IMPGS01GL.nc
Processing ../../../datasets/GIRAFE/daily/2005/10/PREdm20051017000000120IMPGS01GL.nc
Processing ../../../datasets/GIRAFE/daily/2005/10/PREdm20051018000000120IMPGS01GL.nc
Processing ../../../datasets/GIRAFE/daily/2005/10/PREdm20051019000000120IMPGS01GL.nc
Processing ../../../datasets/GIRAFE/daily/2005/10/PREdm20051020000000120IMPGS01GL.nc
Processing ../../../datasets/GIRAFE/daily/2005/10/PREdm20051021000000120IMPGS01GL.nc
Processing ../../../datasets/GIRAFE/daily/2005/10/PREdm20051022000000120IMPGS01GL.nc
Processing ../../../datasets/GIRAFE/daily/2005/10/PREdm20051023000000120IMPGS01GL.nc
Processing ../../../datasets/GIRAFE/daily/2005/10/PREdm20051024000000120IMPGS01GL.nc
Processing ../../../datasets/GIRAFE/daily/2005/10/PREdm20051025000000120IMPGS01GL.nc
Processing ../../../datasets/GIRAFE/daily/2005/10/PREdm20051026000000120IMPGS01GL.nc
Processing ../../../datasets/GIRAFE/daily/2005/10/PREdm20051027000000120IMPGS01GL.nc
Processing ../../../datasets/GIRAFE/daily/2005/10/PREdm20051028000000120IMPGS01GL.nc
Processing ../../../datasets/GIRAFE/daily/2005/10/PREdm20051029000000120IMPGS01GL.nc
Processing ../../../datasets/GIRAFE/daily/2005/10/PREdm20051030000000120IMPGS01GL.nc
Processing ../../../datasets/GIRAFE/daily/2005/10/PREdm20051031000000120IMPGS01GL.nc
Processing ../../../datasets/GIRAFE/daily/2005/11/PREdm20051101000000120IMPGS01GL.nc
Processing ../../../datasets/GIRAFE/daily/2005/11/PREdm20051102000000120IMPGS01GL.nc
Processing ../../../datasets/GIRAFE/daily/2005/11/PREdm20051103000000120IMPGS01GL.nc
Processing ../../../datasets/GIRAFE/daily/2005/11/PREdm20051104000000120IMPGS01GL.nc
Processing ../../../datasets/GIRAFE/daily/2005/11/PREdm20051105000000120IMPGS01GL.nc
Processing ../../../datasets/GIRAFE/daily/2005/11/PREdm20051106000000120IMPGS01GL.nc
Processing ../../../datasets/GIRAFE/daily/2005/11/PREdm20051107000000120IMPGS01GL.nc
Processing ../../../datasets/GIRAFE/daily/2005/11/PREdm20051108000000120IMPGS01GL.nc
Processing ../../../datasets/GIRAFE/daily/2005/11/PREdm20051109000000120IMPGS01GL.nc
Processing ../../../datasets/GIRAFE/daily/2005/11/PREdm20051110000000120IMPGS01GL.nc
Processing ../../../datasets/GIRAFE/daily/2005/11/PREdm20051111000000120IMPGS01GL.nc
Processing ../../../datasets/GIRAFE/daily/2005/11/PREdm20051112000000120IMPGS01GL.nc
Processing ../../../datasets/GIRAFE/daily/2005/11/PREdm20051113000000120IMPGS01GL.nc
Processing ../../../datasets/GIRAFE/daily/2005/11/PREdm20051114000000120IMPGS01GL.nc
Processing ../../../datasets/GIRAFE/daily/2005/11/PREdm20051115000000120IMPGS01GL.nc
Processing ../../../datasets/GIRAFE/daily/2005/11/PREdm20051116000000120IMPGS01GL.nc
Processing ../../../datasets/GIRAFE/daily/2005/11/PREdm20051117000000120IMPGS01GL.nc
Processing ../../../datasets/GIRAFE/daily/2005/11/PREdm20051118000000120IMPGS01GL.nc
Processing ../../../datasets/GIRAFE/daily/2005/11/PREdm20051119000000120IMPGS01GL.nc
Processing ../../../datasets/GIRAFE/daily/2005/11/PREdm20051120000000120IMPGS01GL.nc
Processing ../../../datasets/GIRAFE/daily/2005/11/PREdm20051121000000120IMPGS01GL.nc
Processing ../../../datasets/GIRAFE/daily/2005/11/PREdm20051122000000120IMPGS01GL.nc
Processing ../../../datasets/GIRAFE/daily/2005/11/PREdm20051123000000120IMPGS01GL.nc
Processing ../../../datasets/GIRAFE/daily/2005/11/PREdm20051124000000120IMPGS01GL.nc
Processing ../../../datasets/GIRAFE/daily/2005/11/PREdm20051125000000120IMPGS01GL.nc
Processing ../../../datasets/GIRAFE/daily/2005/11/PREdm20051126000000120IMPGS01GL.nc
Processing ../../../datasets/GIRAFE/daily/2005/11/PREdm20051127000000120IMPGS01GL.nc
Processing ../../../datasets/GIRAFE/daily/2005/11/PREdm20051128000000120IMPGS01GL.nc
Processing ../../../datasets/GIRAFE/daily/2005/11/PREdm20051129000000120IMPGS01GL.nc
Processing ../../../datasets/GIRAFE/daily/2005/11/PREdm20051130000000120IMPGS01GL.nc
Processing ../../../datasets/GIRAFE/daily/2005/12/PREdm20051201000000120IMPGS01GL.nc
Processing ../../../datasets/GIRAFE/daily/2005/12/PREdm20051202000000120IMPGS01GL.nc
Processing ../../../datasets/GIRAFE/daily/2005/12/PREdm20051203000000120IMPGS01GL.nc
Processing ../../../datasets/GIRAFE/daily/2005/12/PREdm20051204000000120IMPGS01GL.nc
Processing ../../../datasets/GIRAFE/daily/2005/12/PREdm20051205000000120IMPGS01GL.nc
Processing ../../../datasets/GIRAFE/daily/2005/12/PREdm20051206000000120IMPGS01GL.nc
Processing ../../../datasets/GIRAFE/daily/2005/12/PREdm20051207000000120IMPGS01GL.nc
Processing ../../../datasets/GIRAFE/daily/2005/12/PREdm20051208000000120IMPGS01GL.nc
Processing ../../../datasets/GIRAFE/daily/2005/12/PREdm20051209000000120IMPGS01GL.nc
Processing ../../../datasets/GIRAFE/daily/2005/12/PREdm20051210000000120IMPGS01GL.nc
Processing ../../../datasets/GIRAFE/daily/2005/12/PREdm20051211000000120IMPGS01GL.nc
Processing ../../../datasets/GIRAFE/daily/2005/12/PREdm20051212000000120IMPGS01GL.nc
Processing ../../../datasets/GIRAFE/daily/2005/12/PREdm20051213000000120IMPGS01GL.nc
Processing ../../../datasets/GIRAFE/daily/2005/12/PREdm20051214000000120IMPGS01GL.nc
Processing ../../../datasets/GIRAFE/daily/2005/12/PREdm20051215000000120IMPGS01GL.nc
Processing ../../../datasets/GIRAFE/daily/2005/12/PREdm20051216000000120IMPGS01GL.nc
Processing ../../../datasets/GIRAFE/daily/2005/12/PREdm20051217000000120IMPGS01GL.nc
Processing ../../../datasets/GIRAFE/daily/2005/12/PREdm20051218000000120IMPGS01GL.nc
Processing ../../../datasets/GIRAFE/daily/2005/12/PREdm20051219000000120IMPGS01GL.nc
Processing ../../../datasets/GIRAFE/daily/2005/12/PREdm20051220000000120IMPGS01GL.nc
Processing ../../../datasets/GIRAFE/daily/2005/12/PREdm20051221000000120IMPGS01GL.nc
Processing ../../../datasets/GIRAFE/daily/2005/12/PREdm20051222000000120IMPGS01GL.nc
Processing ../../../datasets/GIRAFE/daily/2005/12/PREdm20051223000000120IMPGS01GL.nc
Processing ../../../datasets/GIRAFE/daily/2005/12/PREdm20051224000000120IMPGS01GL.nc
Processing ../../../datasets/GIRAFE/daily/2005/12/PREdm20051225000000120IMPGS01GL.nc
Processing ../../../datasets/GIRAFE/daily/2005/12/PREdm20051226000000120IMPGS01GL.nc
Processing ../../../datasets/GIRAFE/daily/2005/12/PREdm20051227000000120IMPGS01GL.nc
Processing ../../../datasets/GIRAFE/daily/2005/12/PREdm20051228000000120IMPGS01GL.nc
Processing ../../../datasets/GIRAFE/daily/2005/12/PREdm20051229000000120IMPGS01GL.nc
Processing ../../../datasets/GIRAFE/daily/2005/12/PREdm20051230000000120IMPGS01GL.nc
Processing ../../../datasets/GIRAFE/daily/2005/12/PREdm20051231000000120IMPGS01GL.nc
Processing ../../../datasets/GIRAFE/daily/2006/01/PREdm20060101000000120IMPGS01GL.nc
Processing ../../../datasets/GIRAFE/daily/2006/01/PREdm20060102000000120IMPGS01GL.nc
Processing ../../../datasets/GIRAFE/daily/2006/01/PREdm20060103000000120IMPGS01GL.nc
Processing ../../../datasets/GIRAFE/daily/2006/01/PREdm20060104000000120IMPGS01GL.nc
Processing ../../../datasets/GIRAFE/daily/2006/01/PREdm20060105000000120IMPGS01GL.nc
Processing ../../../datasets/GIRAFE/daily/2006/01/PREdm20060106000000120IMPGS01GL.nc
Processing ../../../datasets/GIRAFE/daily/2006/01/PREdm20060107000000120IMPGS01GL.nc
Processing ../../../datasets/GIRAFE/daily/2006/01/PREdm20060108000000120IMPGS01GL.nc
Processing ../../../datasets/GIRAFE/daily/2006/01/PREdm20060109000000120IMPGS01GL.nc
Processing ../../../datasets/GIRAFE/daily/2006/01/PREdm20060110000000120IMPGS01GL.nc
Processing ../../../datasets/GIRAFE/daily/2006/01/PREdm20060111000000120IMPGS01GL.nc
Processing ../../../datasets/GIRAFE/daily/2006/01/PREdm20060112000000120IMPGS01GL.nc
Processing ../../../datasets/GIRAFE/daily/2006/01/PREdm20060113000000120IMPGS01GL.nc
Processing ../../../datasets/GIRAFE/daily/2006/01/PREdm20060114000000120IMPGS01GL.nc
Processing ../../../datasets/GIRAFE/daily/2006/01/PREdm20060115000000120IMPGS01GL.nc
Processing ../../../datasets/GIRAFE/daily/2006/01/PREdm20060116000000120IMPGS01GL.nc
Processing ../../../datasets/GIRAFE/daily/2006/01/PREdm20060117000000120IMPGS01GL.nc
Processing ../../../datasets/GIRAFE/daily/2006/01/PREdm20060118000000120IMPGS01GL.nc
Processing ../../../datasets/GIRAFE/daily/2006/01/PREdm20060119000000120IMPGS01GL.nc
Processing ../../../datasets/GIRAFE/daily/2006/01/PREdm20060120000000120IMPGS01GL.nc
Processing ../../../datasets/GIRAFE/daily/2006/01/PREdm20060121000000120IMPGS01GL.nc
Processing ../../../datasets/GIRAFE/daily/2006/01/PREdm20060122000000120IMPGS01GL.nc
Processing ../../../datasets/GIRAFE/daily/2006/01/PREdm20060123000000120IMPGS01GL.nc
Processing ../../../datasets/GIRAFE/daily/2006/01/PREdm20060124000000120IMPGS01GL.nc
Processing ../../../datasets/GIRAFE/daily/2006/01/PREdm20060125000000120IMPGS01GL.nc
Processing ../../../datasets/GIRAFE/daily/2006/01/PREdm20060126000000120IMPGS01GL.nc
Processing ../../../datasets/GIRAFE/daily/2006/01/PREdm20060127000000120IMPGS01GL.nc
Processing ../../../datasets/GIRAFE/daily/2006/01/PREdm20060128000000120IMPGS01GL.nc
Processing ../../../datasets/GIRAFE/daily/2006/01/PREdm20060129000000120IMPGS01GL.nc
Processing ../../../datasets/GIRAFE/daily/2006/01/PREdm20060130000000120IMPGS01GL.nc
Processing ../../../datasets/GIRAFE/daily/2006/01/PREdm20060131000000120IMPGS01GL.nc
Processing ../../../datasets/GIRAFE/daily/2006/02/PREdm20060201000000120IMPGS01GL.nc
Processing ../../../datasets/GIRAFE/daily/2006/02/PREdm20060202000000120IMPGS01GL.nc
Processing ../../../datasets/GIRAFE/daily/2006/02/PREdm20060203000000120IMPGS01GL.nc
Processing ../../../datasets/GIRAFE/daily/2006/02/PREdm20060204000000120IMPGS01GL.nc
Processing ../../../datasets/GIRAFE/daily/2006/02/PREdm20060205000000120IMPGS01GL.nc
Processing ../../../datasets/GIRAFE/daily/2006/02/PREdm20060206000000120IMPGS01GL.nc
Processing ../../../datasets/GIRAFE/daily/2006/02/PREdm20060207000000120IMPGS01GL.nc
Processing ../../../datasets/GIRAFE/daily/2006/02/PREdm20060208000000120IMPGS01GL.nc
Processing ../../../datasets/GIRAFE/daily/2006/02/PREdm20060209000000120IMPGS01GL.nc
Processing ../../../datasets/GIRAFE/daily/2006/02/PREdm20060210000000120IMPGS01GL.nc
Processing ../../../datasets/GIRAFE/daily/2006/02/PREdm20060211000000120IMPGS01GL.nc
Processing ../../../datasets/GIRAFE/daily/2006/02/PREdm20060212000000120IMPGS01GL.nc
Processing ../../../datasets/GIRAFE/daily/2006/02/PREdm20060213000000120IMPGS01GL.nc
Processing ../../../datasets/GIRAFE/daily/2006/02/PREdm20060214000000120IMPGS01GL.nc
Processing ../../../datasets/GIRAFE/daily/2006/02/PREdm20060215000000120IMPGS01GL.nc
Processing ../../../datasets/GIRAFE/daily/2006/02/PREdm20060216000000120IMPGS01GL.nc
Processing ../../../datasets/GIRAFE/daily/2006/02/PREdm20060217000000120IMPGS01GL.nc
Processing ../../../datasets/GIRAFE/daily/2006/02/PREdm20060218000000120IMPGS01GL.nc
Processing ../../../datasets/GIRAFE/daily/2006/02/PREdm20060219000000120IMPGS01GL.nc
Processing ../../../datasets/GIRAFE/daily/2006/02/PREdm20060220000000120IMPGS01GL.nc
Processing ../../../datasets/GIRAFE/daily/2006/02/PREdm20060221000000120IMPGS01GL.nc
Processing ../../../datasets/GIRAFE/daily/2006/02/PREdm20060222000000120IMPGS01GL.nc
Processing ../../../datasets/GIRAFE/daily/2006/02/PREdm20060223000000120IMPGS01GL.nc
Processing ../../../datasets/GIRAFE/daily/2006/02/PREdm20060224000000120IMPGS01GL.nc
Processing ../../../datasets/GIRAFE/daily/2006/02/PREdm20060225000000120IMPGS01GL.nc
Processing ../../../datasets/GIRAFE/daily/2006/02/PREdm20060226000000120IMPGS01GL.nc
Processing ../../../datasets/GIRAFE/daily/2006/02/PREdm20060227000000120IMPGS01GL.nc
Processing ../../../datasets/GIRAFE/daily/2006/02/PREdm20060228000000120IMPGS01GL.nc
Processing ../../../datasets/GIRAFE/daily/2006/03/PREdm20060301000000120IMPGS01GL.nc
Processing ../../../datasets/GIRAFE/daily/2006/03/PREdm20060302000000120IMPGS01GL.nc
Processing ../../../datasets/GIRAFE/daily/2006/03/PREdm20060303000000120IMPGS01GL.nc
Processing ../../../datasets/GIRAFE/daily/2006/03/PREdm20060304000000120IMPGS01GL.nc
Processing ../../../datasets/GIRAFE/daily/2006/03/PREdm20060305000000120IMPGS01GL.nc
Processing ../../../datasets/GIRAFE/daily/2006/03/PREdm20060306000000120IMPGS01GL.nc
Processing ../../../datasets/GIRAFE/daily/2006/03/PREdm20060307000000120IMPGS01GL.nc
Processing ../../../datasets/GIRAFE/daily/2006/03/PREdm20060308000000120IMPGS01GL.nc
Processing ../../../datasets/GIRAFE/daily/2006/03/PREdm20060309000000120IMPGS01GL.nc
Processing ../../../datasets/GIRAFE/daily/2006/03/PREdm20060310000000120IMPGS01GL.nc
Processing ../../../datasets/GIRAFE/daily/2006/03/PREdm20060311000000120IMPGS01GL.nc
Processing ../../../datasets/GIRAFE/daily/2006/03/PREdm20060312000000120IMPGS01GL.nc
Processing ../../../datasets/GIRAFE/daily/2006/03/PREdm20060313000000120IMPGS01GL.nc
Processing ../../../datasets/GIRAFE/daily/2006/03/PREdm20060314000000120IMPGS01GL.nc
Processing ../../../datasets/GIRAFE/daily/2006/03/PREdm20060315000000120IMPGS01GL.nc
Processing ../../../datasets/GIRAFE/daily/2006/03/PREdm20060316000000120IMPGS01GL.nc
Processing ../../../datasets/GIRAFE/daily/2006/03/PREdm20060317000000120IMPGS01GL.nc
Processing ../../../datasets/GIRAFE/daily/2006/03/PREdm20060318000000120IMPGS01GL.nc
Processing ../../../datasets/GIRAFE/daily/2006/03/PREdm20060319000000120IMPGS01GL.nc
Processing ../../../datasets/GIRAFE/daily/2006/03/PREdm20060320000000120IMPGS01GL.nc
Processing ../../../datasets/GIRAFE/daily/2006/03/PREdm20060321000000120IMPGS01GL.nc
Processing ../../../datasets/GIRAFE/daily/2006/03/PREdm20060322000000120IMPGS01GL.nc
Processing ../../../datasets/GIRAFE/daily/2006/03/PREdm20060323000000120IMPGS01GL.nc
Processing ../../../datasets/GIRAFE/daily/2006/03/PREdm20060324000000120IMPGS01GL.nc
Processing ../../../datasets/GIRAFE/daily/2006/03/PREdm20060325000000120IMPGS01GL.nc
Processing ../../../datasets/GIRAFE/daily/2006/03/PREdm20060326000000120IMPGS01GL.nc
Processing ../../../datasets/GIRAFE/daily/2006/03/PREdm20060327000000120IMPGS01GL.nc
Processing ../../../datasets/GIRAFE/daily/2006/03/PREdm20060328000000120IMPGS01GL.nc
Processing ../../../datasets/GIRAFE/daily/2006/03/PREdm20060329000000120IMPGS01GL.nc
Processing ../../../datasets/GIRAFE/daily/2006/03/PREdm20060330000000120IMPGS01GL.nc
Processing ../../../datasets/GIRAFE/daily/2006/03/PREdm20060331000000120IMPGS01GL.nc
Processing ../../../datasets/GIRAFE/daily/2006/04/PREdm20060401000000120IMPGS01GL.nc
Processing ../../../datasets/GIRAFE/daily/2006/04/PREdm20060402000000120IMPGS01GL.nc
Processing ../../../datasets/GIRAFE/daily/2006/04/PREdm20060403000000120IMPGS01GL.nc
Processing ../../../datasets/GIRAFE/daily/2006/04/PREdm20060404000000120IMPGS01GL.nc
Processing ../../../datasets/GIRAFE/daily/2006/04/PREdm20060405000000120IMPGS01GL.nc
Processing ../../../datasets/GIRAFE/daily/2006/04/PREdm20060406000000120IMPGS01GL.nc
Processing ../../../datasets/GIRAFE/daily/2006/04/PREdm20060407000000120IMPGS01GL.nc
Processing ../../../datasets/GIRAFE/daily/2006/04/PREdm20060408000000120IMPGS01GL.nc
Processing ../../../datasets/GIRAFE/daily/2006/04/PREdm20060409000000120IMPGS01GL.nc
Processing ../../../datasets/GIRAFE/daily/2006/04/PREdm20060410000000120IMPGS01GL.nc
Processing ../../../datasets/GIRAFE/daily/2006/04/PREdm20060411000000120IMPGS01GL.nc
Processing ../../../datasets/GIRAFE/daily/2006/04/PREdm20060412000000120IMPGS01GL.nc
Processing ../../../datasets/GIRAFE/daily/2006/04/PREdm20060413000000120IMPGS01GL.nc
Processing ../../../datasets/GIRAFE/daily/2006/04/PREdm20060414000000120IMPGS01GL.nc
Processing ../../../datasets/GIRAFE/daily/2006/04/PREdm20060415000000120IMPGS01GL.nc
Processing ../../../datasets/GIRAFE/daily/2006/04/PREdm20060416000000120IMPGS01GL.nc
Processing ../../../datasets/GIRAFE/daily/2006/04/PREdm20060417000000120IMPGS01GL.nc
Processing ../../../datasets/GIRAFE/daily/2006/04/PREdm20060418000000120IMPGS01GL.nc
Processing ../../../datasets/GIRAFE/daily/2006/04/PREdm20060419000000120IMPGS01GL.nc
Processing ../../../datasets/GIRAFE/daily/2006/04/PREdm20060420000000120IMPGS01GL.nc
Processing ../../../datasets/GIRAFE/daily/2006/04/PREdm20060421000000120IMPGS01GL.nc
Processing ../../../datasets/GIRAFE/daily/2006/04/PREdm20060422000000120IMPGS01GL.nc
Processing ../../../datasets/GIRAFE/daily/2006/04/PREdm20060423000000120IMPGS01GL.nc
Processing ../../../datasets/GIRAFE/daily/2006/04/PREdm20060424000000120IMPGS01GL.nc
Processing ../../../datasets/GIRAFE/daily/2006/04/PREdm20060425000000120IMPGS01GL.nc
Processing ../../../datasets/GIRAFE/daily/2006/04/PREdm20060426000000120IMPGS01GL.nc
Processing ../../../datasets/GIRAFE/daily/2006/04/PREdm20060427000000120IMPGS01GL.nc
Processing ../../../datasets/GIRAFE/daily/2006/04/PREdm20060428000000120IMPGS01GL.nc
Processing ../../../datasets/GIRAFE/daily/2006/04/PREdm20060429000000120IMPGS01GL.nc
Processing ../../../datasets/GIRAFE/daily/2006/04/PREdm20060430000000120IMPGS01GL.nc
Processing ../../../datasets/GIRAFE/daily/2006/05/PREdm20060501000000120IMPGS01GL.nc
Processing ../../../datasets/GIRAFE/daily/2006/05/PREdm20060502000000120IMPGS01GL.nc
Processing ../../../datasets/GIRAFE/daily/2006/05/PREdm20060503000000120IMPGS01GL.nc
Processing ../../../datasets/GIRAFE/daily/2006/05/PREdm20060504000000120IMPGS01GL.nc
Processing ../../../datasets/GIRAFE/daily/2006/05/PREdm20060505000000120IMPGS01GL.nc
Processing ../../../datasets/GIRAFE/daily/2006/05/PREdm20060506000000120IMPGS01GL.nc
Processing ../../../datasets/GIRAFE/daily/2006/05/PREdm20060507000000120IMPGS01GL.nc
Processing ../../../datasets/GIRAFE/daily/2006/05/PREdm20060508000000120IMPGS01GL.nc
Processing ../../../datasets/GIRAFE/daily/2006/05/PREdm20060509000000120IMPGS01GL.nc
Processing ../../../datasets/GIRAFE/daily/2006/05/PREdm20060510000000120IMPGS01GL.nc
Processing ../../../datasets/GIRAFE/daily/2006/05/PREdm20060511000000120IMPGS01GL.nc
Processing ../../../datasets/GIRAFE/daily/2006/05/PREdm20060512000000120IMPGS01GL.nc
Processing ../../../datasets/GIRAFE/daily/2006/05/PREdm20060513000000120IMPGS01GL.nc
Processing ../../../datasets/GIRAFE/daily/2006/05/PREdm20060514000000120IMPGS01GL.nc
Processing ../../../datasets/GIRAFE/daily/2006/05/PREdm20060515000000120IMPGS01GL.nc
Processing ../../../datasets/GIRAFE/daily/2006/05/PREdm20060516000000120IMPGS01GL.nc
Processing ../../../datasets/GIRAFE/daily/2006/05/PREdm20060517000000120IMPGS01GL.nc
Processing ../../../datasets/GIRAFE/daily/2006/05/PREdm20060518000000120IMPGS01GL.nc
Processing ../../../datasets/GIRAFE/daily/2006/05/PREdm20060519000000120IMPGS01GL.nc
Processing ../../../datasets/GIRAFE/daily/2006/05/PREdm20060520000000120IMPGS01GL.nc
Processing ../../../datasets/GIRAFE/daily/2006/05/PREdm20060521000000120IMPGS01GL.nc
Processing ../../../datasets/GIRAFE/daily/2006/05/PREdm20060522000000120IMPGS01GL.nc
Processing ../../../datasets/GIRAFE/daily/2006/05/PREdm20060523000000120IMPGS01GL.nc
Processing ../../../datasets/GIRAFE/daily/2006/05/PREdm20060524000000120IMPGS01GL.nc
Processing ../../../datasets/GIRAFE/daily/2006/05/PREdm20060525000000120IMPGS01GL.nc
Processing ../../../datasets/GIRAFE/daily/2006/05/PREdm20060526000000120IMPGS01GL.nc
Processing ../../../datasets/GIRAFE/daily/2006/05/PREdm20060527000000120IMPGS01GL.nc
Processing ../../../datasets/GIRAFE/daily/2006/05/PREdm20060528000000120IMPGS01GL.nc
Processing ../../../datasets/GIRAFE/daily/2006/05/PREdm20060529000000120IMPGS01GL.nc
Processing ../../../datasets/GIRAFE/daily/2006/05/PREdm20060530000000120IMPGS01GL.nc
Processing ../../../datasets/GIRAFE/daily/2006/05/PREdm20060531000000120IMPGS01GL.nc
Processing ../../../datasets/GIRAFE/daily/2006/06/PREdm20060601000000120IMPGS01GL.nc
Processing ../../../datasets/GIRAFE/daily/2006/06/PREdm20060602000000120IMPGS01GL.nc
Processing ../../../datasets/GIRAFE/daily/2006/06/PREdm20060603000000120IMPGS01GL.nc
Processing ../../../datasets/GIRAFE/daily/2006/06/PREdm20060604000000120IMPGS01GL.nc
Processing ../../../datasets/GIRAFE/daily/2006/06/PREdm20060605000000120IMPGS01GL.nc
Processing ../../../datasets/GIRAFE/daily/2006/06/PREdm20060606000000120IMPGS01GL.nc
Processing ../../../datasets/GIRAFE/daily/2006/06/PREdm20060607000000120IMPGS01GL.nc
Processing ../../../datasets/GIRAFE/daily/2006/06/PREdm20060608000000120IMPGS01GL.nc
Processing ../../../datasets/GIRAFE/daily/2006/06/PREdm20060609000000120IMPGS01GL.nc
Processing ../../../datasets/GIRAFE/daily/2006/06/PREdm20060610000000120IMPGS01GL.nc
Processing ../../../datasets/GIRAFE/daily/2006/06/PREdm20060611000000120IMPGS01GL.nc
Processing ../../../datasets/GIRAFE/daily/2006/06/PREdm20060612000000120IMPGS01GL.nc
Processing ../../../datasets/GIRAFE/daily/2006/06/PREdm20060613000000120IMPGS01GL.nc
Processing ../../../datasets/GIRAFE/daily/2006/06/PREdm20060614000000120IMPGS01GL.nc
Processing ../../../datasets/GIRAFE/daily/2006/06/PREdm20060615000000120IMPGS01GL.nc
Processing ../../../datasets/GIRAFE/daily/2006/06/PREdm20060616000000120IMPGS01GL.nc
Processing ../../../datasets/GIRAFE/daily/2006/06/PREdm20060617000000120IMPGS01GL.nc
Processing ../../../datasets/GIRAFE/daily/2006/06/PREdm20060618000000120IMPGS01GL.nc
Processing ../../../datasets/GIRAFE/daily/2006/06/PREdm20060619000000120IMPGS01GL.nc
Processing ../../../datasets/GIRAFE/daily/2006/06/PREdm20060620000000120IMPGS01GL.nc
Processing ../../../datasets/GIRAFE/daily/2006/06/PREdm20060621000000120IMPGS01GL.nc
Processing ../../../datasets/GIRAFE/daily/2006/06/PREdm20060622000000120IMPGS01GL.nc
Processing ../../../datasets/GIRAFE/daily/2006/06/PREdm20060623000000120IMPGS01GL.nc
Processing ../../../datasets/GIRAFE/daily/2006/06/PREdm20060624000000120IMPGS01GL.nc
Processing ../../../datasets/GIRAFE/daily/2006/06/PREdm20060625000000120IMPGS01GL.nc
Processing ../../../datasets/GIRAFE/daily/2006/06/PREdm20060626000000120IMPGS01GL.nc
Processing ../../../datasets/GIRAFE/daily/2006/06/PREdm20060627000000120IMPGS01GL.nc
Processing ../../../datasets/GIRAFE/daily/2006/06/PREdm20060628000000120IMPGS01GL.nc
Processing ../../../datasets/GIRAFE/daily/2006/06/PREdm20060629000000120IMPGS01GL.nc
Processing ../../../datasets/GIRAFE/daily/2006/06/PREdm20060630000000120IMPGS01GL.nc
Processing ../../../datasets/GIRAFE/daily/2006/07/PREdm20060701000000120IMPGS01GL.nc
Processing ../../../datasets/GIRAFE/daily/2006/07/PREdm20060702000000120IMPGS01GL.nc
Processing ../../../datasets/GIRAFE/daily/2006/07/PREdm20060703000000120IMPGS01GL.nc
Processing ../../../datasets/GIRAFE/daily/2006/07/PREdm20060704000000120IMPGS01GL.nc
Processing ../../../datasets/GIRAFE/daily/2006/07/PREdm20060705000000120IMPGS01GL.nc
Processing ../../../datasets/GIRAFE/daily/2006/07/PREdm20060706000000120IMPGS01GL.nc
Processing ../../../datasets/GIRAFE/daily/2006/07/PREdm20060707000000120IMPGS01GL.nc
Processing ../../../datasets/GIRAFE/daily/2006/07/PREdm20060708000000120IMPGS01GL.nc
Processing ../../../datasets/GIRAFE/daily/2006/07/PREdm20060709000000120IMPGS01GL.nc
Processing ../../../datasets/GIRAFE/daily/2006/07/PREdm20060710000000120IMPGS01GL.nc
Processing ../../../datasets/GIRAFE/daily/2006/07/PREdm20060711000000120IMPGS01GL.nc
Processing ../../../datasets/GIRAFE/daily/2006/07/PREdm20060712000000120IMPGS01GL.nc
Processing ../../../datasets/GIRAFE/daily/2006/07/PREdm20060713000000120IMPGS01GL.nc
Processing ../../../datasets/GIRAFE/daily/2006/07/PREdm20060714000000120IMPGS01GL.nc
Processing ../../../datasets/GIRAFE/daily/2006/07/PREdm20060715000000120IMPGS01GL.nc
Processing ../../../datasets/GIRAFE/daily/2006/07/PREdm20060716000000120IMPGS01GL.nc
Processing ../../../datasets/GIRAFE/daily/2006/07/PREdm20060717000000120IMPGS01GL.nc
Processing ../../../datasets/GIRAFE/daily/2006/07/PREdm20060718000000120IMPGS01GL.nc
Processing ../../../datasets/GIRAFE/daily/2006/07/PREdm20060719000000120IMPGS01GL.nc
Processing ../../../datasets/GIRAFE/daily/2006/07/PREdm20060720000000120IMPGS01GL.nc
Processing ../../../datasets/GIRAFE/daily/2006/07/PREdm20060721000000120IMPGS01GL.nc
Processing ../../../datasets/GIRAFE/daily/2006/07/PREdm20060722000000120IMPGS01GL.nc
Processing ../../../datasets/GIRAFE/daily/2006/07/PREdm20060723000000120IMPGS01GL.nc
Processing ../../../datasets/GIRAFE/daily/2006/07/PREdm20060724000000120IMPGS01GL.nc
Processing ../../../datasets/GIRAFE/daily/2006/07/PREdm20060725000000120IMPGS01GL.nc
Processing ../../../datasets/GIRAFE/daily/2006/07/PREdm20060726000000120IMPGS01GL.nc
Processing ../../../datasets/GIRAFE/daily/2006/07/PREdm20060727000000120IMPGS01GL.nc
Processing ../../../datasets/GIRAFE/daily/2006/07/PREdm20060728000000120IMPGS01GL.nc
Processing ../../../datasets/GIRAFE/daily/2006/07/PREdm20060729000000120IMPGS01GL.nc
Processing ../../../datasets/GIRAFE/daily/2006/07/PREdm20060730000000120IMPGS01GL.nc
Processing ../../../datasets/GIRAFE/daily/2006/07/PREdm20060731000000120IMPGS01GL.nc
Processing ../../../datasets/GIRAFE/daily/2006/08/PREdm20060801000000120IMPGS01GL.nc
Processing ../../../datasets/GIRAFE/daily/2006/08/PREdm20060802000000120IMPGS01GL.nc
Processing ../../../datasets/GIRAFE/daily/2006/08/PREdm20060803000000120IMPGS01GL.nc
Processing ../../../datasets/GIRAFE/daily/2006/08/PREdm20060804000000120IMPGS01GL.nc
Processing ../../../datasets/GIRAFE/daily/2006/08/PREdm20060805000000120IMPGS01GL.nc
Processing ../../../datasets/GIRAFE/daily/2006/08/PREdm20060806000000120IMPGS01GL.nc
Processing ../../../datasets/GIRAFE/daily/2006/08/PREdm20060807000000120IMPGS01GL.nc
Processing ../../../datasets/GIRAFE/daily/2006/08/PREdm20060808000000120IMPGS01GL.nc
Processing ../../../datasets/GIRAFE/daily/2006/08/PREdm20060809000000120IMPGS01GL.nc
Processing ../../../datasets/GIRAFE/daily/2006/08/PREdm20060810000000120IMPGS01GL.nc
Processing ../../../datasets/GIRAFE/daily/2006/08/PREdm20060811000000120IMPGS01GL.nc
Processing ../../../datasets/GIRAFE/daily/2006/08/PREdm20060812000000120IMPGS01GL.nc
Processing ../../../datasets/GIRAFE/daily/2006/08/PREdm20060813000000120IMPGS01GL.nc
Processing ../../../datasets/GIRAFE/daily/2006/08/PREdm20060814000000120IMPGS01GL.nc
Processing ../../../datasets/GIRAFE/daily/2006/08/PREdm20060815000000120IMPGS01GL.nc
Processing ../../../datasets/GIRAFE/daily/2006/08/PREdm20060816000000120IMPGS01GL.nc
Processing ../../../datasets/GIRAFE/daily/2006/08/PREdm20060817000000120IMPGS01GL.nc
Processing ../../../datasets/GIRAFE/daily/2006/08/PREdm20060818000000120IMPGS01GL.nc
Processing ../../../datasets/GIRAFE/daily/2006/08/PREdm20060819000000120IMPGS01GL.nc
Processing ../../../datasets/GIRAFE/daily/2006/08/PREdm20060820000000120IMPGS01GL.nc
Processing ../../../datasets/GIRAFE/daily/2006/08/PREdm20060821000000120IMPGS01GL.nc
Processing ../../../datasets/GIRAFE/daily/2006/08/PREdm20060822000000120IMPGS01GL.nc
Processing ../../../datasets/GIRAFE/daily/2006/08/PREdm20060823000000120IMPGS01GL.nc
Processing ../../../datasets/GIRAFE/daily/2006/08/PREdm20060824000000120IMPGS01GL.nc
Processing ../../../datasets/GIRAFE/daily/2006/08/PREdm20060825000000120IMPGS01GL.nc
Processing ../../../datasets/GIRAFE/daily/2006/08/PREdm20060826000000120IMPGS01GL.nc
Processing ../../../datasets/GIRAFE/daily/2006/08/PREdm20060827000000120IMPGS01GL.nc
Processing ../../../datasets/GIRAFE/daily/2006/08/PREdm20060828000000120IMPGS01GL.nc
Processing ../../../datasets/GIRAFE/daily/2006/08/PREdm20060829000000120IMPGS01GL.nc
Processing ../../../datasets/GIRAFE/daily/2006/08/PREdm20060830000000120IMPGS01GL.nc
Processing ../../../datasets/GIRAFE/daily/2006/08/PREdm20060831000000120IMPGS01GL.nc
Processing ../../../datasets/GIRAFE/daily/2006/09/PREdm20060901000000120IMPGS01GL.nc
Processing ../../../datasets/GIRAFE/daily/2006/09/PREdm20060902000000120IMPGS01GL.nc
Processing ../../../datasets/GIRAFE/daily/2006/09/PREdm20060903000000120IMPGS01GL.nc
Processing ../../../datasets/GIRAFE/daily/2006/09/PREdm20060904000000120IMPGS01GL.nc
Processing ../../../datasets/GIRAFE/daily/2006/09/PREdm20060905000000120IMPGS01GL.nc
Processing ../../../datasets/GIRAFE/daily/2006/09/PREdm20060906000000120IMPGS01GL.nc
Processing ../../../datasets/GIRAFE/daily/2006/09/PREdm20060907000000120IMPGS01GL.nc
Processing ../../../datasets/GIRAFE/daily/2006/09/PREdm20060908000000120IMPGS01GL.nc
Processing ../../../datasets/GIRAFE/daily/2006/09/PREdm20060909000000120IMPGS01GL.nc
Processing ../../../datasets/GIRAFE/daily/2006/09/PREdm20060910000000120IMPGS01GL.nc
Processing ../../../datasets/GIRAFE/daily/2006/09/PREdm20060911000000120IMPGS01GL.nc
Processing ../../../datasets/GIRAFE/daily/2006/09/PREdm20060912000000120IMPGS01GL.nc
Processing ../../../datasets/GIRAFE/daily/2006/09/PREdm20060913000000120IMPGS01GL.nc
Processing ../../../datasets/GIRAFE/daily/2006/09/PREdm20060914000000120IMPGS01GL.nc
Processing ../../../datasets/GIRAFE/daily/2006/09/PREdm20060915000000120IMPGS01GL.nc
Processing ../../../datasets/GIRAFE/daily/2006/09/PREdm20060916000000120IMPGS01GL.nc
Processing ../../../datasets/GIRAFE/daily/2006/09/PREdm20060917000000120IMPGS01GL.nc
Processing ../../../datasets/GIRAFE/daily/2006/09/PREdm20060918000000120IMPGS01GL.nc
Processing ../../../datasets/GIRAFE/daily/2006/09/PREdm20060919000000120IMPGS01GL.nc
Processing ../../../datasets/GIRAFE/daily/2006/09/PREdm20060920000000120IMPGS01GL.nc
Processing ../../../datasets/GIRAFE/daily/2006/09/PREdm20060921000000120IMPGS01GL.nc
Processing ../../../datasets/GIRAFE/daily/2006/09/PREdm20060922000000120IMPGS01GL.nc
Processing ../../../datasets/GIRAFE/daily/2006/09/PREdm20060923000000120IMPGS01GL.nc
Processing ../../../datasets/GIRAFE/daily/2006/09/PREdm20060924000000120IMPGS01GL.nc
Processing ../../../datasets/GIRAFE/daily/2006/09/PREdm20060925000000120IMPGS01GL.nc
Processing ../../../datasets/GIRAFE/daily/2006/09/PREdm20060926000000120IMPGS01GL.nc
Processing ../../../datasets/GIRAFE/daily/2006/09/PREdm20060927000000120IMPGS01GL.nc
Processing ../../../datasets/GIRAFE/daily/2006/09/PREdm20060928000000120IMPGS01GL.nc
Processing ../../../datasets/GIRAFE/daily/2006/09/PREdm20060929000000120IMPGS01GL.nc
Processing ../../../datasets/GIRAFE/daily/2006/09/PREdm20060930000000120IMPGS01GL.nc
Processing ../../../datasets/GIRAFE/daily/2006/10/PREdm20061001000000120IMPGS01GL.nc
Processing ../../../datasets/GIRAFE/daily/2006/10/PREdm20061002000000120IMPGS01GL.nc
Processing ../../../datasets/GIRAFE/daily/2006/10/PREdm20061003000000120IMPGS01GL.nc
Processing ../../../datasets/GIRAFE/daily/2006/10/PREdm20061004000000120IMPGS01GL.nc
Processing ../../../datasets/GIRAFE/daily/2006/10/PREdm20061005000000120IMPGS01GL.nc
Processing ../../../datasets/GIRAFE/daily/2006/10/PREdm20061006000000120IMPGS01GL.nc
Processing ../../../datasets/GIRAFE/daily/2006/10/PREdm20061007000000120IMPGS01GL.nc
Processing ../../../datasets/GIRAFE/daily/2006/10/PREdm20061008000000120IMPGS01GL.nc
Processing ../../../datasets/GIRAFE/daily/2006/10/PREdm20061009000000120IMPGS01GL.nc
Processing ../../../datasets/GIRAFE/daily/2006/10/PREdm20061010000000120IMPGS01GL.nc
Processing ../../../datasets/GIRAFE/daily/2006/10/PREdm20061011000000120IMPGS01GL.nc
Processing ../../../datasets/GIRAFE/daily/2006/10/PREdm20061012000000120IMPGS01GL.nc
Processing ../../../datasets/GIRAFE/daily/2006/10/PREdm20061013000000120IMPGS01GL.nc
Processing ../../../datasets/GIRAFE/daily/2006/10/PREdm20061014000000120IMPGS01GL.nc
Processing ../../../datasets/GIRAFE/daily/2006/10/PREdm20061015000000120IMPGS01GL.nc
Processing ../../../datasets/GIRAFE/daily/2006/10/PREdm20061016000000120IMPGS01GL.nc
Processing ../../../datasets/GIRAFE/daily/2006/10/PREdm20061017000000120IMPGS01GL.nc
Processing ../../../datasets/GIRAFE/daily/2006/10/PREdm20061018000000120IMPGS01GL.nc
Processing ../../../datasets/GIRAFE/daily/2006/10/PREdm20061019000000120IMPGS01GL.nc
Processing ../../../datasets/GIRAFE/daily/2006/10/PREdm20061020000000120IMPGS01GL.nc
Processing ../../../datasets/GIRAFE/daily/2006/10/PREdm20061021000000120IMPGS01GL.nc
Processing ../../../datasets/GIRAFE/daily/2006/10/PREdm20061022000000120IMPGS01GL.nc
Processing ../../../datasets/GIRAFE/daily/2006/10/PREdm20061023000000120IMPGS01GL.nc
Processing ../../../datasets/GIRAFE/daily/2006/10/PREdm20061024000000120IMPGS01GL.nc
Processing ../../../datasets/GIRAFE/daily/2006/10/PREdm20061025000000120IMPGS01GL.nc
Processing ../../../datasets/GIRAFE/daily/2006/10/PREdm20061026000000120IMPGS01GL.nc
Processing ../../../datasets/GIRAFE/daily/2006/10/PREdm20061027000000120IMPGS01GL.nc
Processing ../../../datasets/GIRAFE/daily/2006/10/PREdm20061028000000120IMPGS01GL.nc
Processing ../../../datasets/GIRAFE/daily/2006/10/PREdm20061029000000120IMPGS01GL.nc
Processing ../../../datasets/GIRAFE/daily/2006/10/PREdm20061030000000120IMPGS01GL.nc
Processing ../../../datasets/GIRAFE/daily/2006/10/PREdm20061031000000120IMPGS01GL.nc
Processing ../../../datasets/GIRAFE/daily/2006/11/PREdm20061101000000120IMPGS01GL.nc
Processing ../../../datasets/GIRAFE/daily/2006/11/PREdm20061102000000120IMPGS01GL.nc
Processing ../../../datasets/GIRAFE/daily/2006/11/PREdm20061103000000120IMPGS01GL.nc
Processing ../../../datasets/GIRAFE/daily/2006/11/PREdm20061104000000120IMPGS01GL.nc
Processing ../../../datasets/GIRAFE/daily/2006/11/PREdm20061105000000120IMPGS01GL.nc
Processing ../../../datasets/GIRAFE/daily/2006/11/PREdm20061106000000120IMPGS01GL.nc
Processing ../../../datasets/GIRAFE/daily/2006/11/PREdm20061107000000120IMPGS01GL.nc
Processing ../../../datasets/GIRAFE/daily/2006/11/PREdm20061108000000120IMPGS01GL.nc
Processing ../../../datasets/GIRAFE/daily/2006/11/PREdm20061109000000120IMPGS01GL.nc
Processing ../../../datasets/GIRAFE/daily/2006/11/PREdm20061110000000120IMPGS01GL.nc
Processing ../../../datasets/GIRAFE/daily/2006/11/PREdm20061111000000120IMPGS01GL.nc
Processing ../../../datasets/GIRAFE/daily/2006/11/PREdm20061112000000120IMPGS01GL.nc
Processing ../../../datasets/GIRAFE/daily/2006/11/PREdm20061113000000120IMPGS01GL.nc
Processing ../../../datasets/GIRAFE/daily/2006/11/PREdm20061114000000120IMPGS01GL.nc
Processing ../../../datasets/GIRAFE/daily/2006/11/PREdm20061115000000120IMPGS01GL.nc
Processing ../../../datasets/GIRAFE/daily/2006/11/PREdm20061116000000120IMPGS01GL.nc
Processing ../../../datasets/GIRAFE/daily/2006/11/PREdm20061117000000120IMPGS01GL.nc
Processing ../../../datasets/GIRAFE/daily/2006/11/PREdm20061118000000120IMPGS01GL.nc
Processing ../../../datasets/GIRAFE/daily/2006/11/PREdm20061119000000120IMPGS01GL.nc
Processing ../../../datasets/GIRAFE/daily/2006/11/PREdm20061120000000120IMPGS01GL.nc
Processing ../../../datasets/GIRAFE/daily/2006/11/PREdm20061121000000120IMPGS01GL.nc
Processing ../../../datasets/GIRAFE/daily/2006/11/PREdm20061122000000120IMPGS01GL.nc
Processing ../../../datasets/GIRAFE/daily/2006/11/PREdm20061123000000120IMPGS01GL.nc
Processing ../../../datasets/GIRAFE/daily/2006/11/PREdm20061124000000120IMPGS01GL.nc
Processing ../../../datasets/GIRAFE/daily/2006/11/PREdm20061125000000120IMPGS01GL.nc
Processing ../../../datasets/GIRAFE/daily/2006/11/PREdm20061126000000120IMPGS01GL.nc
Processing ../../../datasets/GIRAFE/daily/2006/11/PREdm20061127000000120IMPGS01GL.nc
Processing ../../../datasets/GIRAFE/daily/2006/11/PREdm20061128000000120IMPGS01GL.nc
Processing ../../../datasets/GIRAFE/daily/2006/11/PREdm20061129000000120IMPGS01GL.nc
Processing ../../../datasets/GIRAFE/daily/2006/11/PREdm20061130000000120IMPGS01GL.nc
Processing ../../../datasets/GIRAFE/daily/2006/12/PREdm20061201000000120IMPGS01GL.nc
Processing ../../../datasets/GIRAFE/daily/2006/12/PREdm20061202000000120IMPGS01GL.nc
Processing ../../../datasets/GIRAFE/daily/2006/12/PREdm20061203000000120IMPGS01GL.nc
Processing ../../../datasets/GIRAFE/daily/2006/12/PREdm20061204000000120IMPGS01GL.nc
Processing ../../../datasets/GIRAFE/daily/2006/12/PREdm20061205000000120IMPGS01GL.nc
Processing ../../../datasets/GIRAFE/daily/2006/12/PREdm20061206000000120IMPGS01GL.nc
Processing ../../../datasets/GIRAFE/daily/2006/12/PREdm20061207000000120IMPGS01GL.nc
Processing ../../../datasets/GIRAFE/daily/2006/12/PREdm20061208000000120IMPGS01GL.nc
Processing ../../../datasets/GIRAFE/daily/2006/12/PREdm20061209000000120IMPGS01GL.nc
Processing ../../../datasets/GIRAFE/daily/2006/12/PREdm20061210000000120IMPGS01GL.nc
Processing ../../../datasets/GIRAFE/daily/2006/12/PREdm20061211000000120IMPGS01GL.nc
Processing ../../../datasets/GIRAFE/daily/2006/12/PREdm20061212000000120IMPGS01GL.nc
Processing ../../../datasets/GIRAFE/daily/2006/12/PREdm20061213000000120IMPGS01GL.nc
Processing ../../../datasets/GIRAFE/daily/2006/12/PREdm20061214000000120IMPGS01GL.nc
Processing ../../../datasets/GIRAFE/daily/2006/12/PREdm20061215000000120IMPGS01GL.nc
Processing ../../../datasets/GIRAFE/daily/2006/12/PREdm20061216000000120IMPGS01GL.nc
Processing ../../../datasets/GIRAFE/daily/2006/12/PREdm20061217000000120IMPGS01GL.nc
Processing ../../../datasets/GIRAFE/daily/2006/12/PREdm20061218000000120IMPGS01GL.nc
Processing ../../../datasets/GIRAFE/daily/2006/12/PREdm20061219000000120IMPGS01GL.nc
Processing ../../../datasets/GIRAFE/daily/2006/12/PREdm20061220000000120IMPGS01GL.nc
Processing ../../../datasets/GIRAFE/daily/2006/12/PREdm20061221000000120IMPGS01GL.nc
Processing ../../../datasets/GIRAFE/daily/2006/12/PREdm20061222000000120IMPGS01GL.nc
Processing ../../../datasets/GIRAFE/daily/2006/12/PREdm20061223000000120IMPGS01GL.nc
Processing ../../../datasets/GIRAFE/daily/2006/12/PREdm20061224000000120IMPGS01GL.nc
Processing ../../../datasets/GIRAFE/daily/2006/12/PREdm20061225000000120IMPGS01GL.nc
Processing ../../../datasets/GIRAFE/daily/2006/12/PREdm20061226000000120IMPGS01GL.nc
Processing ../../../datasets/GIRAFE/daily/2006/12/PREdm20061227000000120IMPGS01GL.nc
Processing ../../../datasets/GIRAFE/daily/2006/12/PREdm20061228000000120IMPGS01GL.nc
Processing ../../../datasets/GIRAFE/daily/2006/12/PREdm20061229000000120IMPGS01GL.nc
Processing ../../../datasets/GIRAFE/daily/2006/12/PREdm20061230000000120IMPGS01GL.nc
Processing ../../../datasets/GIRAFE/daily/2006/12/PREdm20061231000000120IMPGS01GL.nc
Processing ../../../datasets/GIRAFE/daily/2007/01/PREdm20070101000000120IMPGS01GL.nc
Processing ../../../datasets/GIRAFE/daily/2007/01/PREdm20070102000000120IMPGS01GL.nc
Processing ../../../datasets/GIRAFE/daily/2007/01/PREdm20070103000000120IMPGS01GL.nc
Processing ../../../datasets/GIRAFE/daily/2007/01/PREdm20070104000000120IMPGS01GL.nc
Processing ../../../datasets/GIRAFE/daily/2007/01/PREdm20070105000000120IMPGS01GL.nc
Processing ../../../datasets/GIRAFE/daily/2007/01/PREdm20070106000000120IMPGS01GL.nc
Processing ../../../datasets/GIRAFE/daily/2007/01/PREdm20070107000000120IMPGS01GL.nc
Processing ../../../datasets/GIRAFE/daily/2007/01/PREdm20070108000000120IMPGS01GL.nc
Processing ../../../datasets/GIRAFE/daily/2007/01/PREdm20070109000000120IMPGS01GL.nc
Processing ../../../datasets/GIRAFE/daily/2007/01/PREdm20070110000000120IMPGS01GL.nc
Processing ../../../datasets/GIRAFE/daily/2007/01/PREdm20070111000000120IMPGS01GL.nc
Processing ../../../datasets/GIRAFE/daily/2007/01/PREdm20070112000000120IMPGS01GL.nc
Processing ../../../datasets/GIRAFE/daily/2007/01/PREdm20070113000000120IMPGS01GL.nc
Processing ../../../datasets/GIRAFE/daily/2007/01/PREdm20070114000000120IMPGS01GL.nc
Processing ../../../datasets/GIRAFE/daily/2007/01/PREdm20070115000000120IMPGS01GL.nc
Processing ../../../datasets/GIRAFE/daily/2007/01/PREdm20070116000000120IMPGS01GL.nc
Processing ../../../datasets/GIRAFE/daily/2007/01/PREdm20070117000000120IMPGS01GL.nc
Processing ../../../datasets/GIRAFE/daily/2007/01/PREdm20070118000000120IMPGS01GL.nc
Processing ../../../datasets/GIRAFE/daily/2007/01/PREdm20070119000000120IMPGS01GL.nc
Processing ../../../datasets/GIRAFE/daily/2007/01/PREdm20070120000000120IMPGS01GL.nc
Processing ../../../datasets/GIRAFE/daily/2007/01/PREdm20070121000000120IMPGS01GL.nc
Processing ../../../datasets/GIRAFE/daily/2007/01/PREdm20070122000000120IMPGS01GL.nc
Processing ../../../datasets/GIRAFE/daily/2007/01/PREdm20070123000000120IMPGS01GL.nc
Processing ../../../datasets/GIRAFE/daily/2007/01/PREdm20070124000000120IMPGS01GL.nc
Processing ../../../datasets/GIRAFE/daily/2007/01/PREdm20070125000000120IMPGS01GL.nc
Processing ../../../datasets/GIRAFE/daily/2007/01/PREdm20070126000000120IMPGS01GL.nc
Processing ../../../datasets/GIRAFE/daily/2007/01/PREdm20070127000000120IMPGS01GL.nc
Processing ../../../datasets/GIRAFE/daily/2007/01/PREdm20070128000000120IMPGS01GL.nc
Processing ../../../datasets/GIRAFE/daily/2007/01/PREdm20070129000000120IMPGS01GL.nc
Processing ../../../datasets/GIRAFE/daily/2007/01/PREdm20070130000000120IMPGS01GL.nc
Processing ../../../datasets/GIRAFE/daily/2007/01/PREdm20070131000000120IMPGS01GL.nc
Processing ../../../datasets/GIRAFE/daily/2007/02/PREdm20070201000000120IMPGS01GL.nc
Processing ../../../datasets/GIRAFE/daily/2007/02/PREdm20070202000000120IMPGS01GL.nc
Processing ../../../datasets/GIRAFE/daily/2007/02/PREdm20070203000000120IMPGS01GL.nc
Processing ../../../datasets/GIRAFE/daily/2007/02/PREdm20070204000000120IMPGS01GL.nc
Processing ../../../datasets/GIRAFE/daily/2007/02/PREdm20070205000000120IMPGS01GL.nc
Processing ../../../datasets/GIRAFE/daily/2007/02/PREdm20070206000000120IMPGS01GL.nc
Processing ../../../datasets/GIRAFE/daily/2007/02/PREdm20070207000000120IMPGS01GL.nc
Processing ../../../datasets/GIRAFE/daily/2007/02/PREdm20070208000000120IMPGS01GL.nc
Processing ../../../datasets/GIRAFE/daily/2007/02/PREdm20070209000000120IMPGS01GL.nc
Processing ../../../datasets/GIRAFE/daily/2007/02/PREdm20070210000000120IMPGS01GL.nc
Processing ../../../datasets/GIRAFE/daily/2007/02/PREdm20070211000000120IMPGS01GL.nc
Processing ../../../datasets/GIRAFE/daily/2007/02/PREdm20070212000000120IMPGS01GL.nc
Processing ../../../datasets/GIRAFE/daily/2007/02/PREdm20070213000000120IMPGS01GL.nc
Processing ../../../datasets/GIRAFE/daily/2007/02/PREdm20070214000000120IMPGS01GL.nc
Processing ../../../datasets/GIRAFE/daily/2007/02/PREdm20070215000000120IMPGS01GL.nc
Processing ../../../datasets/GIRAFE/daily/2007/02/PREdm20070216000000120IMPGS01GL.nc
Processing ../../../datasets/GIRAFE/daily/2007/02/PREdm20070217000000120IMPGS01GL.nc
Processing ../../../datasets/GIRAFE/daily/2007/02/PREdm20070218000000120IMPGS01GL.nc
Processing ../../../datasets/GIRAFE/daily/2007/02/PREdm20070219000000120IMPGS01GL.nc
Processing ../../../datasets/GIRAFE/daily/2007/02/PREdm20070220000000120IMPGS01GL.nc
Processing ../../../datasets/GIRAFE/daily/2007/02/PREdm20070221000000120IMPGS01GL.nc
Processing ../../../datasets/GIRAFE/daily/2007/02/PREdm20070222000000120IMPGS01GL.nc
Processing ../../../datasets/GIRAFE/daily/2007/02/PREdm20070223000000120IMPGS01GL.nc
Processing ../../../datasets/GIRAFE/daily/2007/02/PREdm20070224000000120IMPGS01GL.nc
Processing ../../../datasets/GIRAFE/daily/2007/02/PREdm20070225000000120IMPGS01GL.nc
Processing ../../../datasets/GIRAFE/daily/2007/02/PREdm20070226000000120IMPGS01GL.nc
Processing ../../../datasets/GIRAFE/daily/2007/02/PREdm20070227000000120IMPGS01GL.nc
Processing ../../../datasets/GIRAFE/daily/2007/02/PREdm20070228000000120IMPGS01GL.nc
Processing ../../../datasets/GIRAFE/daily/2007/03/PREdm20070301000000120IMPGS01GL.nc
Processing ../../../datasets/GIRAFE/daily/2007/03/PREdm20070302000000120IMPGS01GL.nc
Processing ../../../datasets/GIRAFE/daily/2007/03/PREdm20070303000000120IMPGS01GL.nc
Processing ../../../datasets/GIRAFE/daily/2007/03/PREdm20070304000000120IMPGS01GL.nc
Processing ../../../datasets/GIRAFE/daily/2007/03/PREdm20070305000000120IMPGS01GL.nc
Processing ../../../datasets/GIRAFE/daily/2007/03/PREdm20070306000000120IMPGS01GL.nc
Processing ../../../datasets/GIRAFE/daily/2007/03/PREdm20070307000000120IMPGS01GL.nc
Processing ../../../datasets/GIRAFE/daily/2007/03/PREdm20070308000000120IMPGS01GL.nc
Processing ../../../datasets/GIRAFE/daily/2007/03/PREdm20070309000000120IMPGS01GL.nc
Processing ../../../datasets/GIRAFE/daily/2007/03/PREdm20070310000000120IMPGS01GL.nc
Processing ../../../datasets/GIRAFE/daily/2007/03/PREdm20070311000000120IMPGS01GL.nc
Processing ../../../datasets/GIRAFE/daily/2007/03/PREdm20070312000000120IMPGS01GL.nc
Processing ../../../datasets/GIRAFE/daily/2007/03/PREdm20070313000000120IMPGS01GL.nc
Processing ../../../datasets/GIRAFE/daily/2007/03/PREdm20070314000000120IMPGS01GL.nc
Processing ../../../datasets/GIRAFE/daily/2007/03/PREdm20070315000000120IMPGS01GL.nc
Processing ../../../datasets/GIRAFE/daily/2007/03/PREdm20070316000000120IMPGS01GL.nc
Processing ../../../datasets/GIRAFE/daily/2007/03/PREdm20070317000000120IMPGS01GL.nc
Processing ../../../datasets/GIRAFE/daily/2007/03/PREdm20070318000000120IMPGS01GL.nc
Processing ../../../datasets/GIRAFE/daily/2007/03/PREdm20070319000000120IMPGS01GL.nc
Processing ../../../datasets/GIRAFE/daily/2007/03/PREdm20070320000000120IMPGS01GL.nc
Processing ../../../datasets/GIRAFE/daily/2007/03/PREdm20070321000000120IMPGS01GL.nc
Processing ../../../datasets/GIRAFE/daily/2007/03/PREdm20070322000000120IMPGS01GL.nc
Processing ../../../datasets/GIRAFE/daily/2007/03/PREdm20070323000000120IMPGS01GL.nc
Processing ../../../datasets/GIRAFE/daily/2007/03/PREdm20070324000000120IMPGS01GL.nc
Processing ../../../datasets/GIRAFE/daily/2007/03/PREdm20070325000000120IMPGS01GL.nc
Processing ../../../datasets/GIRAFE/daily/2007/03/PREdm20070326000000120IMPGS01GL.nc
Processing ../../../datasets/GIRAFE/daily/2007/03/PREdm20070327000000120IMPGS01GL.nc
Processing ../../../datasets/GIRAFE/daily/2007/03/PREdm20070328000000120IMPGS01GL.nc
Processing ../../../datasets/GIRAFE/daily/2007/03/PREdm20070329000000120IMPGS01GL.nc
Processing ../../../datasets/GIRAFE/daily/2007/03/PREdm20070330000000120IMPGS01GL.nc
Processing ../../../datasets/GIRAFE/daily/2007/03/PREdm20070331000000120IMPGS01GL.nc
Processing ../../../datasets/GIRAFE/daily/2007/04/PREdm20070401000000120IMPGS01GL.nc
Processing ../../../datasets/GIRAFE/daily/2007/04/PREdm20070402000000120IMPGS01GL.nc
Processing ../../../datasets/GIRAFE/daily/2007/04/PREdm20070403000000120IMPGS01GL.nc
Processing ../../../datasets/GIRAFE/daily/2007/04/PREdm20070404000000120IMPGS01GL.nc
Processing ../../../datasets/GIRAFE/daily/2007/04/PREdm20070405000000120IMPGS01GL.nc
Processing ../../../datasets/GIRAFE/daily/2007/04/PREdm20070406000000120IMPGS01GL.nc
Processing ../../../datasets/GIRAFE/daily/2007/04/PREdm20070407000000120IMPGS01GL.nc
Processing ../../../datasets/GIRAFE/daily/2007/04/PREdm20070408000000120IMPGS01GL.nc
Processing ../../../datasets/GIRAFE/daily/2007/04/PREdm20070409000000120IMPGS01GL.nc
Processing ../../../datasets/GIRAFE/daily/2007/04/PREdm20070410000000120IMPGS01GL.nc
Processing ../../../datasets/GIRAFE/daily/2007/04/PREdm20070411000000120IMPGS01GL.nc
Processing ../../../datasets/GIRAFE/daily/2007/04/PREdm20070412000000120IMPGS01GL.nc
Processing ../../../datasets/GIRAFE/daily/2007/04/PREdm20070413000000120IMPGS01GL.nc
Processing ../../../datasets/GIRAFE/daily/2007/04/PREdm20070414000000120IMPGS01GL.nc
Processing ../../../datasets/GIRAFE/daily/2007/04/PREdm20070415000000120IMPGS01GL.nc
Processing ../../../datasets/GIRAFE/daily/2007/04/PREdm20070416000000120IMPGS01GL.nc
Processing ../../../datasets/GIRAFE/daily/2007/04/PREdm20070417000000120IMPGS01GL.nc
Processing ../../../datasets/GIRAFE/daily/2007/04/PREdm20070418000000120IMPGS01GL.nc
Processing ../../../datasets/GIRAFE/daily/2007/04/PREdm20070419000000120IMPGS01GL.nc
Processing ../../../datasets/GIRAFE/daily/2007/04/PREdm20070420000000120IMPGS01GL.nc
Processing ../../../datasets/GIRAFE/daily/2007/04/PREdm20070421000000120IMPGS01GL.nc
Processing ../../../datasets/GIRAFE/daily/2007/04/PREdm20070422000000120IMPGS01GL.nc
Processing ../../../datasets/GIRAFE/daily/2007/04/PREdm20070423000000120IMPGS01GL.nc
Processing ../../../datasets/GIRAFE/daily/2007/04/PREdm20070424000000120IMPGS01GL.nc
Processing ../../../datasets/GIRAFE/daily/2007/04/PREdm20070425000000120IMPGS01GL.nc
Processing ../../../datasets/GIRAFE/daily/2007/04/PREdm20070426000000120IMPGS01GL.nc
Processing ../../../datasets/GIRAFE/daily/2007/04/PREdm20070427000000120IMPGS01GL.nc
Processing ../../../datasets/GIRAFE/daily/2007/04/PREdm20070428000000120IMPGS01GL.nc
Processing ../../../datasets/GIRAFE/daily/2007/04/PREdm20070429000000120IMPGS01GL.nc
Processing ../../../datasets/GIRAFE/daily/2007/04/PREdm20070430000000120IMPGS01GL.nc
Processing ../../../datasets/GIRAFE/daily/2007/05/PREdm20070501000000120IMPGS01GL.nc
Processing ../../../datasets/GIRAFE/daily/2007/05/PREdm20070502000000120IMPGS01GL.nc
Processing ../../../datasets/GIRAFE/daily/2007/05/PREdm20070503000000120IMPGS01GL.nc
Processing ../../../datasets/GIRAFE/daily/2007/05/PREdm20070504000000120IMPGS01GL.nc
Processing ../../../datasets/GIRAFE/daily/2007/05/PREdm20070505000000120IMPGS01GL.nc
Processing ../../../datasets/GIRAFE/daily/2007/05/PREdm20070506000000120IMPGS01GL.nc
Processing ../../../datasets/GIRAFE/daily/2007/05/PREdm20070507000000120IMPGS01GL.nc
Processing ../../../datasets/GIRAFE/daily/2007/05/PREdm20070508000000120IMPGS01GL.nc
Processing ../../../datasets/GIRAFE/daily/2007/05/PREdm20070509000000120IMPGS01GL.nc
Processing ../../../datasets/GIRAFE/daily/2007/05/PREdm20070510000000120IMPGS01GL.nc
Processing ../../../datasets/GIRAFE/daily/2007/05/PREdm20070511000000120IMPGS01GL.nc
Processing ../../../datasets/GIRAFE/daily/2007/05/PREdm20070512000000120IMPGS01GL.nc
Processing ../../../datasets/GIRAFE/daily/2007/05/PREdm20070513000000120IMPGS01GL.nc
Processing ../../../datasets/GIRAFE/daily/2007/05/PREdm20070514000000120IMPGS01GL.nc
Processing ../../../datasets/GIRAFE/daily/2007/05/PREdm20070515000000120IMPGS01GL.nc
Processing ../../../datasets/GIRAFE/daily/2007/05/PREdm20070516000000120IMPGS01GL.nc
Processing ../../../datasets/GIRAFE/daily/2007/05/PREdm20070517000000120IMPGS01GL.nc
Processing ../../../datasets/GIRAFE/daily/2007/05/PREdm20070518000000120IMPGS01GL.nc
Processing ../../../datasets/GIRAFE/daily/2007/05/PREdm20070519000000120IMPGS01GL.nc
Processing ../../../datasets/GIRAFE/daily/2007/05/PREdm20070520000000120IMPGS01GL.nc
Processing ../../../datasets/GIRAFE/daily/2007/05/PREdm20070521000000120IMPGS01GL.nc
Processing ../../../datasets/GIRAFE/daily/2007/05/PREdm20070522000000120IMPGS01GL.nc
Processing ../../../datasets/GIRAFE/daily/2007/05/PREdm20070523000000120IMPGS01GL.nc
Processing ../../../datasets/GIRAFE/daily/2007/05/PREdm20070524000000120IMPGS01GL.nc
Processing ../../../datasets/GIRAFE/daily/2007/05/PREdm20070525000000120IMPGS01GL.nc
Processing ../../../datasets/GIRAFE/daily/2007/05/PREdm20070526000000120IMPGS01GL.nc
Processing ../../../datasets/GIRAFE/daily/2007/05/PREdm20070527000000120IMPGS01GL.nc
Processing ../../../datasets/GIRAFE/daily/2007/05/PREdm20070528000000120IMPGS01GL.nc
Processing ../../../datasets/GIRAFE/daily/2007/05/PREdm20070529000000120IMPGS01GL.nc
Processing ../../../datasets/GIRAFE/daily/2007/05/PREdm20070530000000120IMPGS01GL.nc
Processing ../../../datasets/GIRAFE/daily/2007/05/PREdm20070531000000120IMPGS01GL.nc
Processing ../../../datasets/GIRAFE/daily/2007/06/PREdm20070601000000120IMPGS01GL.nc
Processing ../../../datasets/GIRAFE/daily/2007/06/PREdm20070602000000120IMPGS01GL.nc
Processing ../../../datasets/GIRAFE/daily/2007/06/PREdm20070603000000120IMPGS01GL.nc
Processing ../../../datasets/GIRAFE/daily/2007/06/PREdm20070604000000120IMPGS01GL.nc
Processing ../../../datasets/GIRAFE/daily/2007/06/PREdm20070605000000120IMPGS01GL.nc
Processing ../../../datasets/GIRAFE/daily/2007/06/PREdm20070606000000120IMPGS01GL.nc
Processing ../../../datasets/GIRAFE/daily/2007/06/PREdm20070607000000120IMPGS01GL.nc
Processing ../../../datasets/GIRAFE/daily/2007/06/PREdm20070608000000120IMPGS01GL.nc
Processing ../../../datasets/GIRAFE/daily/2007/06/PREdm20070609000000120IMPGS01GL.nc
Processing ../../../datasets/GIRAFE/daily/2007/06/PREdm20070610000000120IMPGS01GL.nc
Processing ../../../datasets/GIRAFE/daily/2007/06/PREdm20070611000000120IMPGS01GL.nc
Processing ../../../datasets/GIRAFE/daily/2007/06/PREdm20070612000000120IMPGS01GL.nc
Processing ../../../datasets/GIRAFE/daily/2007/06/PREdm20070613000000120IMPGS01GL.nc
Processing ../../../datasets/GIRAFE/daily/2007/06/PREdm20070614000000120IMPGS01GL.nc
Processing ../../../datasets/GIRAFE/daily/2007/06/PREdm20070615000000120IMPGS01GL.nc
Processing ../../../datasets/GIRAFE/daily/2007/06/PREdm20070616000000120IMPGS01GL.nc
Processing ../../../datasets/GIRAFE/daily/2007/06/PREdm20070617000000120IMPGS01GL.nc
Processing ../../../datasets/GIRAFE/daily/2007/06/PREdm20070618000000120IMPGS01GL.nc
Processing ../../../datasets/GIRAFE/daily/2007/06/PREdm20070619000000120IMPGS01GL.nc
Processing ../../../datasets/GIRAFE/daily/2007/06/PREdm20070620000000120IMPGS01GL.nc
Processing ../../../datasets/GIRAFE/daily/2007/06/PREdm20070621000000120IMPGS01GL.nc
Processing ../../../datasets/GIRAFE/daily/2007/06/PREdm20070622000000120IMPGS01GL.nc
Processing ../../../datasets/GIRAFE/daily/2007/06/PREdm20070623000000120IMPGS01GL.nc
Processing ../../../datasets/GIRAFE/daily/2007/06/PREdm20070624000000120IMPGS01GL.nc
Processing ../../../datasets/GIRAFE/daily/2007/06/PREdm20070625000000120IMPGS01GL.nc
Processing ../../../datasets/GIRAFE/daily/2007/06/PREdm20070626000000120IMPGS01GL.nc
Processing ../../../datasets/GIRAFE/daily/2007/06/PREdm20070627000000120IMPGS01GL.nc
Processing ../../../datasets/GIRAFE/daily/2007/06/PREdm20070628000000120IMPGS01GL.nc
Processing ../../../datasets/GIRAFE/daily/2007/06/PREdm20070629000000120IMPGS01GL.nc
Processing ../../../datasets/GIRAFE/daily/2007/06/PREdm20070630000000120IMPGS01GL.nc
Processing ../../../datasets/GIRAFE/daily/2007/07/PREdm20070701000000120IMPGS01GL.nc
Processing ../../../datasets/GIRAFE/daily/2007/07/PREdm20070702000000120IMPGS01GL.nc
Processing ../../../datasets/GIRAFE/daily/2007/07/PREdm20070703000000120IMPGS01GL.nc
Processing ../../../datasets/GIRAFE/daily/2007/07/PREdm20070704000000120IMPGS01GL.nc
Processing ../../../datasets/GIRAFE/daily/2007/07/PREdm20070705000000120IMPGS01GL.nc
Processing ../../../datasets/GIRAFE/daily/2007/07/PREdm20070706000000120IMPGS01GL.nc
Processing ../../../datasets/GIRAFE/daily/2007/07/PREdm20070707000000120IMPGS01GL.nc
Processing ../../../datasets/GIRAFE/daily/2007/07/PREdm20070708000000120IMPGS01GL.nc
Processing ../../../datasets/GIRAFE/daily/2007/07/PREdm20070709000000120IMPGS01GL.nc
Processing ../../../datasets/GIRAFE/daily/2007/07/PREdm20070710000000120IMPGS01GL.nc
Processing ../../../datasets/GIRAFE/daily/2007/07/PREdm20070711000000120IMPGS01GL.nc
Processing ../../../datasets/GIRAFE/daily/2007/07/PREdm20070712000000120IMPGS01GL.nc
Processing ../../../datasets/GIRAFE/daily/2007/07/PREdm20070713000000120IMPGS01GL.nc
Processing ../../../datasets/GIRAFE/daily/2007/07/PREdm20070714000000120IMPGS01GL.nc
Processing ../../../datasets/GIRAFE/daily/2007/07/PREdm20070715000000120IMPGS01GL.nc
Processing ../../../datasets/GIRAFE/daily/2007/07/PREdm20070716000000120IMPGS01GL.nc
Processing ../../../datasets/GIRAFE/daily/2007/07/PREdm20070717000000120IMPGS01GL.nc
Processing ../../../datasets/GIRAFE/daily/2007/07/PREdm20070718000000120IMPGS01GL.nc
Processing ../../../datasets/GIRAFE/daily/2007/07/PREdm20070719000000120IMPGS01GL.nc
Processing ../../../datasets/GIRAFE/daily/2007/07/PREdm20070720000000120IMPGS01GL.nc
Processing ../../../datasets/GIRAFE/daily/2007/07/PREdm20070721000000120IMPGS01GL.nc
Processing ../../../datasets/GIRAFE/daily/2007/07/PREdm20070722000000120IMPGS01GL.nc
Processing ../../../datasets/GIRAFE/daily/2007/07/PREdm20070723000000120IMPGS01GL.nc
Processing ../../../datasets/GIRAFE/daily/2007/07/PREdm20070724000000120IMPGS01GL.nc
Processing ../../../datasets/GIRAFE/daily/2007/07/PREdm20070725000000120IMPGS01GL.nc
Processing ../../../datasets/GIRAFE/daily/2007/07/PREdm20070726000000120IMPGS01GL.nc
Processing ../../../datasets/GIRAFE/daily/2007/07/PREdm20070727000000120IMPGS01GL.nc
Processing ../../../datasets/GIRAFE/daily/2007/07/PREdm20070728000000120IMPGS01GL.nc
Processing ../../../datasets/GIRAFE/daily/2007/07/PREdm20070729000000120IMPGS01GL.nc
Processing ../../../datasets/GIRAFE/daily/2007/07/PREdm20070730000000120IMPGS01GL.nc
Processing ../../../datasets/GIRAFE/daily/2007/07/PREdm20070731000000120IMPGS01GL.nc
Processing ../../../datasets/GIRAFE/daily/2007/08/PREdm20070801000000120IMPGS01GL.nc
Processing ../../../datasets/GIRAFE/daily/2007/08/PREdm20070802000000120IMPGS01GL.nc
Processing ../../../datasets/GIRAFE/daily/2007/08/PREdm20070803000000120IMPGS01GL.nc
Processing ../../../datasets/GIRAFE/daily/2007/08/PREdm20070804000000120IMPGS01GL.nc
Processing ../../../datasets/GIRAFE/daily/2007/08/PREdm20070805000000120IMPGS01GL.nc
Processing ../../../datasets/GIRAFE/daily/2007/08/PREdm20070806000000120IMPGS01GL.nc
Processing ../../../datasets/GIRAFE/daily/2007/08/PREdm20070807000000120IMPGS01GL.nc
Processing ../../../datasets/GIRAFE/daily/2007/08/PREdm20070808000000120IMPGS01GL.nc
Processing ../../../datasets/GIRAFE/daily/2007/08/PREdm20070809000000120IMPGS01GL.nc
Processing ../../../datasets/GIRAFE/daily/2007/08/PREdm20070810000000120IMPGS01GL.nc
Processing ../../../datasets/GIRAFE/daily/2007/08/PREdm20070811000000120IMPGS01GL.nc
Processing ../../../datasets/GIRAFE/daily/2007/08/PREdm20070812000000120IMPGS01GL.nc
Processing ../../../datasets/GIRAFE/daily/2007/08/PREdm20070813000000120IMPGS01GL.nc
Processing ../../../datasets/GIRAFE/daily/2007/08/PREdm20070814000000120IMPGS01GL.nc
Processing ../../../datasets/GIRAFE/daily/2007/08/PREdm20070815000000120IMPGS01GL.nc
Processing ../../../datasets/GIRAFE/daily/2007/08/PREdm20070816000000120IMPGS01GL.nc
Processing ../../../datasets/GIRAFE/daily/2007/08/PREdm20070817000000120IMPGS01GL.nc
Processing ../../../datasets/GIRAFE/daily/2007/08/PREdm20070818000000120IMPGS01GL.nc
Processing ../../../datasets/GIRAFE/daily/2007/08/PREdm20070819000000120IMPGS01GL.nc
Processing ../../../datasets/GIRAFE/daily/2007/08/PREdm20070820000000120IMPGS01GL.nc
Processing ../../../datasets/GIRAFE/daily/2007/08/PREdm20070821000000120IMPGS01GL.nc
Processing ../../../datasets/GIRAFE/daily/2007/08/PREdm20070822000000120IMPGS01GL.nc
Processing ../../../datasets/GIRAFE/daily/2007/08/PREdm20070823000000120IMPGS01GL.nc
Processing ../../../datasets/GIRAFE/daily/2007/08/PREdm20070824000000120IMPGS01GL.nc
Processing ../../../datasets/GIRAFE/daily/2007/08/PREdm20070825000000120IMPGS01GL.nc
Processing ../../../datasets/GIRAFE/daily/2007/08/PREdm20070826000000120IMPGS01GL.nc
Processing ../../../datasets/GIRAFE/daily/2007/08/PREdm20070827000000120IMPGS01GL.nc
Processing ../../../datasets/GIRAFE/daily/2007/08/PREdm20070828000000120IMPGS01GL.nc
Processing ../../../datasets/GIRAFE/daily/2007/08/PREdm20070829000000120IMPGS01GL.nc
Processing ../../../datasets/GIRAFE/daily/2007/08/PREdm20070830000000120IMPGS01GL.nc
Processing ../../../datasets/GIRAFE/daily/2007/08/PREdm20070831000000120IMPGS01GL.nc
Processing ../../../datasets/GIRAFE/daily/2007/09/PREdm20070901000000120IMPGS01GL.nc
Processing ../../../datasets/GIRAFE/daily/2007/09/PREdm20070902000000120IMPGS01GL.nc
Processing ../../../datasets/GIRAFE/daily/2007/09/PREdm20070903000000120IMPGS01GL.nc
Processing ../../../datasets/GIRAFE/daily/2007/09/PREdm20070904000000120IMPGS01GL.nc
Processing ../../../datasets/GIRAFE/daily/2007/09/PREdm20070905000000120IMPGS01GL.nc
Processing ../../../datasets/GIRAFE/daily/2007/09/PREdm20070906000000120IMPGS01GL.nc
Processing ../../../datasets/GIRAFE/daily/2007/09/PREdm20070907000000120IMPGS01GL.nc
Processing ../../../datasets/GIRAFE/daily/2007/09/PREdm20070908000000120IMPGS01GL.nc
Processing ../../../datasets/GIRAFE/daily/2007/09/PREdm20070909000000120IMPGS01GL.nc
Processing ../../../datasets/GIRAFE/daily/2007/09/PREdm20070910000000120IMPGS01GL.nc
Processing ../../../datasets/GIRAFE/daily/2007/09/PREdm20070911000000120IMPGS01GL.nc
Processing ../../../datasets/GIRAFE/daily/2007/09/PREdm20070912000000120IMPGS01GL.nc
Processing ../../../datasets/GIRAFE/daily/2007/09/PREdm20070913000000120IMPGS01GL.nc
Processing ../../../datasets/GIRAFE/daily/2007/09/PREdm20070914000000120IMPGS01GL.nc
Processing ../../../datasets/GIRAFE/daily/2007/09/PREdm20070915000000120IMPGS01GL.nc
Processing ../../../datasets/GIRAFE/daily/2007/09/PREdm20070916000000120IMPGS01GL.nc
Processing ../../../datasets/GIRAFE/daily/2007/09/PREdm20070917000000120IMPGS01GL.nc
Processing ../../../datasets/GIRAFE/daily/2007/09/PREdm20070918000000120IMPGS01GL.nc
Processing ../../../datasets/GIRAFE/daily/2007/09/PREdm20070919000000120IMPGS01GL.nc
Processing ../../../datasets/GIRAFE/daily/2007/09/PREdm20070920000000120IMPGS01GL.nc
Processing ../../../datasets/GIRAFE/daily/2007/09/PREdm20070921000000120IMPGS01GL.nc
Processing ../../../datasets/GIRAFE/daily/2007/09/PREdm20070922000000120IMPGS01GL.nc
Processing ../../../datasets/GIRAFE/daily/2007/09/PREdm20070923000000120IMPGS01GL.nc
Processing ../../../datasets/GIRAFE/daily/2007/09/PREdm20070924000000120IMPGS01GL.nc
Processing ../../../datasets/GIRAFE/daily/2007/09/PREdm20070925000000120IMPGS01GL.nc
Processing ../../../datasets/GIRAFE/daily/2007/09/PREdm20070926000000120IMPGS01GL.nc
Processing ../../../datasets/GIRAFE/daily/2007/09/PREdm20070927000000120IMPGS01GL.nc
Processing ../../../datasets/GIRAFE/daily/2007/09/PREdm20070928000000120IMPGS01GL.nc
Processing ../../../datasets/GIRAFE/daily/2007/09/PREdm20070929000000120IMPGS01GL.nc
Processing ../../../datasets/GIRAFE/daily/2007/09/PREdm20070930000000120IMPGS01GL.nc
Processing ../../../datasets/GIRAFE/daily/2007/10/PREdm20071001000000120IMPGS01GL.nc
Processing ../../../datasets/GIRAFE/daily/2007/10/PREdm20071002000000120IMPGS01GL.nc
Processing ../../../datasets/GIRAFE/daily/2007/10/PREdm20071003000000120IMPGS01GL.nc
Processing ../../../datasets/GIRAFE/daily/2007/10/PREdm20071004000000120IMPGS01GL.nc
Processing ../../../datasets/GIRAFE/daily/2007/10/PREdm20071005000000120IMPGS01GL.nc
Processing ../../../datasets/GIRAFE/daily/2007/10/PREdm20071006000000120IMPGS01GL.nc
Processing ../../../datasets/GIRAFE/daily/2007/10/PREdm20071007000000120IMPGS01GL.nc
Processing ../../../datasets/GIRAFE/daily/2007/10/PREdm20071008000000120IMPGS01GL.nc
Processing ../../../datasets/GIRAFE/daily/2007/10/PREdm20071009000000120IMPGS01GL.nc
Processing ../../../datasets/GIRAFE/daily/2007/10/PREdm20071010000000120IMPGS01GL.nc
Processing ../../../datasets/GIRAFE/daily/2007/10/PREdm20071011000000120IMPGS01GL.nc
Processing ../../../datasets/GIRAFE/daily/2007/10/PREdm20071012000000120IMPGS01GL.nc
Processing ../../../datasets/GIRAFE/daily/2007/10/PREdm20071013000000120IMPGS01GL.nc
Processing ../../../datasets/GIRAFE/daily/2007/10/PREdm20071014000000120IMPGS01GL.nc
Processing ../../../datasets/GIRAFE/daily/2007/10/PREdm20071015000000120IMPGS01GL.nc
Processing ../../../datasets/GIRAFE/daily/2007/10/PREdm20071016000000120IMPGS01GL.nc
Processing ../../../datasets/GIRAFE/daily/2007/10/PREdm20071017000000120IMPGS01GL.nc
Processing ../../../datasets/GIRAFE/daily/2007/10/PREdm20071018000000120IMPGS01GL.nc
Processing ../../../datasets/GIRAFE/daily/2007/10/PREdm20071019000000120IMPGS01GL.nc
Processing ../../../datasets/GIRAFE/daily/2007/10/PREdm20071020000000120IMPGS01GL.nc
Processing ../../../datasets/GIRAFE/daily/2007/10/PREdm20071021000000120IMPGS01GL.nc
Processing ../../../datasets/GIRAFE/daily/2007/10/PREdm20071022000000120IMPGS01GL.nc
Processing ../../../datasets/GIRAFE/daily/2007/10/PREdm20071023000000120IMPGS01GL.nc
Processing ../../../datasets/GIRAFE/daily/2007/10/PREdm20071024000000120IMPGS01GL.nc
Processing ../../../datasets/GIRAFE/daily/2007/10/PREdm20071025000000120IMPGS01GL.nc
Processing ../../../datasets/GIRAFE/daily/2007/10/PREdm20071026000000120IMPGS01GL.nc
Processing ../../../datasets/GIRAFE/daily/2007/10/PREdm20071027000000120IMPGS01GL.nc
Processing ../../../datasets/GIRAFE/daily/2007/10/PREdm20071028000000120IMPGS01GL.nc
Processing ../../../datasets/GIRAFE/daily/2007/10/PREdm20071029000000120IMPGS01GL.nc
Processing ../../../datasets/GIRAFE/daily/2007/10/PREdm20071030000000120IMPGS01GL.nc
Processing ../../../datasets/GIRAFE/daily/2007/10/PREdm20071031000000120IMPGS01GL.nc
Processing ../../../datasets/GIRAFE/daily/2007/11/PREdm20071101000000120IMPGS01GL.nc
Processing ../../../datasets/GIRAFE/daily/2007/11/PREdm20071102000000120IMPGS01GL.nc
Processing ../../../datasets/GIRAFE/daily/2007/11/PREdm20071103000000120IMPGS01GL.nc
Processing ../../../datasets/GIRAFE/daily/2007/11/PREdm20071104000000120IMPGS01GL.nc
Processing ../../../datasets/GIRAFE/daily/2007/11/PREdm20071105000000120IMPGS01GL.nc
Processing ../../../datasets/GIRAFE/daily/2007/11/PREdm20071106000000120IMPGS01GL.nc
Processing ../../../datasets/GIRAFE/daily/2007/11/PREdm20071107000000120IMPGS01GL.nc
Processing ../../../datasets/GIRAFE/daily/2007/11/PREdm20071108000000120IMPGS01GL.nc
Processing ../../../datasets/GIRAFE/daily/2007/11/PREdm20071109000000120IMPGS01GL.nc
Processing ../../../datasets/GIRAFE/daily/2007/11/PREdm20071110000000120IMPGS01GL.nc
Processing ../../../datasets/GIRAFE/daily/2007/11/PREdm20071111000000120IMPGS01GL.nc
Processing ../../../datasets/GIRAFE/daily/2007/11/PREdm20071112000000120IMPGS01GL.nc
Processing ../../../datasets/GIRAFE/daily/2007/11/PREdm20071113000000120IMPGS01GL.nc
Processing ../../../datasets/GIRAFE/daily/2007/11/PREdm20071114000000120IMPGS01GL.nc
Processing ../../../datasets/GIRAFE/daily/2007/11/PREdm20071115000000120IMPGS01GL.nc
Processing ../../../datasets/GIRAFE/daily/2007/11/PREdm20071116000000120IMPGS01GL.nc
Processing ../../../datasets/GIRAFE/daily/2007/11/PREdm20071117000000120IMPGS01GL.nc
Processing ../../../datasets/GIRAFE/daily/2007/11/PREdm20071118000000120IMPGS01GL.nc
Processing ../../../datasets/GIRAFE/daily/2007/11/PREdm20071119000000120IMPGS01GL.nc
Processing ../../../datasets/GIRAFE/daily/2007/11/PREdm20071120000000120IMPGS01GL.nc
Processing ../../../datasets/GIRAFE/daily/2007/11/PREdm20071121000000120IMPGS01GL.nc
Processing ../../../datasets/GIRAFE/daily/2007/11/PREdm20071122000000120IMPGS01GL.nc
Processing ../../../datasets/GIRAFE/daily/2007/11/PREdm20071123000000120IMPGS01GL.nc
Processing ../../../datasets/GIRAFE/daily/2007/11/PREdm20071124000000120IMPGS01GL.nc
Processing ../../../datasets/GIRAFE/daily/2007/11/PREdm20071125000000120IMPGS01GL.nc
Processing ../../../datasets/GIRAFE/daily/2007/11/PREdm20071126000000120IMPGS01GL.nc
Processing ../../../datasets/GIRAFE/daily/2007/11/PREdm20071127000000120IMPGS01GL.nc
Processing ../../../datasets/GIRAFE/daily/2007/11/PREdm20071128000000120IMPGS01GL.nc
Processing ../../../datasets/GIRAFE/daily/2007/11/PREdm20071129000000120IMPGS01GL.nc
Processing ../../../datasets/GIRAFE/daily/2007/11/PREdm20071130000000120IMPGS01GL.nc
Processing ../../../datasets/GIRAFE/daily/2007/12/PREdm20071201000000120IMPGS01GL.nc
Processing ../../../datasets/GIRAFE/daily/2007/12/PREdm20071202000000120IMPGS01GL.nc
Processing ../../../datasets/GIRAFE/daily/2007/12/PREdm20071203000000120IMPGS01GL.nc
Processing ../../../datasets/GIRAFE/daily/2007/12/PREdm20071204000000120IMPGS01GL.nc
Processing ../../../datasets/GIRAFE/daily/2007/12/PREdm20071205000000120IMPGS01GL.nc
Processing ../../../datasets/GIRAFE/daily/2007/12/PREdm20071206000000120IMPGS01GL.nc
Processing ../../../datasets/GIRAFE/daily/2007/12/PREdm20071207000000120IMPGS01GL.nc
Processing ../../../datasets/GIRAFE/daily/2007/12/PREdm20071208000000120IMPGS01GL.nc
Processing ../../../datasets/GIRAFE/daily/2007/12/PREdm20071209000000120IMPGS01GL.nc
Processing ../../../datasets/GIRAFE/daily/2007/12/PREdm20071210000000120IMPGS01GL.nc
Processing ../../../datasets/GIRAFE/daily/2007/12/PREdm20071211000000120IMPGS01GL.nc
Processing ../../../datasets/GIRAFE/daily/2007/12/PREdm20071212000000120IMPGS01GL.nc
Processing ../../../datasets/GIRAFE/daily/2007/12/PREdm20071213000000120IMPGS01GL.nc
Processing ../../../datasets/GIRAFE/daily/2007/12/PREdm20071214000000120IMPGS01GL.nc
Processing ../../../datasets/GIRAFE/daily/2007/12/PREdm20071215000000120IMPGS01GL.nc
Processing ../../../datasets/GIRAFE/daily/2007/12/PREdm20071216000000120IMPGS01GL.nc
Processing ../../../datasets/GIRAFE/daily/2007/12/PREdm20071217000000120IMPGS01GL.nc
Processing ../../../datasets/GIRAFE/daily/2007/12/PREdm20071218000000120IMPGS01GL.nc
Processing ../../../datasets/GIRAFE/daily/2007/12/PREdm20071219000000120IMPGS01GL.nc
Processing ../../../datasets/GIRAFE/daily/2007/12/PREdm20071220000000120IMPGS01GL.nc
Processing ../../../datasets/GIRAFE/daily/2007/12/PREdm20071221000000120IMPGS01GL.nc
Processing ../../../datasets/GIRAFE/daily/2007/12/PREdm20071222000000120IMPGS01GL.nc
Processing ../../../datasets/GIRAFE/daily/2007/12/PREdm20071223000000120IMPGS01GL.nc
Processing ../../../datasets/GIRAFE/daily/2007/12/PREdm20071224000000120IMPGS01GL.nc
Processing ../../../datasets/GIRAFE/daily/2007/12/PREdm20071225000000120IMPGS01GL.nc
Processing ../../../datasets/GIRAFE/daily/2007/12/PREdm20071226000000120IMPGS01GL.nc
Processing ../../../datasets/GIRAFE/daily/2007/12/PREdm20071227000000120IMPGS01GL.nc
Processing ../../../datasets/GIRAFE/daily/2007/12/PREdm20071228000000120IMPGS01GL.nc
Processing ../../../datasets/GIRAFE/daily/2007/12/PREdm20071229000000120IMPGS01GL.nc
Processing ../../../datasets/GIRAFE/daily/2007/12/PREdm20071230000000120IMPGS01GL.nc
Processing ../../../datasets/GIRAFE/daily/2007/12/PREdm20071231000000120IMPGS01GL.nc
Processing ../../../datasets/GIRAFE/daily/2008/01/PREdm20080101000000120IMPGS01GL.nc
Processing ../../../datasets/GIRAFE/daily/2008/01/PREdm20080102000000120IMPGS01GL.nc
Processing ../../../datasets/GIRAFE/daily/2008/01/PREdm20080103000000120IMPGS01GL.nc
Processing ../../../datasets/GIRAFE/daily/2008/01/PREdm20080104000000120IMPGS01GL.nc
Processing ../../../datasets/GIRAFE/daily/2008/01/PREdm20080105000000120IMPGS01GL.nc
Processing ../../../datasets/GIRAFE/daily/2008/01/PREdm20080106000000120IMPGS01GL.nc
Processing ../../../datasets/GIRAFE/daily/2008/01/PREdm20080107000000120IMPGS01GL.nc
Processing ../../../datasets/GIRAFE/daily/2008/01/PREdm20080108000000120IMPGS01GL.nc
Processing ../../../datasets/GIRAFE/daily/2008/01/PREdm20080109000000120IMPGS01GL.nc
Processing ../../../datasets/GIRAFE/daily/2008/01/PREdm20080110000000120IMPGS01GL.nc
Processing ../../../datasets/GIRAFE/daily/2008/01/PREdm20080111000000120IMPGS01GL.nc
Processing ../../../datasets/GIRAFE/daily/2008/01/PREdm20080112000000120IMPGS01GL.nc
Processing ../../../datasets/GIRAFE/daily/2008/01/PREdm20080113000000120IMPGS01GL.nc
Processing ../../../datasets/GIRAFE/daily/2008/01/PREdm20080114000000120IMPGS01GL.nc
Processing ../../../datasets/GIRAFE/daily/2008/01/PREdm20080115000000120IMPGS01GL.nc
Processing ../../../datasets/GIRAFE/daily/2008/01/PREdm20080116000000120IMPGS01GL.nc
Processing ../../../datasets/GIRAFE/daily/2008/01/PREdm20080117000000120IMPGS01GL.nc
Processing ../../../datasets/GIRAFE/daily/2008/01/PREdm20080118000000120IMPGS01GL.nc
Processing ../../../datasets/GIRAFE/daily/2008/01/PREdm20080119000000120IMPGS01GL.nc
Processing ../../../datasets/GIRAFE/daily/2008/01/PREdm20080120000000120IMPGS01GL.nc
Processing ../../../datasets/GIRAFE/daily/2008/01/PREdm20080121000000120IMPGS01GL.nc
Processing ../../../datasets/GIRAFE/daily/2008/01/PREdm20080122000000120IMPGS01GL.nc
Processing ../../../datasets/GIRAFE/daily/2008/01/PREdm20080123000000120IMPGS01GL.nc
Processing ../../../datasets/GIRAFE/daily/2008/01/PREdm20080124000000120IMPGS01GL.nc
Processing ../../../datasets/GIRAFE/daily/2008/01/PREdm20080125000000120IMPGS01GL.nc
Processing ../../../datasets/GIRAFE/daily/2008/01/PREdm20080126000000120IMPGS01GL.nc
Processing ../../../datasets/GIRAFE/daily/2008/01/PREdm20080127000000120IMPGS01GL.nc
Processing ../../../datasets/GIRAFE/daily/2008/01/PREdm20080128000000120IMPGS01GL.nc
Processing ../../../datasets/GIRAFE/daily/2008/01/PREdm20080129000000120IMPGS01GL.nc
Processing ../../../datasets/GIRAFE/daily/2008/01/PREdm20080130000000120IMPGS01GL.nc
Processing ../../../datasets/GIRAFE/daily/2008/01/PREdm20080131000000120IMPGS01GL.nc
Processing ../../../datasets/GIRAFE/daily/2008/02/PREdm20080201000000120IMPGS01GL.nc
Processing ../../../datasets/GIRAFE/daily/2008/02/PREdm20080202000000120IMPGS01GL.nc
Processing ../../../datasets/GIRAFE/daily/2008/02/PREdm20080203000000120IMPGS01GL.nc
Processing ../../../datasets/GIRAFE/daily/2008/02/PREdm20080204000000120IMPGS01GL.nc
Processing ../../../datasets/GIRAFE/daily/2008/02/PREdm20080205000000120IMPGS01GL.nc
Processing ../../../datasets/GIRAFE/daily/2008/02/PREdm20080206000000120IMPGS01GL.nc
Processing ../../../datasets/GIRAFE/daily/2008/02/PREdm20080207000000120IMPGS01GL.nc
Processing ../../../datasets/GIRAFE/daily/2008/02/PREdm20080208000000120IMPGS01GL.nc
Processing ../../../datasets/GIRAFE/daily/2008/02/PREdm20080209000000120IMPGS01GL.nc
Processing ../../../datasets/GIRAFE/daily/2008/02/PREdm20080210000000120IMPGS01GL.nc
Processing ../../../datasets/GIRAFE/daily/2008/02/PREdm20080211000000120IMPGS01GL.nc
Processing ../../../datasets/GIRAFE/daily/2008/02/PREdm20080212000000120IMPGS01GL.nc
Processing ../../../datasets/GIRAFE/daily/2008/02/PREdm20080213000000120IMPGS01GL.nc
Processing ../../../datasets/GIRAFE/daily/2008/02/PREdm20080214000000120IMPGS01GL.nc
Processing ../../../datasets/GIRAFE/daily/2008/02/PREdm20080215000000120IMPGS01GL.nc
Processing ../../../datasets/GIRAFE/daily/2008/02/PREdm20080216000000120IMPGS01GL.nc
Processing ../../../datasets/GIRAFE/daily/2008/02/PREdm20080217000000120IMPGS01GL.nc
Processing ../../../datasets/GIRAFE/daily/2008/02/PREdm20080218000000120IMPGS01GL.nc
Processing ../../../datasets/GIRAFE/daily/2008/02/PREdm20080219000000120IMPGS01GL.nc
Processing ../../../datasets/GIRAFE/daily/2008/02/PREdm20080220000000120IMPGS01GL.nc
Processing ../../../datasets/GIRAFE/daily/2008/02/PREdm20080221000000120IMPGS01GL.nc
Processing ../../../datasets/GIRAFE/daily/2008/02/PREdm20080222000000120IMPGS01GL.nc
Processing ../../../datasets/GIRAFE/daily/2008/02/PREdm20080223000000120IMPGS01GL.nc
Processing ../../../datasets/GIRAFE/daily/2008/02/PREdm20080224000000120IMPGS01GL.nc
Processing ../../../datasets/GIRAFE/daily/2008/02/PREdm20080225000000120IMPGS01GL.nc
Processing ../../../datasets/GIRAFE/daily/2008/02/PREdm20080226000000120IMPGS01GL.nc
Processing ../../../datasets/GIRAFE/daily/2008/02/PREdm20080227000000120IMPGS01GL.nc
Processing ../../../datasets/GIRAFE/daily/2008/02/PREdm20080228000000120IMPGS01GL.nc
Processing ../../../datasets/GIRAFE/daily/2008/02/PREdm20080229000000120IMPGS01GL.nc
Processing ../../../datasets/GIRAFE/daily/2008/03/PREdm20080301000000120IMPGS01GL.nc
Processing ../../../datasets/GIRAFE/daily/2008/03/PREdm20080302000000120IMPGS01GL.nc
Processing ../../../datasets/GIRAFE/daily/2008/03/PREdm20080303000000120IMPGS01GL.nc
Processing ../../../datasets/GIRAFE/daily/2008/03/PREdm20080304000000120IMPGS01GL.nc
Processing ../../../datasets/GIRAFE/daily/2008/03/PREdm20080305000000120IMPGS01GL.nc
Processing ../../../datasets/GIRAFE/daily/2008/03/PREdm20080306000000120IMPGS01GL.nc
Processing ../../../datasets/GIRAFE/daily/2008/03/PREdm20080307000000120IMPGS01GL.nc
Processing ../../../datasets/GIRAFE/daily/2008/03/PREdm20080308000000120IMPGS01GL.nc
Processing ../../../datasets/GIRAFE/daily/2008/03/PREdm20080309000000120IMPGS01GL.nc
Processing ../../../datasets/GIRAFE/daily/2008/03/PREdm20080310000000120IMPGS01GL.nc
Processing ../../../datasets/GIRAFE/daily/2008/03/PREdm20080311000000120IMPGS01GL.nc
Processing ../../../datasets/GIRAFE/daily/2008/03/PREdm20080312000000120IMPGS01GL.nc
Processing ../../../datasets/GIRAFE/daily/2008/03/PREdm20080313000000120IMPGS01GL.nc
Processing ../../../datasets/GIRAFE/daily/2008/03/PREdm20080314000000120IMPGS01GL.nc
Processing ../../../datasets/GIRAFE/daily/2008/03/PREdm20080315000000120IMPGS01GL.nc
Processing ../../../datasets/GIRAFE/daily/2008/03/PREdm20080316000000120IMPGS01GL.nc
Processing ../../../datasets/GIRAFE/daily/2008/03/PREdm20080317000000120IMPGS01GL.nc
Processing ../../../datasets/GIRAFE/daily/2008/03/PREdm20080318000000120IMPGS01GL.nc
Processing ../../../datasets/GIRAFE/daily/2008/03/PREdm20080319000000120IMPGS01GL.nc
Processing ../../../datasets/GIRAFE/daily/2008/03/PREdm20080320000000120IMPGS01GL.nc
Processing ../../../datasets/GIRAFE/daily/2008/03/PREdm20080321000000120IMPGS01GL.nc
Processing ../../../datasets/GIRAFE/daily/2008/03/PREdm20080322000000120IMPGS01GL.nc
Processing ../../../datasets/GIRAFE/daily/2008/03/PREdm20080323000000120IMPGS01GL.nc
Processing ../../../datasets/GIRAFE/daily/2008/03/PREdm20080324000000120IMPGS01GL.nc
Processing ../../../datasets/GIRAFE/daily/2008/03/PREdm20080325000000120IMPGS01GL.nc
Processing ../../../datasets/GIRAFE/daily/2008/03/PREdm20080326000000120IMPGS01GL.nc
Processing ../../../datasets/GIRAFE/daily/2008/03/PREdm20080327000000120IMPGS01GL.nc
Processing ../../../datasets/GIRAFE/daily/2008/03/PREdm20080328000000120IMPGS01GL.nc
Processing ../../../datasets/GIRAFE/daily/2008/03/PREdm20080329000000120IMPGS01GL.nc
Processing ../../../datasets/GIRAFE/daily/2008/03/PREdm20080330000000120IMPGS01GL.nc
Processing ../../../datasets/GIRAFE/daily/2008/03/PREdm20080331000000120IMPGS01GL.nc
Processing ../../../datasets/GIRAFE/daily/2008/04/PREdm20080401000000120IMPGS01GL.nc
Processing ../../../datasets/GIRAFE/daily/2008/04/PREdm20080402000000120IMPGS01GL.nc
Processing ../../../datasets/GIRAFE/daily/2008/04/PREdm20080403000000120IMPGS01GL.nc
Processing ../../../datasets/GIRAFE/daily/2008/04/PREdm20080404000000120IMPGS01GL.nc
Processing ../../../datasets/GIRAFE/daily/2008/04/PREdm20080405000000120IMPGS01GL.nc
Processing ../../../datasets/GIRAFE/daily/2008/04/PREdm20080406000000120IMPGS01GL.nc
Processing ../../../datasets/GIRAFE/daily/2008/04/PREdm20080407000000120IMPGS01GL.nc
Processing ../../../datasets/GIRAFE/daily/2008/04/PREdm20080408000000120IMPGS01GL.nc
Processing ../../../datasets/GIRAFE/daily/2008/04/PREdm20080409000000120IMPGS01GL.nc
Processing ../../../datasets/GIRAFE/daily/2008/04/PREdm20080410000000120IMPGS01GL.nc
Processing ../../../datasets/GIRAFE/daily/2008/04/PREdm20080411000000120IMPGS01GL.nc
Processing ../../../datasets/GIRAFE/daily/2008/04/PREdm20080412000000120IMPGS01GL.nc
Processing ../../../datasets/GIRAFE/daily/2008/04/PREdm20080413000000120IMPGS01GL.nc
Processing ../../../datasets/GIRAFE/daily/2008/04/PREdm20080414000000120IMPGS01GL.nc
Processing ../../../datasets/GIRAFE/daily/2008/04/PREdm20080415000000120IMPGS01GL.nc
Processing ../../../datasets/GIRAFE/daily/2008/04/PREdm20080416000000120IMPGS01GL.nc
Processing ../../../datasets/GIRAFE/daily/2008/04/PREdm20080417000000120IMPGS01GL.nc
Processing ../../../datasets/GIRAFE/daily/2008/04/PREdm20080418000000120IMPGS01GL.nc
Processing ../../../datasets/GIRAFE/daily/2008/04/PREdm20080419000000120IMPGS01GL.nc
Processing ../../../datasets/GIRAFE/daily/2008/04/PREdm20080420000000120IMPGS01GL.nc
Processing ../../../datasets/GIRAFE/daily/2008/04/PREdm20080421000000120IMPGS01GL.nc
Processing ../../../datasets/GIRAFE/daily/2008/04/PREdm20080422000000120IMPGS01GL.nc
Processing ../../../datasets/GIRAFE/daily/2008/04/PREdm20080423000000120IMPGS01GL.nc
Processing ../../../datasets/GIRAFE/daily/2008/04/PREdm20080424000000120IMPGS01GL.nc
Processing ../../../datasets/GIRAFE/daily/2008/04/PREdm20080425000000120IMPGS01GL.nc
Processing ../../../datasets/GIRAFE/daily/2008/04/PREdm20080426000000120IMPGS01GL.nc
Processing ../../../datasets/GIRAFE/daily/2008/04/PREdm20080427000000120IMPGS01GL.nc
Processing ../../../datasets/GIRAFE/daily/2008/04/PREdm20080428000000120IMPGS01GL.nc
Processing ../../../datasets/GIRAFE/daily/2008/04/PREdm20080429000000120IMPGS01GL.nc
Processing ../../../datasets/GIRAFE/daily/2008/04/PREdm20080430000000120IMPGS01GL.nc
Processing ../../../datasets/GIRAFE/daily/2008/05/PREdm20080501000000120IMPGS01GL.nc
Processing ../../../datasets/GIRAFE/daily/2008/05/PREdm20080502000000120IMPGS01GL.nc
Processing ../../../datasets/GIRAFE/daily/2008/05/PREdm20080503000000120IMPGS01GL.nc
Processing ../../../datasets/GIRAFE/daily/2008/05/PREdm20080504000000120IMPGS01GL.nc
Processing ../../../datasets/GIRAFE/daily/2008/05/PREdm20080505000000120IMPGS01GL.nc
Processing ../../../datasets/GIRAFE/daily/2008/05/PREdm20080506000000120IMPGS01GL.nc
Processing ../../../datasets/GIRAFE/daily/2008/05/PREdm20080507000000120IMPGS01GL.nc
Processing ../../../datasets/GIRAFE/daily/2008/05/PREdm20080508000000120IMPGS01GL.nc
Processing ../../../datasets/GIRAFE/daily/2008/05/PREdm20080509000000120IMPGS01GL.nc
Processing ../../../datasets/GIRAFE/daily/2008/05/PREdm20080510000000120IMPGS01GL.nc
Processing ../../../datasets/GIRAFE/daily/2008/05/PREdm20080511000000120IMPGS01GL.nc
Processing ../../../datasets/GIRAFE/daily/2008/05/PREdm20080512000000120IMPGS01GL.nc
Processing ../../../datasets/GIRAFE/daily/2008/05/PREdm20080513000000120IMPGS01GL.nc
Processing ../../../datasets/GIRAFE/daily/2008/05/PREdm20080514000000120IMPGS01GL.nc
Processing ../../../datasets/GIRAFE/daily/2008/05/PREdm20080515000000120IMPGS01GL.nc
Processing ../../../datasets/GIRAFE/daily/2008/05/PREdm20080516000000120IMPGS01GL.nc
Processing ../../../datasets/GIRAFE/daily/2008/05/PREdm20080517000000120IMPGS01GL.nc
Processing ../../../datasets/GIRAFE/daily/2008/05/PREdm20080518000000120IMPGS01GL.nc
Processing ../../../datasets/GIRAFE/daily/2008/05/PREdm20080519000000120IMPGS01GL.nc
Processing ../../../datasets/GIRAFE/daily/2008/05/PREdm20080520000000120IMPGS01GL.nc
Processing ../../../datasets/GIRAFE/daily/2008/05/PREdm20080521000000120IMPGS01GL.nc
Processing ../../../datasets/GIRAFE/daily/2008/05/PREdm20080522000000120IMPGS01GL.nc
Processing ../../../datasets/GIRAFE/daily/2008/05/PREdm20080523000000120IMPGS01GL.nc
Processing ../../../datasets/GIRAFE/daily/2008/05/PREdm20080524000000120IMPGS01GL.nc
Processing ../../../datasets/GIRAFE/daily/2008/05/PREdm20080525000000120IMPGS01GL.nc
Processing ../../../datasets/GIRAFE/daily/2008/05/PREdm20080526000000120IMPGS01GL.nc
Processing ../../../datasets/GIRAFE/daily/2008/05/PREdm20080527000000120IMPGS01GL.nc
Processing ../../../datasets/GIRAFE/daily/2008/05/PREdm20080528000000120IMPGS01GL.nc
Processing ../../../datasets/GIRAFE/daily/2008/05/PREdm20080529000000120IMPGS01GL.nc
Processing ../../../datasets/GIRAFE/daily/2008/05/PREdm20080530000000120IMPGS01GL.nc
Processing ../../../datasets/GIRAFE/daily/2008/05/PREdm20080531000000120IMPGS01GL.nc
Processing ../../../datasets/GIRAFE/daily/2008/06/PREdm20080601000000120IMPGS01GL.nc
Processing ../../../datasets/GIRAFE/daily/2008/06/PREdm20080602000000120IMPGS01GL.nc
Processing ../../../datasets/GIRAFE/daily/2008/06/PREdm20080603000000120IMPGS01GL.nc
Processing ../../../datasets/GIRAFE/daily/2008/06/PREdm20080604000000120IMPGS01GL.nc
Processing ../../../datasets/GIRAFE/daily/2008/06/PREdm20080605000000120IMPGS01GL.nc
Processing ../../../datasets/GIRAFE/daily/2008/06/PREdm20080606000000120IMPGS01GL.nc
Processing ../../../datasets/GIRAFE/daily/2008/06/PREdm20080607000000120IMPGS01GL.nc
Processing ../../../datasets/GIRAFE/daily/2008/06/PREdm20080608000000120IMPGS01GL.nc
Processing ../../../datasets/GIRAFE/daily/2008/06/PREdm20080609000000120IMPGS01GL.nc
Processing ../../../datasets/GIRAFE/daily/2008/06/PREdm20080610000000120IMPGS01GL.nc
Processing ../../../datasets/GIRAFE/daily/2008/06/PREdm20080611000000120IMPGS01GL.nc
Processing ../../../datasets/GIRAFE/daily/2008/06/PREdm20080612000000120IMPGS01GL.nc
Processing ../../../datasets/GIRAFE/daily/2008/06/PREdm20080613000000120IMPGS01GL.nc
Processing ../../../datasets/GIRAFE/daily/2008/06/PREdm20080614000000120IMPGS01GL.nc
Processing ../../../datasets/GIRAFE/daily/2008/06/PREdm20080615000000120IMPGS01GL.nc
Processing ../../../datasets/GIRAFE/daily/2008/06/PREdm20080616000000120IMPGS01GL.nc
Processing ../../../datasets/GIRAFE/daily/2008/06/PREdm20080617000000120IMPGS01GL.nc
Processing ../../../datasets/GIRAFE/daily/2008/06/PREdm20080618000000120IMPGS01GL.nc
Processing ../../../datasets/GIRAFE/daily/2008/06/PREdm20080619000000120IMPGS01GL.nc
Processing ../../../datasets/GIRAFE/daily/2008/06/PREdm20080620000000120IMPGS01GL.nc
Processing ../../../datasets/GIRAFE/daily/2008/06/PREdm20080621000000120IMPGS01GL.nc
Processing ../../../datasets/GIRAFE/daily/2008/06/PREdm20080622000000120IMPGS01GL.nc
Processing ../../../datasets/GIRAFE/daily/2008/06/PREdm20080623000000120IMPGS01GL.nc
Processing ../../../datasets/GIRAFE/daily/2008/06/PREdm20080624000000120IMPGS01GL.nc
Processing ../../../datasets/GIRAFE/daily/2008/06/PREdm20080625000000120IMPGS01GL.nc
Processing ../../../datasets/GIRAFE/daily/2008/06/PREdm20080626000000120IMPGS01GL.nc
Processing ../../../datasets/GIRAFE/daily/2008/06/PREdm20080627000000120IMPGS01GL.nc
Processing ../../../datasets/GIRAFE/daily/2008/06/PREdm20080628000000120IMPGS01GL.nc
Processing ../../../datasets/GIRAFE/daily/2008/06/PREdm20080629000000120IMPGS01GL.nc
Processing ../../../datasets/GIRAFE/daily/2008/06/PREdm20080630000000120IMPGS01GL.nc
Processing ../../../datasets/GIRAFE/daily/2008/07/PREdm20080701000000120IMPGS01GL.nc
Processing ../../../datasets/GIRAFE/daily/2008/07/PREdm20080702000000120IMPGS01GL.nc
Processing ../../../datasets/GIRAFE/daily/2008/07/PREdm20080703000000120IMPGS01GL.nc
Processing ../../../datasets/GIRAFE/daily/2008/07/PREdm20080704000000120IMPGS01GL.nc
Processing ../../../datasets/GIRAFE/daily/2008/07/PREdm20080705000000120IMPGS01GL.nc
Processing ../../../datasets/GIRAFE/daily/2008/07/PREdm20080706000000120IMPGS01GL.nc
Processing ../../../datasets/GIRAFE/daily/2008/07/PREdm20080707000000120IMPGS01GL.nc
Processing ../../../datasets/GIRAFE/daily/2008/07/PREdm20080708000000120IMPGS01GL.nc
Processing ../../../datasets/GIRAFE/daily/2008/07/PREdm20080709000000120IMPGS01GL.nc
Processing ../../../datasets/GIRAFE/daily/2008/07/PREdm20080710000000120IMPGS01GL.nc
Processing ../../../datasets/GIRAFE/daily/2008/07/PREdm20080711000000120IMPGS01GL.nc
Processing ../../../datasets/GIRAFE/daily/2008/07/PREdm20080712000000120IMPGS01GL.nc
Processing ../../../datasets/GIRAFE/daily/2008/07/PREdm20080713000000120IMPGS01GL.nc
Processing ../../../datasets/GIRAFE/daily/2008/07/PREdm20080714000000120IMPGS01GL.nc
Processing ../../../datasets/GIRAFE/daily/2008/07/PREdm20080715000000120IMPGS01GL.nc
Processing ../../../datasets/GIRAFE/daily/2008/07/PREdm20080716000000120IMPGS01GL.nc
Processing ../../../datasets/GIRAFE/daily/2008/07/PREdm20080717000000120IMPGS01GL.nc
Processing ../../../datasets/GIRAFE/daily/2008/07/PREdm20080718000000120IMPGS01GL.nc
Processing ../../../datasets/GIRAFE/daily/2008/07/PREdm20080719000000120IMPGS01GL.nc
Processing ../../../datasets/GIRAFE/daily/2008/07/PREdm20080720000000120IMPGS01GL.nc
Processing ../../../datasets/GIRAFE/daily/2008/07/PREdm20080721000000120IMPGS01GL.nc
Processing ../../../datasets/GIRAFE/daily/2008/07/PREdm20080722000000120IMPGS01GL.nc
Processing ../../../datasets/GIRAFE/daily/2008/07/PREdm20080723000000120IMPGS01GL.nc
Processing ../../../datasets/GIRAFE/daily/2008/07/PREdm20080724000000120IMPGS01GL.nc
Processing ../../../datasets/GIRAFE/daily/2008/07/PREdm20080725000000120IMPGS01GL.nc
Processing ../../../datasets/GIRAFE/daily/2008/07/PREdm20080726000000120IMPGS01GL.nc
Processing ../../../datasets/GIRAFE/daily/2008/07/PREdm20080727000000120IMPGS01GL.nc
Processing ../../../datasets/GIRAFE/daily/2008/07/PREdm20080728000000120IMPGS01GL.nc
Processing ../../../datasets/GIRAFE/daily/2008/07/PREdm20080729000000120IMPGS01GL.nc
Processing ../../../datasets/GIRAFE/daily/2008/07/PREdm20080730000000120IMPGS01GL.nc
Processing ../../../datasets/GIRAFE/daily/2008/07/PREdm20080731000000120IMPGS01GL.nc
Processing ../../../datasets/GIRAFE/daily/2008/08/PREdm20080801000000120IMPGS01GL.nc
Processing ../../../datasets/GIRAFE/daily/2008/08/PREdm20080802000000120IMPGS01GL.nc
Processing ../../../datasets/GIRAFE/daily/2008/08/PREdm20080803000000120IMPGS01GL.nc
Processing ../../../datasets/GIRAFE/daily/2008/08/PREdm20080804000000120IMPGS01GL.nc
Processing ../../../datasets/GIRAFE/daily/2008/08/PREdm20080805000000120IMPGS01GL.nc
Processing ../../../datasets/GIRAFE/daily/2008/08/PREdm20080806000000120IMPGS01GL.nc
Processing ../../../datasets/GIRAFE/daily/2008/08/PREdm20080807000000120IMPGS01GL.nc
Processing ../../../datasets/GIRAFE/daily/2008/08/PREdm20080808000000120IMPGS01GL.nc
Processing ../../../datasets/GIRAFE/daily/2008/08/PREdm20080809000000120IMPGS01GL.nc
Processing ../../../datasets/GIRAFE/daily/2008/08/PREdm20080810000000120IMPGS01GL.nc
Processing ../../../datasets/GIRAFE/daily/2008/08/PREdm20080811000000120IMPGS01GL.nc
Processing ../../../datasets/GIRAFE/daily/2008/08/PREdm20080812000000120IMPGS01GL.nc
Processing ../../../datasets/GIRAFE/daily/2008/08/PREdm20080813000000120IMPGS01GL.nc
Processing ../../../datasets/GIRAFE/daily/2008/08/PREdm20080814000000120IMPGS01GL.nc
Processing ../../../datasets/GIRAFE/daily/2008/08/PREdm20080815000000120IMPGS01GL.nc
Processing ../../../datasets/GIRAFE/daily/2008/08/PREdm20080816000000120IMPGS01GL.nc
Processing ../../../datasets/GIRAFE/daily/2008/08/PREdm20080817000000120IMPGS01GL.nc
Processing ../../../datasets/GIRAFE/daily/2008/08/PREdm20080818000000120IMPGS01GL.nc
Processing ../../../datasets/GIRAFE/daily/2008/08/PREdm20080819000000120IMPGS01GL.nc
Processing ../../../datasets/GIRAFE/daily/2008/08/PREdm20080820000000120IMPGS01GL.nc
Processing ../../../datasets/GIRAFE/daily/2008/08/PREdm20080821000000120IMPGS01GL.nc
Processing ../../../datasets/GIRAFE/daily/2008/08/PREdm20080822000000120IMPGS01GL.nc
Processing ../../../datasets/GIRAFE/daily/2008/08/PREdm20080823000000120IMPGS01GL.nc
Processing ../../../datasets/GIRAFE/daily/2008/08/PREdm20080824000000120IMPGS01GL.nc
Processing ../../../datasets/GIRAFE/daily/2008/08/PREdm20080825000000120IMPGS01GL.nc
Processing ../../../datasets/GIRAFE/daily/2008/08/PREdm20080826000000120IMPGS01GL.nc
Processing ../../../datasets/GIRAFE/daily/2008/08/PREdm20080827000000120IMPGS01GL.nc
Processing ../../../datasets/GIRAFE/daily/2008/08/PREdm20080828000000120IMPGS01GL.nc
Processing ../../../datasets/GIRAFE/daily/2008/08/PREdm20080829000000120IMPGS01GL.nc
Processing ../../../datasets/GIRAFE/daily/2008/08/PREdm20080830000000120IMPGS01GL.nc
Processing ../../../datasets/GIRAFE/daily/2008/08/PREdm20080831000000120IMPGS01GL.nc
Processing ../../../datasets/GIRAFE/daily/2008/09/PREdm20080901000000120IMPGS01GL.nc
Processing ../../../datasets/GIRAFE/daily/2008/09/PREdm20080902000000120IMPGS01GL.nc
Processing ../../../datasets/GIRAFE/daily/2008/09/PREdm20080903000000120IMPGS01GL.nc
Processing ../../../datasets/GIRAFE/daily/2008/09/PREdm20080904000000120IMPGS01GL.nc
Processing ../../../datasets/GIRAFE/daily/2008/09/PREdm20080905000000120IMPGS01GL.nc
Processing ../../../datasets/GIRAFE/daily/2008/09/PREdm20080906000000120IMPGS01GL.nc
Processing ../../../datasets/GIRAFE/daily/2008/09/PREdm20080907000000120IMPGS01GL.nc
Processing ../../../datasets/GIRAFE/daily/2008/09/PREdm20080908000000120IMPGS01GL.nc
Processing ../../../datasets/GIRAFE/daily/2008/09/PREdm20080909000000120IMPGS01GL.nc
Processing ../../../datasets/GIRAFE/daily/2008/09/PREdm20080910000000120IMPGS01GL.nc
Processing ../../../datasets/GIRAFE/daily/2008/09/PREdm20080911000000120IMPGS01GL.nc
Processing ../../../datasets/GIRAFE/daily/2008/09/PREdm20080912000000120IMPGS01GL.nc
Processing ../../../datasets/GIRAFE/daily/2008/09/PREdm20080913000000120IMPGS01GL.nc
Processing ../../../datasets/GIRAFE/daily/2008/09/PREdm20080914000000120IMPGS01GL.nc
Processing ../../../datasets/GIRAFE/daily/2008/09/PREdm20080915000000120IMPGS01GL.nc
Processing ../../../datasets/GIRAFE/daily/2008/09/PREdm20080916000000120IMPGS01GL.nc
Processing ../../../datasets/GIRAFE/daily/2008/09/PREdm20080917000000120IMPGS01GL.nc
Processing ../../../datasets/GIRAFE/daily/2008/09/PREdm20080918000000120IMPGS01GL.nc
Processing ../../../datasets/GIRAFE/daily/2008/09/PREdm20080919000000120IMPGS01GL.nc
Processing ../../../datasets/GIRAFE/daily/2008/09/PREdm20080920000000120IMPGS01GL.nc
Processing ../../../datasets/GIRAFE/daily/2008/09/PREdm20080921000000120IMPGS01GL.nc
Processing ../../../datasets/GIRAFE/daily/2008/09/PREdm20080922000000120IMPGS01GL.nc
Processing ../../../datasets/GIRAFE/daily/2008/09/PREdm20080923000000120IMPGS01GL.nc
Processing ../../../datasets/GIRAFE/daily/2008/09/PREdm20080924000000120IMPGS01GL.nc
Processing ../../../datasets/GIRAFE/daily/2008/09/PREdm20080925000000120IMPGS01GL.nc
Processing ../../../datasets/GIRAFE/daily/2008/09/PREdm20080926000000120IMPGS01GL.nc
Processing ../../../datasets/GIRAFE/daily/2008/09/PREdm20080927000000120IMPGS01GL.nc
Processing ../../../datasets/GIRAFE/daily/2008/09/PREdm20080928000000120IMPGS01GL.nc
Processing ../../../datasets/GIRAFE/daily/2008/09/PREdm20080929000000120IMPGS01GL.nc
Processing ../../../datasets/GIRAFE/daily/2008/09/PREdm20080930000000120IMPGS01GL.nc
Processing ../../../datasets/GIRAFE/daily/2008/10/PREdm20081001000000120IMPGS01GL.nc
Processing ../../../datasets/GIRAFE/daily/2008/10/PREdm20081002000000120IMPGS01GL.nc
Processing ../../../datasets/GIRAFE/daily/2008/10/PREdm20081003000000120IMPGS01GL.nc
Processing ../../../datasets/GIRAFE/daily/2008/10/PREdm20081004000000120IMPGS01GL.nc
Processing ../../../datasets/GIRAFE/daily/2008/10/PREdm20081005000000120IMPGS01GL.nc
Processing ../../../datasets/GIRAFE/daily/2008/10/PREdm20081006000000120IMPGS01GL.nc
Processing ../../../datasets/GIRAFE/daily/2008/10/PREdm20081007000000120IMPGS01GL.nc
Processing ../../../datasets/GIRAFE/daily/2008/10/PREdm20081008000000120IMPGS01GL.nc
Processing ../../../datasets/GIRAFE/daily/2008/10/PREdm20081009000000120IMPGS01GL.nc
Processing ../../../datasets/GIRAFE/daily/2008/10/PREdm20081010000000120IMPGS01GL.nc
Processing ../../../datasets/GIRAFE/daily/2008/10/PREdm20081011000000120IMPGS01GL.nc
Processing ../../../datasets/GIRAFE/daily/2008/10/PREdm20081012000000120IMPGS01GL.nc
Processing ../../../datasets/GIRAFE/daily/2008/10/PREdm20081013000000120IMPGS01GL.nc
Processing ../../../datasets/GIRAFE/daily/2008/10/PREdm20081014000000120IMPGS01GL.nc
Processing ../../../datasets/GIRAFE/daily/2008/10/PREdm20081015000000120IMPGS01GL.nc
Processing ../../../datasets/GIRAFE/daily/2008/10/PREdm20081016000000120IMPGS01GL.nc
Processing ../../../datasets/GIRAFE/daily/2008/10/PREdm20081017000000120IMPGS01GL.nc
Processing ../../../datasets/GIRAFE/daily/2008/10/PREdm20081018000000120IMPGS01GL.nc
Processing ../../../datasets/GIRAFE/daily/2008/10/PREdm20081019000000120IMPGS01GL.nc
Processing ../../../datasets/GIRAFE/daily/2008/10/PREdm20081020000000120IMPGS01GL.nc
Processing ../../../datasets/GIRAFE/daily/2008/10/PREdm20081021000000120IMPGS01GL.nc
Processing ../../../datasets/GIRAFE/daily/2008/10/PREdm20081022000000120IMPGS01GL.nc
Processing ../../../datasets/GIRAFE/daily/2008/10/PREdm20081023000000120IMPGS01GL.nc
Processing ../../../datasets/GIRAFE/daily/2008/10/PREdm20081024000000120IMPGS01GL.nc
Processing ../../../datasets/GIRAFE/daily/2008/10/PREdm20081025000000120IMPGS01GL.nc
Processing ../../../datasets/GIRAFE/daily/2008/10/PREdm20081026000000120IMPGS01GL.nc
Processing ../../../datasets/GIRAFE/daily/2008/10/PREdm20081027000000120IMPGS01GL.nc
Processing ../../../datasets/GIRAFE/daily/2008/10/PREdm20081028000000120IMPGS01GL.nc
Processing ../../../datasets/GIRAFE/daily/2008/10/PREdm20081029000000120IMPGS01GL.nc
Processing ../../../datasets/GIRAFE/daily/2008/10/PREdm20081030000000120IMPGS01GL.nc
Processing ../../../datasets/GIRAFE/daily/2008/10/PREdm20081031000000120IMPGS01GL.nc
Processing ../../../datasets/GIRAFE/daily/2008/11/PREdm20081101000000120IMPGS01GL.nc
Processing ../../../datasets/GIRAFE/daily/2008/11/PREdm20081102000000120IMPGS01GL.nc
Processing ../../../datasets/GIRAFE/daily/2008/11/PREdm20081103000000120IMPGS01GL.nc
Processing ../../../datasets/GIRAFE/daily/2008/11/PREdm20081104000000120IMPGS01GL.nc
Processing ../../../datasets/GIRAFE/daily/2008/11/PREdm20081105000000120IMPGS01GL.nc
Processing ../../../datasets/GIRAFE/daily/2008/11/PREdm20081106000000120IMPGS01GL.nc
Processing ../../../datasets/GIRAFE/daily/2008/11/PREdm20081107000000120IMPGS01GL.nc
Processing ../../../datasets/GIRAFE/daily/2008/11/PREdm20081108000000120IMPGS01GL.nc
Processing ../../../datasets/GIRAFE/daily/2008/11/PREdm20081109000000120IMPGS01GL.nc
Processing ../../../datasets/GIRAFE/daily/2008/11/PREdm20081110000000120IMPGS01GL.nc
Processing ../../../datasets/GIRAFE/daily/2008/11/PREdm20081111000000120IMPGS01GL.nc
Processing ../../../datasets/GIRAFE/daily/2008/11/PREdm20081112000000120IMPGS01GL.nc
Processing ../../../datasets/GIRAFE/daily/2008/11/PREdm20081113000000120IMPGS01GL.nc
Processing ../../../datasets/GIRAFE/daily/2008/11/PREdm20081114000000120IMPGS01GL.nc
Processing ../../../datasets/GIRAFE/daily/2008/11/PREdm20081115000000120IMPGS01GL.nc
Processing ../../../datasets/GIRAFE/daily/2008/11/PREdm20081116000000120IMPGS01GL.nc
Processing ../../../datasets/GIRAFE/daily/2008/11/PREdm20081117000000120IMPGS01GL.nc
Processing ../../../datasets/GIRAFE/daily/2008/11/PREdm20081118000000120IMPGS01GL.nc
Processing ../../../datasets/GIRAFE/daily/2008/11/PREdm20081119000000120IMPGS01GL.nc
Processing ../../../datasets/GIRAFE/daily/2008/11/PREdm20081120000000120IMPGS01GL.nc
Processing ../../../datasets/GIRAFE/daily/2008/11/PREdm20081121000000120IMPGS01GL.nc
Processing ../../../datasets/GIRAFE/daily/2008/11/PREdm20081122000000120IMPGS01GL.nc
Processing ../../../datasets/GIRAFE/daily/2008/11/PREdm20081123000000120IMPGS01GL.nc
Processing ../../../datasets/GIRAFE/daily/2008/11/PREdm20081124000000120IMPGS01GL.nc
Processing ../../../datasets/GIRAFE/daily/2008/11/PREdm20081125000000120IMPGS01GL.nc
Processing ../../../datasets/GIRAFE/daily/2008/11/PREdm20081126000000120IMPGS01GL.nc
Processing ../../../datasets/GIRAFE/daily/2008/11/PREdm20081127000000120IMPGS01GL.nc
Processing ../../../datasets/GIRAFE/daily/2008/11/PREdm20081128000000120IMPGS01GL.nc
Processing ../../../datasets/GIRAFE/daily/2008/11/PREdm20081129000000120IMPGS01GL.nc
Processing ../../../datasets/GIRAFE/daily/2008/11/PREdm20081130000000120IMPGS01GL.nc
Processing ../../../datasets/GIRAFE/daily/2008/12/PREdm20081201000000120IMPGS01GL.nc
Processing ../../../datasets/GIRAFE/daily/2008/12/PREdm20081202000000120IMPGS01GL.nc
Processing ../../../datasets/GIRAFE/daily/2008/12/PREdm20081203000000120IMPGS01GL.nc
Processing ../../../datasets/GIRAFE/daily/2008/12/PREdm20081204000000120IMPGS01GL.nc
Processing ../../../datasets/GIRAFE/daily/2008/12/PREdm20081205000000120IMPGS01GL.nc
Processing ../../../datasets/GIRAFE/daily/2008/12/PREdm20081206000000120IMPGS01GL.nc
Processing ../../../datasets/GIRAFE/daily/2008/12/PREdm20081207000000120IMPGS01GL.nc
Processing ../../../datasets/GIRAFE/daily/2008/12/PREdm20081208000000120IMPGS01GL.nc
Processing ../../../datasets/GIRAFE/daily/2008/12/PREdm20081209000000120IMPGS01GL.nc
Processing ../../../datasets/GIRAFE/daily/2008/12/PREdm20081210000000120IMPGS01GL.nc
Processing ../../../datasets/GIRAFE/daily/2008/12/PREdm20081211000000120IMPGS01GL.nc
Processing ../../../datasets/GIRAFE/daily/2008/12/PREdm20081212000000120IMPGS01GL.nc
Processing ../../../datasets/GIRAFE/daily/2008/12/PREdm20081213000000120IMPGS01GL.nc
Processing ../../../datasets/GIRAFE/daily/2008/12/PREdm20081214000000120IMPGS01GL.nc
Processing ../../../datasets/GIRAFE/daily/2008/12/PREdm20081215000000120IMPGS01GL.nc
Processing ../../../datasets/GIRAFE/daily/2008/12/PREdm20081216000000120IMPGS01GL.nc
Processing ../../../datasets/GIRAFE/daily/2008/12/PREdm20081217000000120IMPGS01GL.nc
Processing ../../../datasets/GIRAFE/daily/2008/12/PREdm20081218000000120IMPGS01GL.nc
Processing ../../../datasets/GIRAFE/daily/2008/12/PREdm20081219000000120IMPGS01GL.nc
Processing ../../../datasets/GIRAFE/daily/2008/12/PREdm20081220000000120IMPGS01GL.nc
Processing ../../../datasets/GIRAFE/daily/2008/12/PREdm20081221000000120IMPGS01GL.nc
Processing ../../../datasets/GIRAFE/daily/2008/12/PREdm20081222000000120IMPGS01GL.nc
Processing ../../../datasets/GIRAFE/daily/2008/12/PREdm20081223000000120IMPGS01GL.nc
Processing ../../../datasets/GIRAFE/daily/2008/12/PREdm20081224000000120IMPGS01GL.nc
Processing ../../../datasets/GIRAFE/daily/2008/12/PREdm20081225000000120IMPGS01GL.nc
Processing ../../../datasets/GIRAFE/daily/2008/12/PREdm20081226000000120IMPGS01GL.nc
Processing ../../../datasets/GIRAFE/daily/2008/12/PREdm20081227000000120IMPGS01GL.nc
Processing ../../../datasets/GIRAFE/daily/2008/12/PREdm20081228000000120IMPGS01GL.nc
Processing ../../../datasets/GIRAFE/daily/2008/12/PREdm20081229000000120IMPGS01GL.nc
Processing ../../../datasets/GIRAFE/daily/2008/12/PREdm20081230000000120IMPGS01GL.nc
Processing ../../../datasets/GIRAFE/daily/2008/12/PREdm20081231000000120IMPGS01GL.nc
Processing ../../../datasets/GIRAFE/daily/2009/01/PREdm20090101000000120IMPGS01GL.nc
Processing ../../../datasets/GIRAFE/daily/2009/01/PREdm20090102000000120IMPGS01GL.nc
Processing ../../../datasets/GIRAFE/daily/2009/01/PREdm20090103000000120IMPGS01GL.nc
Processing ../../../datasets/GIRAFE/daily/2009/01/PREdm20090104000000120IMPGS01GL.nc
Processing ../../../datasets/GIRAFE/daily/2009/01/PREdm20090105000000120IMPGS01GL.nc
Processing ../../../datasets/GIRAFE/daily/2009/01/PREdm20090106000000120IMPGS01GL.nc
Processing ../../../datasets/GIRAFE/daily/2009/01/PREdm20090107000000120IMPGS01GL.nc
Processing ../../../datasets/GIRAFE/daily/2009/01/PREdm20090108000000120IMPGS01GL.nc
Processing ../../../datasets/GIRAFE/daily/2009/01/PREdm20090109000000120IMPGS01GL.nc
Processing ../../../datasets/GIRAFE/daily/2009/01/PREdm20090110000000120IMPGS01GL.nc
Processing ../../../datasets/GIRAFE/daily/2009/01/PREdm20090111000000120IMPGS01GL.nc
Processing ../../../datasets/GIRAFE/daily/2009/01/PREdm20090112000000120IMPGS01GL.nc
Processing ../../../datasets/GIRAFE/daily/2009/01/PREdm20090113000000120IMPGS01GL.nc
Processing ../../../datasets/GIRAFE/daily/2009/01/PREdm20090114000000120IMPGS01GL.nc
Processing ../../../datasets/GIRAFE/daily/2009/01/PREdm20090115000000120IMPGS01GL.nc
Processing ../../../datasets/GIRAFE/daily/2009/01/PREdm20090116000000120IMPGS01GL.nc
Processing ../../../datasets/GIRAFE/daily/2009/01/PREdm20090117000000120IMPGS01GL.nc
Processing ../../../datasets/GIRAFE/daily/2009/01/PREdm20090118000000120IMPGS01GL.nc
Processing ../../../datasets/GIRAFE/daily/2009/01/PREdm20090119000000120IMPGS01GL.nc
Processing ../../../datasets/GIRAFE/daily/2009/01/PREdm20090120000000120IMPGS01GL.nc
Processing ../../../datasets/GIRAFE/daily/2009/01/PREdm20090121000000120IMPGS01GL.nc
Processing ../../../datasets/GIRAFE/daily/2009/01/PREdm20090122000000120IMPGS01GL.nc
Processing ../../../datasets/GIRAFE/daily/2009/01/PREdm20090123000000120IMPGS01GL.nc
Processing ../../../datasets/GIRAFE/daily/2009/01/PREdm20090124000000120IMPGS01GL.nc
Processing ../../../datasets/GIRAFE/daily/2009/01/PREdm20090125000000120IMPGS01GL.nc
Processing ../../../datasets/GIRAFE/daily/2009/01/PREdm20090126000000120IMPGS01GL.nc
Processing ../../../datasets/GIRAFE/daily/2009/01/PREdm20090127000000120IMPGS01GL.nc
Processing ../../../datasets/GIRAFE/daily/2009/01/PREdm20090128000000120IMPGS01GL.nc
Processing ../../../datasets/GIRAFE/daily/2009/01/PREdm20090129000000120IMPGS01GL.nc
Processing ../../../datasets/GIRAFE/daily/2009/01/PREdm20090130000000120IMPGS01GL.nc
Processing ../../../datasets/GIRAFE/daily/2009/01/PREdm20090131000000120IMPGS01GL.nc
Processing ../../../datasets/GIRAFE/daily/2009/02/PREdm20090201000000120IMPGS01GL.nc
Processing ../../../datasets/GIRAFE/daily/2009/02/PREdm20090202000000120IMPGS01GL.nc
Processing ../../../datasets/GIRAFE/daily/2009/02/PREdm20090203000000120IMPGS01GL.nc
Processing ../../../datasets/GIRAFE/daily/2009/02/PREdm20090204000000120IMPGS01GL.nc
Processing ../../../datasets/GIRAFE/daily/2009/02/PREdm20090205000000120IMPGS01GL.nc
Processing ../../../datasets/GIRAFE/daily/2009/02/PREdm20090206000000120IMPGS01GL.nc
Processing ../../../datasets/GIRAFE/daily/2009/02/PREdm20090207000000120IMPGS01GL.nc
Processing ../../../datasets/GIRAFE/daily/2009/02/PREdm20090208000000120IMPGS01GL.nc
Processing ../../../datasets/GIRAFE/daily/2009/02/PREdm20090209000000120IMPGS01GL.nc
Processing ../../../datasets/GIRAFE/daily/2009/02/PREdm20090210000000120IMPGS01GL.nc
Processing ../../../datasets/GIRAFE/daily/2009/02/PREdm20090211000000120IMPGS01GL.nc
Processing ../../../datasets/GIRAFE/daily/2009/02/PREdm20090212000000120IMPGS01GL.nc
Processing ../../../datasets/GIRAFE/daily/2009/02/PREdm20090213000000120IMPGS01GL.nc
Processing ../../../datasets/GIRAFE/daily/2009/02/PREdm20090214000000120IMPGS01GL.nc
Processing ../../../datasets/GIRAFE/daily/2009/02/PREdm20090215000000120IMPGS01GL.nc
Processing ../../../datasets/GIRAFE/daily/2009/02/PREdm20090216000000120IMPGS01GL.nc
Processing ../../../datasets/GIRAFE/daily/2009/02/PREdm20090217000000120IMPGS01GL.nc
Processing ../../../datasets/GIRAFE/daily/2009/02/PREdm20090218000000120IMPGS01GL.nc
Processing ../../../datasets/GIRAFE/daily/2009/02/PREdm20090219000000120IMPGS01GL.nc
Processing ../../../datasets/GIRAFE/daily/2009/02/PREdm20090220000000120IMPGS01GL.nc
Processing ../../../datasets/GIRAFE/daily/2009/02/PREdm20090221000000120IMPGS01GL.nc
Processing ../../../datasets/GIRAFE/daily/2009/02/PREdm20090222000000120IMPGS01GL.nc
Processing ../../../datasets/GIRAFE/daily/2009/02/PREdm20090223000000120IMPGS01GL.nc
Processing ../../../datasets/GIRAFE/daily/2009/02/PREdm20090224000000120IMPGS01GL.nc
Processing ../../../datasets/GIRAFE/daily/2009/02/PREdm20090225000000120IMPGS01GL.nc
Processing ../../../datasets/GIRAFE/daily/2009/02/PREdm20090226000000120IMPGS01GL.nc
Processing ../../../datasets/GIRAFE/daily/2009/02/PREdm20090227000000120IMPGS01GL.nc
Processing ../../../datasets/GIRAFE/daily/2009/02/PREdm20090228000000120IMPGS01GL.nc
Processing ../../../datasets/GIRAFE/daily/2009/03/PREdm20090301000000120IMPGS01GL.nc
Processing ../../../datasets/GIRAFE/daily/2009/03/PREdm20090302000000120IMPGS01GL.nc
Processing ../../../datasets/GIRAFE/daily/2009/03/PREdm20090303000000120IMPGS01GL.nc
Processing ../../../datasets/GIRAFE/daily/2009/03/PREdm20090304000000120IMPGS01GL.nc
Processing ../../../datasets/GIRAFE/daily/2009/03/PREdm20090305000000120IMPGS01GL.nc
Processing ../../../datasets/GIRAFE/daily/2009/03/PREdm20090306000000120IMPGS01GL.nc
Processing ../../../datasets/GIRAFE/daily/2009/03/PREdm20090307000000120IMPGS01GL.nc
Processing ../../../datasets/GIRAFE/daily/2009/03/PREdm20090308000000120IMPGS01GL.nc
Processing ../../../datasets/GIRAFE/daily/2009/03/PREdm20090309000000120IMPGS01GL.nc
Processing ../../../datasets/GIRAFE/daily/2009/03/PREdm20090310000000120IMPGS01GL.nc
Processing ../../../datasets/GIRAFE/daily/2009/03/PREdm20090311000000120IMPGS01GL.nc
Processing ../../../datasets/GIRAFE/daily/2009/03/PREdm20090312000000120IMPGS01GL.nc
Processing ../../../datasets/GIRAFE/daily/2009/03/PREdm20090313000000120IMPGS01GL.nc
Processing ../../../datasets/GIRAFE/daily/2009/03/PREdm20090314000000120IMPGS01GL.nc
Processing ../../../datasets/GIRAFE/daily/2009/03/PREdm20090315000000120IMPGS01GL.nc
Processing ../../../datasets/GIRAFE/daily/2009/03/PREdm20090316000000120IMPGS01GL.nc
Processing ../../../datasets/GIRAFE/daily/2009/03/PREdm20090317000000120IMPGS01GL.nc
Processing ../../../datasets/GIRAFE/daily/2009/03/PREdm20090318000000120IMPGS01GL.nc
Processing ../../../datasets/GIRAFE/daily/2009/03/PREdm20090319000000120IMPGS01GL.nc
Processing ../../../datasets/GIRAFE/daily/2009/03/PREdm20090320000000120IMPGS01GL.nc
Processing ../../../datasets/GIRAFE/daily/2009/03/PREdm20090321000000120IMPGS01GL.nc
Processing ../../../datasets/GIRAFE/daily/2009/03/PREdm20090322000000120IMPGS01GL.nc
Processing ../../../datasets/GIRAFE/daily/2009/03/PREdm20090323000000120IMPGS01GL.nc
Processing ../../../datasets/GIRAFE/daily/2009/03/PREdm20090324000000120IMPGS01GL.nc
Processing ../../../datasets/GIRAFE/daily/2009/03/PREdm20090325000000120IMPGS01GL.nc
Processing ../../../datasets/GIRAFE/daily/2009/03/PREdm20090326000000120IMPGS01GL.nc
Processing ../../../datasets/GIRAFE/daily/2009/03/PREdm20090327000000120IMPGS01GL.nc
Processing ../../../datasets/GIRAFE/daily/2009/03/PREdm20090328000000120IMPGS01GL.nc
Processing ../../../datasets/GIRAFE/daily/2009/03/PREdm20090329000000120IMPGS01GL.nc
Processing ../../../datasets/GIRAFE/daily/2009/03/PREdm20090330000000120IMPGS01GL.nc
Processing ../../../datasets/GIRAFE/daily/2009/03/PREdm20090331000000120IMPGS01GL.nc
Processing ../../../datasets/GIRAFE/daily/2009/04/PREdm20090401000000120IMPGS01GL.nc
Processing ../../../datasets/GIRAFE/daily/2009/04/PREdm20090402000000120IMPGS01GL.nc
Processing ../../../datasets/GIRAFE/daily/2009/04/PREdm20090403000000120IMPGS01GL.nc
Processing ../../../datasets/GIRAFE/daily/2009/04/PREdm20090404000000120IMPGS01GL.nc
Processing ../../../datasets/GIRAFE/daily/2009/04/PREdm20090405000000120IMPGS01GL.nc
Processing ../../../datasets/GIRAFE/daily/2009/04/PREdm20090406000000120IMPGS01GL.nc
Processing ../../../datasets/GIRAFE/daily/2009/04/PREdm20090407000000120IMPGS01GL.nc
Processing ../../../datasets/GIRAFE/daily/2009/04/PREdm20090408000000120IMPGS01GL.nc
Processing ../../../datasets/GIRAFE/daily/2009/04/PREdm20090409000000120IMPGS01GL.nc
Processing ../../../datasets/GIRAFE/daily/2009/04/PREdm20090410000000120IMPGS01GL.nc
Processing ../../../datasets/GIRAFE/daily/2009/04/PREdm20090411000000120IMPGS01GL.nc
Processing ../../../datasets/GIRAFE/daily/2009/04/PREdm20090412000000120IMPGS01GL.nc
Processing ../../../datasets/GIRAFE/daily/2009/04/PREdm20090413000000120IMPGS01GL.nc
Processing ../../../datasets/GIRAFE/daily/2009/04/PREdm20090414000000120IMPGS01GL.nc
Processing ../../../datasets/GIRAFE/daily/2009/04/PREdm20090415000000120IMPGS01GL.nc
Processing ../../../datasets/GIRAFE/daily/2009/04/PREdm20090416000000120IMPGS01GL.nc
Processing ../../../datasets/GIRAFE/daily/2009/04/PREdm20090417000000120IMPGS01GL.nc
Processing ../../../datasets/GIRAFE/daily/2009/04/PREdm20090418000000120IMPGS01GL.nc
Processing ../../../datasets/GIRAFE/daily/2009/04/PREdm20090419000000120IMPGS01GL.nc
Processing ../../../datasets/GIRAFE/daily/2009/04/PREdm20090420000000120IMPGS01GL.nc
Processing ../../../datasets/GIRAFE/daily/2009/04/PREdm20090421000000120IMPGS01GL.nc
Processing ../../../datasets/GIRAFE/daily/2009/04/PREdm20090422000000120IMPGS01GL.nc
Processing ../../../datasets/GIRAFE/daily/2009/04/PREdm20090423000000120IMPGS01GL.nc
Processing ../../../datasets/GIRAFE/daily/2009/04/PREdm20090424000000120IMPGS01GL.nc
Processing ../../../datasets/GIRAFE/daily/2009/04/PREdm20090425000000120IMPGS01GL.nc
Processing ../../../datasets/GIRAFE/daily/2009/04/PREdm20090426000000120IMPGS01GL.nc
Processing ../../../datasets/GIRAFE/daily/2009/04/PREdm20090427000000120IMPGS01GL.nc
Processing ../../../datasets/GIRAFE/daily/2009/04/PREdm20090428000000120IMPGS01GL.nc
Processing ../../../datasets/GIRAFE/daily/2009/04/PREdm20090429000000120IMPGS01GL.nc
Processing ../../../datasets/GIRAFE/daily/2009/04/PREdm20090430000000120IMPGS01GL.nc
Processing ../../../datasets/GIRAFE/daily/2009/05/PREdm20090501000000120IMPGS01GL.nc
Processing ../../../datasets/GIRAFE/daily/2009/05/PREdm20090502000000120IMPGS01GL.nc
Processing ../../../datasets/GIRAFE/daily/2009/05/PREdm20090503000000120IMPGS01GL.nc
Processing ../../../datasets/GIRAFE/daily/2009/05/PREdm20090504000000120IMPGS01GL.nc
Processing ../../../datasets/GIRAFE/daily/2009/05/PREdm20090505000000120IMPGS01GL.nc
Processing ../../../datasets/GIRAFE/daily/2009/05/PREdm20090506000000120IMPGS01GL.nc
Processing ../../../datasets/GIRAFE/daily/2009/05/PREdm20090507000000120IMPGS01GL.nc
Processing ../../../datasets/GIRAFE/daily/2009/05/PREdm20090508000000120IMPGS01GL.nc
Processing ../../../datasets/GIRAFE/daily/2009/05/PREdm20090509000000120IMPGS01GL.nc
Processing ../../../datasets/GIRAFE/daily/2009/05/PREdm20090510000000120IMPGS01GL.nc
Processing ../../../datasets/GIRAFE/daily/2009/05/PREdm20090511000000120IMPGS01GL.nc
Processing ../../../datasets/GIRAFE/daily/2009/05/PREdm20090512000000120IMPGS01GL.nc
Processing ../../../datasets/GIRAFE/daily/2009/05/PREdm20090513000000120IMPGS01GL.nc
Processing ../../../datasets/GIRAFE/daily/2009/05/PREdm20090514000000120IMPGS01GL.nc
Processing ../../../datasets/GIRAFE/daily/2009/05/PREdm20090515000000120IMPGS01GL.nc
Processing ../../../datasets/GIRAFE/daily/2009/05/PREdm20090516000000120IMPGS01GL.nc
Processing ../../../datasets/GIRAFE/daily/2009/05/PREdm20090517000000120IMPGS01GL.nc
Processing ../../../datasets/GIRAFE/daily/2009/05/PREdm20090518000000120IMPGS01GL.nc
Processing ../../../datasets/GIRAFE/daily/2009/05/PREdm20090519000000120IMPGS01GL.nc
Processing ../../../datasets/GIRAFE/daily/2009/05/PREdm20090520000000120IMPGS01GL.nc
Processing ../../../datasets/GIRAFE/daily/2009/05/PREdm20090521000000120IMPGS01GL.nc
Processing ../../../datasets/GIRAFE/daily/2009/05/PREdm20090522000000120IMPGS01GL.nc
Processing ../../../datasets/GIRAFE/daily/2009/05/PREdm20090523000000120IMPGS01GL.nc
Processing ../../../datasets/GIRAFE/daily/2009/05/PREdm20090524000000120IMPGS01GL.nc
Processing ../../../datasets/GIRAFE/daily/2009/05/PREdm20090525000000120IMPGS01GL.nc
Processing ../../../datasets/GIRAFE/daily/2009/05/PREdm20090526000000120IMPGS01GL.nc
Processing ../../../datasets/GIRAFE/daily/2009/05/PREdm20090527000000120IMPGS01GL.nc
Processing ../../../datasets/GIRAFE/daily/2009/05/PREdm20090528000000120IMPGS01GL.nc
Processing ../../../datasets/GIRAFE/daily/2009/05/PREdm20090529000000120IMPGS01GL.nc
Processing ../../../datasets/GIRAFE/daily/2009/05/PREdm20090530000000120IMPGS01GL.nc
Processing ../../../datasets/GIRAFE/daily/2009/05/PREdm20090531000000120IMPGS01GL.nc
Processing ../../../datasets/GIRAFE/daily/2009/06/PREdm20090601000000120IMPGS01GL.nc
Processing ../../../datasets/GIRAFE/daily/2009/06/PREdm20090602000000120IMPGS01GL.nc
Processing ../../../datasets/GIRAFE/daily/2009/06/PREdm20090603000000120IMPGS01GL.nc
Processing ../../../datasets/GIRAFE/daily/2009/06/PREdm20090604000000120IMPGS01GL.nc
Processing ../../../datasets/GIRAFE/daily/2009/06/PREdm20090605000000120IMPGS01GL.nc
Processing ../../../datasets/GIRAFE/daily/2009/06/PREdm20090606000000120IMPGS01GL.nc
Processing ../../../datasets/GIRAFE/daily/2009/06/PREdm20090607000000120IMPGS01GL.nc
Processing ../../../datasets/GIRAFE/daily/2009/06/PREdm20090608000000120IMPGS01GL.nc
Processing ../../../datasets/GIRAFE/daily/2009/06/PREdm20090609000000120IMPGS01GL.nc
Processing ../../../datasets/GIRAFE/daily/2009/06/PREdm20090610000000120IMPGS01GL.nc
Processing ../../../datasets/GIRAFE/daily/2009/06/PREdm20090611000000120IMPGS01GL.nc
Processing ../../../datasets/GIRAFE/daily/2009/06/PREdm20090612000000120IMPGS01GL.nc
Processing ../../../datasets/GIRAFE/daily/2009/06/PREdm20090613000000120IMPGS01GL.nc
Processing ../../../datasets/GIRAFE/daily/2009/06/PREdm20090614000000120IMPGS01GL.nc
Processing ../../../datasets/GIRAFE/daily/2009/06/PREdm20090615000000120IMPGS01GL.nc
Processing ../../../datasets/GIRAFE/daily/2009/06/PREdm20090616000000120IMPGS01GL.nc
Processing ../../../datasets/GIRAFE/daily/2009/06/PREdm20090617000000120IMPGS01GL.nc
Processing ../../../datasets/GIRAFE/daily/2009/06/PREdm20090618000000120IMPGS01GL.nc
Processing ../../../datasets/GIRAFE/daily/2009/06/PREdm20090619000000120IMPGS01GL.nc
Processing ../../../datasets/GIRAFE/daily/2009/06/PREdm20090620000000120IMPGS01GL.nc
Processing ../../../datasets/GIRAFE/daily/2009/06/PREdm20090621000000120IMPGS01GL.nc
Processing ../../../datasets/GIRAFE/daily/2009/06/PREdm20090622000000120IMPGS01GL.nc
Processing ../../../datasets/GIRAFE/daily/2009/06/PREdm20090623000000120IMPGS01GL.nc
Processing ../../../datasets/GIRAFE/daily/2009/06/PREdm20090624000000120IMPGS01GL.nc
Processing ../../../datasets/GIRAFE/daily/2009/06/PREdm20090625000000120IMPGS01GL.nc
Processing ../../../datasets/GIRAFE/daily/2009/06/PREdm20090626000000120IMPGS01GL.nc
Processing ../../../datasets/GIRAFE/daily/2009/06/PREdm20090627000000120IMPGS01GL.nc
Processing ../../../datasets/GIRAFE/daily/2009/06/PREdm20090628000000120IMPGS01GL.nc
Processing ../../../datasets/GIRAFE/daily/2009/06/PREdm20090629000000120IMPGS01GL.nc
Processing ../../../datasets/GIRAFE/daily/2009/06/PREdm20090630000000120IMPGS01GL.nc
Processing ../../../datasets/GIRAFE/daily/2009/07/PREdm20090701000000120IMPGS01GL.nc
Processing ../../../datasets/GIRAFE/daily/2009/07/PREdm20090702000000120IMPGS01GL.nc
Processing ../../../datasets/GIRAFE/daily/2009/07/PREdm20090703000000120IMPGS01GL.nc
Processing ../../../datasets/GIRAFE/daily/2009/07/PREdm20090704000000120IMPGS01GL.nc
Processing ../../../datasets/GIRAFE/daily/2009/07/PREdm20090705000000120IMPGS01GL.nc
Processing ../../../datasets/GIRAFE/daily/2009/07/PREdm20090706000000120IMPGS01GL.nc
Processing ../../../datasets/GIRAFE/daily/2009/07/PREdm20090707000000120IMPGS01GL.nc
Processing ../../../datasets/GIRAFE/daily/2009/07/PREdm20090708000000120IMPGS01GL.nc
Processing ../../../datasets/GIRAFE/daily/2009/07/PREdm20090709000000120IMPGS01GL.nc
Processing ../../../datasets/GIRAFE/daily/2009/07/PREdm20090710000000120IMPGS01GL.nc
Processing ../../../datasets/GIRAFE/daily/2009/07/PREdm20090711000000120IMPGS01GL.nc
Processing ../../../datasets/GIRAFE/daily/2009/07/PREdm20090712000000120IMPGS01GL.nc
Processing ../../../datasets/GIRAFE/daily/2009/07/PREdm20090713000000120IMPGS01GL.nc
Processing ../../../datasets/GIRAFE/daily/2009/07/PREdm20090714000000120IMPGS01GL.nc
Processing ../../../datasets/GIRAFE/daily/2009/07/PREdm20090715000000120IMPGS01GL.nc
Processing ../../../datasets/GIRAFE/daily/2009/07/PREdm20090716000000120IMPGS01GL.nc
Processing ../../../datasets/GIRAFE/daily/2009/07/PREdm20090717000000120IMPGS01GL.nc
Processing ../../../datasets/GIRAFE/daily/2009/07/PREdm20090718000000120IMPGS01GL.nc
Processing ../../../datasets/GIRAFE/daily/2009/07/PREdm20090719000000120IMPGS01GL.nc
Processing ../../../datasets/GIRAFE/daily/2009/07/PREdm20090720000000120IMPGS01GL.nc
Processing ../../../datasets/GIRAFE/daily/2009/07/PREdm20090721000000120IMPGS01GL.nc
Processing ../../../datasets/GIRAFE/daily/2009/07/PREdm20090722000000120IMPGS01GL.nc
Processing ../../../datasets/GIRAFE/daily/2009/07/PREdm20090723000000120IMPGS01GL.nc
Processing ../../../datasets/GIRAFE/daily/2009/07/PREdm20090724000000120IMPGS01GL.nc
Processing ../../../datasets/GIRAFE/daily/2009/07/PREdm20090725000000120IMPGS01GL.nc
Processing ../../../datasets/GIRAFE/daily/2009/07/PREdm20090726000000120IMPGS01GL.nc
Processing ../../../datasets/GIRAFE/daily/2009/07/PREdm20090727000000120IMPGS01GL.nc
Processing ../../../datasets/GIRAFE/daily/2009/07/PREdm20090728000000120IMPGS01GL.nc
Processing ../../../datasets/GIRAFE/daily/2009/07/PREdm20090729000000120IMPGS01GL.nc
Processing ../../../datasets/GIRAFE/daily/2009/07/PREdm20090730000000120IMPGS01GL.nc
Processing ../../../datasets/GIRAFE/daily/2009/07/PREdm20090731000000120IMPGS01GL.nc
Processing ../../../datasets/GIRAFE/daily/2009/08/PREdm20090801000000120IMPGS01GL.nc
Processing ../../../datasets/GIRAFE/daily/2009/08/PREdm20090802000000120IMPGS01GL.nc
Processing ../../../datasets/GIRAFE/daily/2009/08/PREdm20090803000000120IMPGS01GL.nc
Processing ../../../datasets/GIRAFE/daily/2009/08/PREdm20090804000000120IMPGS01GL.nc
Processing ../../../datasets/GIRAFE/daily/2009/08/PREdm20090805000000120IMPGS01GL.nc
Processing ../../../datasets/GIRAFE/daily/2009/08/PREdm20090806000000120IMPGS01GL.nc
Processing ../../../datasets/GIRAFE/daily/2009/08/PREdm20090807000000120IMPGS01GL.nc
Processing ../../../datasets/GIRAFE/daily/2009/08/PREdm20090808000000120IMPGS01GL.nc
Processing ../../../datasets/GIRAFE/daily/2009/08/PREdm20090809000000120IMPGS01GL.nc
Processing ../../../datasets/GIRAFE/daily/2009/08/PREdm20090810000000120IMPGS01GL.nc
Processing ../../../datasets/GIRAFE/daily/2009/08/PREdm20090811000000120IMPGS01GL.nc
Processing ../../../datasets/GIRAFE/daily/2009/08/PREdm20090812000000120IMPGS01GL.nc
Processing ../../../datasets/GIRAFE/daily/2009/08/PREdm20090813000000120IMPGS01GL.nc
Processing ../../../datasets/GIRAFE/daily/2009/08/PREdm20090814000000120IMPGS01GL.nc
Processing ../../../datasets/GIRAFE/daily/2009/08/PREdm20090815000000120IMPGS01GL.nc
Processing ../../../datasets/GIRAFE/daily/2009/08/PREdm20090816000000120IMPGS01GL.nc
Processing ../../../datasets/GIRAFE/daily/2009/08/PREdm20090817000000120IMPGS01GL.nc
Processing ../../../datasets/GIRAFE/daily/2009/08/PREdm20090818000000120IMPGS01GL.nc
Processing ../../../datasets/GIRAFE/daily/2009/08/PREdm20090819000000120IMPGS01GL.nc
Processing ../../../datasets/GIRAFE/daily/2009/08/PREdm20090820000000120IMPGS01GL.nc
Processing ../../../datasets/GIRAFE/daily/2009/08/PREdm20090821000000120IMPGS01GL.nc
Processing ../../../datasets/GIRAFE/daily/2009/08/PREdm20090822000000120IMPGS01GL.nc
Processing ../../../datasets/GIRAFE/daily/2009/08/PREdm20090823000000120IMPGS01GL.nc
Processing ../../../datasets/GIRAFE/daily/2009/08/PREdm20090824000000120IMPGS01GL.nc
Processing ../../../datasets/GIRAFE/daily/2009/08/PREdm20090825000000120IMPGS01GL.nc
Processing ../../../datasets/GIRAFE/daily/2009/08/PREdm20090826000000120IMPGS01GL.nc
Processing ../../../datasets/GIRAFE/daily/2009/08/PREdm20090827000000120IMPGS01GL.nc
Processing ../../../datasets/GIRAFE/daily/2009/08/PREdm20090828000000120IMPGS01GL.nc
Processing ../../../datasets/GIRAFE/daily/2009/08/PREdm20090829000000120IMPGS01GL.nc
Processing ../../../datasets/GIRAFE/daily/2009/08/PREdm20090830000000120IMPGS01GL.nc
Processing ../../../datasets/GIRAFE/daily/2009/08/PREdm20090831000000120IMPGS01GL.nc
Processing ../../../datasets/GIRAFE/daily/2009/09/PREdm20090901000000120IMPGS01GL.nc
Processing ../../../datasets/GIRAFE/daily/2009/09/PREdm20090902000000120IMPGS01GL.nc
Processing ../../../datasets/GIRAFE/daily/2009/09/PREdm20090903000000120IMPGS01GL.nc
Processing ../../../datasets/GIRAFE/daily/2009/09/PREdm20090904000000120IMPGS01GL.nc
Processing ../../../datasets/GIRAFE/daily/2009/09/PREdm20090905000000120IMPGS01GL.nc
Processing ../../../datasets/GIRAFE/daily/2009/09/PREdm20090906000000120IMPGS01GL.nc
Processing ../../../datasets/GIRAFE/daily/2009/09/PREdm20090907000000120IMPGS01GL.nc
Processing ../../../datasets/GIRAFE/daily/2009/09/PREdm20090908000000120IMPGS01GL.nc
Processing ../../../datasets/GIRAFE/daily/2009/09/PREdm20090909000000120IMPGS01GL.nc
Processing ../../../datasets/GIRAFE/daily/2009/09/PREdm20090910000000120IMPGS01GL.nc
Processing ../../../datasets/GIRAFE/daily/2009/09/PREdm20090911000000120IMPGS01GL.nc
Processing ../../../datasets/GIRAFE/daily/2009/09/PREdm20090912000000120IMPGS01GL.nc
Processing ../../../datasets/GIRAFE/daily/2009/09/PREdm20090913000000120IMPGS01GL.nc
Processing ../../../datasets/GIRAFE/daily/2009/09/PREdm20090914000000120IMPGS01GL.nc
Processing ../../../datasets/GIRAFE/daily/2009/09/PREdm20090915000000120IMPGS01GL.nc
Processing ../../../datasets/GIRAFE/daily/2009/09/PREdm20090916000000120IMPGS01GL.nc
Processing ../../../datasets/GIRAFE/daily/2009/09/PREdm20090917000000120IMPGS01GL.nc
Processing ../../../datasets/GIRAFE/daily/2009/09/PREdm20090918000000120IMPGS01GL.nc
Processing ../../../datasets/GIRAFE/daily/2009/09/PREdm20090919000000120IMPGS01GL.nc
Processing ../../../datasets/GIRAFE/daily/2009/09/PREdm20090920000000120IMPGS01GL.nc
Processing ../../../datasets/GIRAFE/daily/2009/09/PREdm20090921000000120IMPGS01GL.nc
Processing ../../../datasets/GIRAFE/daily/2009/09/PREdm20090922000000120IMPGS01GL.nc
Processing ../../../datasets/GIRAFE/daily/2009/09/PREdm20090923000000120IMPGS01GL.nc
Processing ../../../datasets/GIRAFE/daily/2009/09/PREdm20090924000000120IMPGS01GL.nc
Processing ../../../datasets/GIRAFE/daily/2009/09/PREdm20090925000000120IMPGS01GL.nc
Processing ../../../datasets/GIRAFE/daily/2009/09/PREdm20090926000000120IMPGS01GL.nc
Processing ../../../datasets/GIRAFE/daily/2009/09/PREdm20090927000000120IMPGS01GL.nc
Processing ../../../datasets/GIRAFE/daily/2009/09/PREdm20090928000000120IMPGS01GL.nc
Processing ../../../datasets/GIRAFE/daily/2009/09/PREdm20090929000000120IMPGS01GL.nc
Processing ../../../datasets/GIRAFE/daily/2009/09/PREdm20090930000000120IMPGS01GL.nc
Processing ../../../datasets/GIRAFE/daily/2009/10/PREdm20091001000000120IMPGS01GL.nc
Processing ../../../datasets/GIRAFE/daily/2009/10/PREdm20091002000000120IMPGS01GL.nc
Processing ../../../datasets/GIRAFE/daily/2009/10/PREdm20091003000000120IMPGS01GL.nc
Processing ../../../datasets/GIRAFE/daily/2009/10/PREdm20091004000000120IMPGS01GL.nc
Processing ../../../datasets/GIRAFE/daily/2009/10/PREdm20091005000000120IMPGS01GL.nc
Processing ../../../datasets/GIRAFE/daily/2009/10/PREdm20091006000000120IMPGS01GL.nc
Processing ../../../datasets/GIRAFE/daily/2009/10/PREdm20091007000000120IMPGS01GL.nc
Processing ../../../datasets/GIRAFE/daily/2009/10/PREdm20091008000000120IMPGS01GL.nc
Processing ../../../datasets/GIRAFE/daily/2009/10/PREdm20091009000000120IMPGS01GL.nc
Processing ../../../datasets/GIRAFE/daily/2009/10/PREdm20091010000000120IMPGS01GL.nc
Processing ../../../datasets/GIRAFE/daily/2009/10/PREdm20091011000000120IMPGS01GL.nc
Processing ../../../datasets/GIRAFE/daily/2009/10/PREdm20091012000000120IMPGS01GL.nc
Processing ../../../datasets/GIRAFE/daily/2009/10/PREdm20091013000000120IMPGS01GL.nc
Processing ../../../datasets/GIRAFE/daily/2009/10/PREdm20091014000000120IMPGS01GL.nc
Processing ../../../datasets/GIRAFE/daily/2009/10/PREdm20091015000000120IMPGS01GL.nc
Processing ../../../datasets/GIRAFE/daily/2009/10/PREdm20091016000000120IMPGS01GL.nc
Processing ../../../datasets/GIRAFE/daily/2009/10/PREdm20091017000000120IMPGS01GL.nc
Processing ../../../datasets/GIRAFE/daily/2009/10/PREdm20091018000000120IMPGS01GL.nc
Processing ../../../datasets/GIRAFE/daily/2009/10/PREdm20091019000000120IMPGS01GL.nc
Processing ../../../datasets/GIRAFE/daily/2009/10/PREdm20091020000000120IMPGS01GL.nc
Processing ../../../datasets/GIRAFE/daily/2009/10/PREdm20091021000000120IMPGS01GL.nc
Processing ../../../datasets/GIRAFE/daily/2009/10/PREdm20091022000000120IMPGS01GL.nc
Processing ../../../datasets/GIRAFE/daily/2009/10/PREdm20091023000000120IMPGS01GL.nc
Processing ../../../datasets/GIRAFE/daily/2009/10/PREdm20091024000000120IMPGS01GL.nc
Processing ../../../datasets/GIRAFE/daily/2009/10/PREdm20091025000000120IMPGS01GL.nc
Processing ../../../datasets/GIRAFE/daily/2009/10/PREdm20091026000000120IMPGS01GL.nc
Processing ../../../datasets/GIRAFE/daily/2009/10/PREdm20091027000000120IMPGS01GL.nc
Processing ../../../datasets/GIRAFE/daily/2009/10/PREdm20091028000000120IMPGS01GL.nc
Processing ../../../datasets/GIRAFE/daily/2009/10/PREdm20091029000000120IMPGS01GL.nc
Processing ../../../datasets/GIRAFE/daily/2009/10/PREdm20091030000000120IMPGS01GL.nc
Processing ../../../datasets/GIRAFE/daily/2009/10/PREdm20091031000000120IMPGS01GL.nc
Processing ../../../datasets/GIRAFE/daily/2009/11/PREdm20091101000000120IMPGS01GL.nc
Processing ../../../datasets/GIRAFE/daily/2009/11/PREdm20091102000000120IMPGS01GL.nc
Processing ../../../datasets/GIRAFE/daily/2009/11/PREdm20091103000000120IMPGS01GL.nc
Processing ../../../datasets/GIRAFE/daily/2009/11/PREdm20091104000000120IMPGS01GL.nc
Processing ../../../datasets/GIRAFE/daily/2009/11/PREdm20091105000000120IMPGS01GL.nc
Processing ../../../datasets/GIRAFE/daily/2009/11/PREdm20091106000000120IMPGS01GL.nc
Processing ../../../datasets/GIRAFE/daily/2009/11/PREdm20091107000000120IMPGS01GL.nc
Processing ../../../datasets/GIRAFE/daily/2009/11/PREdm20091108000000120IMPGS01GL.nc
Processing ../../../datasets/GIRAFE/daily/2009/11/PREdm20091109000000120IMPGS01GL.nc
Processing ../../../datasets/GIRAFE/daily/2009/11/PREdm20091110000000120IMPGS01GL.nc
Processing ../../../datasets/GIRAFE/daily/2009/11/PREdm20091111000000120IMPGS01GL.nc
Processing ../../../datasets/GIRAFE/daily/2009/11/PREdm20091112000000120IMPGS01GL.nc
Processing ../../../datasets/GIRAFE/daily/2009/11/PREdm20091113000000120IMPGS01GL.nc
Processing ../../../datasets/GIRAFE/daily/2009/11/PREdm20091114000000120IMPGS01GL.nc
Processing ../../../datasets/GIRAFE/daily/2009/11/PREdm20091115000000120IMPGS01GL.nc
Processing ../../../datasets/GIRAFE/daily/2009/11/PREdm20091116000000120IMPGS01GL.nc
Processing ../../../datasets/GIRAFE/daily/2009/11/PREdm20091117000000120IMPGS01GL.nc
Processing ../../../datasets/GIRAFE/daily/2009/11/PREdm20091118000000120IMPGS01GL.nc
Processing ../../../datasets/GIRAFE/daily/2009/11/PREdm20091119000000120IMPGS01GL.nc
Processing ../../../datasets/GIRAFE/daily/2009/11/PREdm20091120000000120IMPGS01GL.nc
Processing ../../../datasets/GIRAFE/daily/2009/11/PREdm20091121000000120IMPGS01GL.nc
Processing ../../../datasets/GIRAFE/daily/2009/11/PREdm20091122000000120IMPGS01GL.nc
Processing ../../../datasets/GIRAFE/daily/2009/11/PREdm20091123000000120IMPGS01GL.nc
Processing ../../../datasets/GIRAFE/daily/2009/11/PREdm20091124000000120IMPGS01GL.nc
Processing ../../../datasets/GIRAFE/daily/2009/11/PREdm20091125000000120IMPGS01GL.nc
Processing ../../../datasets/GIRAFE/daily/2009/11/PREdm20091126000000120IMPGS01GL.nc
Processing ../../../datasets/GIRAFE/daily/2009/11/PREdm20091127000000120IMPGS01GL.nc
Processing ../../../datasets/GIRAFE/daily/2009/11/PREdm20091128000000120IMPGS01GL.nc
Processing ../../../datasets/GIRAFE/daily/2009/11/PREdm20091129000000120IMPGS01GL.nc
Processing ../../../datasets/GIRAFE/daily/2009/11/PREdm20091130000000120IMPGS01GL.nc
Processing ../../../datasets/GIRAFE/daily/2009/12/PREdm20091201000000120IMPGS01GL.nc
Processing ../../../datasets/GIRAFE/daily/2009/12/PREdm20091202000000120IMPGS01GL.nc
Processing ../../../datasets/GIRAFE/daily/2009/12/PREdm20091203000000120IMPGS01GL.nc
Processing ../../../datasets/GIRAFE/daily/2009/12/PREdm20091204000000120IMPGS01GL.nc
Processing ../../../datasets/GIRAFE/daily/2009/12/PREdm20091205000000120IMPGS01GL.nc
Processing ../../../datasets/GIRAFE/daily/2009/12/PREdm20091206000000120IMPGS01GL.nc
Processing ../../../datasets/GIRAFE/daily/2009/12/PREdm20091207000000120IMPGS01GL.nc
Processing ../../../datasets/GIRAFE/daily/2009/12/PREdm20091208000000120IMPGS01GL.nc
Processing ../../../datasets/GIRAFE/daily/2009/12/PREdm20091209000000120IMPGS01GL.nc
Processing ../../../datasets/GIRAFE/daily/2009/12/PREdm20091210000000120IMPGS01GL.nc
Processing ../../../datasets/GIRAFE/daily/2009/12/PREdm20091211000000120IMPGS01GL.nc
Processing ../../../datasets/GIRAFE/daily/2009/12/PREdm20091212000000120IMPGS01GL.nc
Processing ../../../datasets/GIRAFE/daily/2009/12/PREdm20091213000000120IMPGS01GL.nc
Processing ../../../datasets/GIRAFE/daily/2009/12/PREdm20091214000000120IMPGS01GL.nc
Processing ../../../datasets/GIRAFE/daily/2009/12/PREdm20091215000000120IMPGS01GL.nc
Processing ../../../datasets/GIRAFE/daily/2009/12/PREdm20091216000000120IMPGS01GL.nc
Processing ../../../datasets/GIRAFE/daily/2009/12/PREdm20091217000000120IMPGS01GL.nc
Processing ../../../datasets/GIRAFE/daily/2009/12/PREdm20091218000000120IMPGS01GL.nc
Processing ../../../datasets/GIRAFE/daily/2009/12/PREdm20091219000000120IMPGS01GL.nc
Processing ../../../datasets/GIRAFE/daily/2009/12/PREdm20091220000000120IMPGS01GL.nc
Processing ../../../datasets/GIRAFE/daily/2009/12/PREdm20091221000000120IMPGS01GL.nc
Processing ../../../datasets/GIRAFE/daily/2009/12/PREdm20091222000000120IMPGS01GL.nc
Processing ../../../datasets/GIRAFE/daily/2009/12/PREdm20091223000000120IMPGS01GL.nc
Processing ../../../datasets/GIRAFE/daily/2009/12/PREdm20091224000000120IMPGS01GL.nc
Processing ../../../datasets/GIRAFE/daily/2009/12/PREdm20091225000000120IMPGS01GL.nc
Processing ../../../datasets/GIRAFE/daily/2009/12/PREdm20091226000000120IMPGS01GL.nc
Processing ../../../datasets/GIRAFE/daily/2009/12/PREdm20091227000000120IMPGS01GL.nc
Processing ../../../datasets/GIRAFE/daily/2009/12/PREdm20091228000000120IMPGS01GL.nc
Processing ../../../datasets/GIRAFE/daily/2009/12/PREdm20091229000000120IMPGS01GL.nc
Processing ../../../datasets/GIRAFE/daily/2009/12/PREdm20091230000000120IMPGS01GL.nc
Processing ../../../datasets/GIRAFE/daily/2009/12/PREdm20091231000000120IMPGS01GL.nc
Processing ../../../datasets/GIRAFE/daily/2010/01/PREdm20100101000000120IMPGS01GL.nc
Processing ../../../datasets/GIRAFE/daily/2010/01/PREdm20100102000000120IMPGS01GL.nc
Processing ../../../datasets/GIRAFE/daily/2010/01/PREdm20100103000000120IMPGS01GL.nc
Processing ../../../datasets/GIRAFE/daily/2010/01/PREdm20100104000000120IMPGS01GL.nc
Processing ../../../datasets/GIRAFE/daily/2010/01/PREdm20100105000000120IMPGS01GL.nc
Processing ../../../datasets/GIRAFE/daily/2010/01/PREdm20100106000000120IMPGS01GL.nc
Processing ../../../datasets/GIRAFE/daily/2010/01/PREdm20100107000000120IMPGS01GL.nc
Processing ../../../datasets/GIRAFE/daily/2010/01/PREdm20100108000000120IMPGS01GL.nc
Processing ../../../datasets/GIRAFE/daily/2010/01/PREdm20100109000000120IMPGS01GL.nc
Processing ../../../datasets/GIRAFE/daily/2010/01/PREdm20100110000000120IMPGS01GL.nc
Processing ../../../datasets/GIRAFE/daily/2010/01/PREdm20100111000000120IMPGS01GL.nc
Processing ../../../datasets/GIRAFE/daily/2010/01/PREdm20100112000000120IMPGS01GL.nc
Processing ../../../datasets/GIRAFE/daily/2010/01/PREdm20100113000000120IMPGS01GL.nc
Processing ../../../datasets/GIRAFE/daily/2010/01/PREdm20100114000000120IMPGS01GL.nc
Processing ../../../datasets/GIRAFE/daily/2010/01/PREdm20100115000000120IMPGS01GL.nc
Processing ../../../datasets/GIRAFE/daily/2010/01/PREdm20100116000000120IMPGS01GL.nc
Processing ../../../datasets/GIRAFE/daily/2010/01/PREdm20100117000000120IMPGS01GL.nc
Processing ../../../datasets/GIRAFE/daily/2010/01/PREdm20100118000000120IMPGS01GL.nc
Processing ../../../datasets/GIRAFE/daily/2010/01/PREdm20100119000000120IMPGS01GL.nc
Processing ../../../datasets/GIRAFE/daily/2010/01/PREdm20100120000000120IMPGS01GL.nc
Processing ../../../datasets/GIRAFE/daily/2010/01/PREdm20100121000000120IMPGS01GL.nc
Processing ../../../datasets/GIRAFE/daily/2010/01/PREdm20100122000000120IMPGS01GL.nc
Processing ../../../datasets/GIRAFE/daily/2010/01/PREdm20100123000000120IMPGS01GL.nc
Processing ../../../datasets/GIRAFE/daily/2010/01/PREdm20100124000000120IMPGS01GL.nc
Processing ../../../datasets/GIRAFE/daily/2010/01/PREdm20100125000000120IMPGS01GL.nc
Processing ../../../datasets/GIRAFE/daily/2010/01/PREdm20100126000000120IMPGS01GL.nc
Processing ../../../datasets/GIRAFE/daily/2010/01/PREdm20100127000000120IMPGS01GL.nc
Processing ../../../datasets/GIRAFE/daily/2010/01/PREdm20100128000000120IMPGS01GL.nc
Processing ../../../datasets/GIRAFE/daily/2010/01/PREdm20100129000000120IMPGS01GL.nc
Processing ../../../datasets/GIRAFE/daily/2010/01/PREdm20100130000000120IMPGS01GL.nc
Processing ../../../datasets/GIRAFE/daily/2010/01/PREdm20100131000000120IMPGS01GL.nc
Processing ../../../datasets/GIRAFE/daily/2010/02/PREdm20100201000000120IMPGS01GL.nc
Processing ../../../datasets/GIRAFE/daily/2010/02/PREdm20100202000000120IMPGS01GL.nc
Processing ../../../datasets/GIRAFE/daily/2010/02/PREdm20100203000000120IMPGS01GL.nc
Processing ../../../datasets/GIRAFE/daily/2010/02/PREdm20100204000000120IMPGS01GL.nc
Processing ../../../datasets/GIRAFE/daily/2010/02/PREdm20100205000000120IMPGS01GL.nc
Processing ../../../datasets/GIRAFE/daily/2010/02/PREdm20100206000000120IMPGS01GL.nc
Processing ../../../datasets/GIRAFE/daily/2010/02/PREdm20100207000000120IMPGS01GL.nc
Processing ../../../datasets/GIRAFE/daily/2010/02/PREdm20100208000000120IMPGS01GL.nc
Processing ../../../datasets/GIRAFE/daily/2010/02/PREdm20100209000000120IMPGS01GL.nc
Processing ../../../datasets/GIRAFE/daily/2010/02/PREdm20100210000000120IMPGS01GL.nc
Processing ../../../datasets/GIRAFE/daily/2010/02/PREdm20100211000000120IMPGS01GL.nc
Processing ../../../datasets/GIRAFE/daily/2010/02/PREdm20100212000000120IMPGS01GL.nc
Processing ../../../datasets/GIRAFE/daily/2010/02/PREdm20100213000000120IMPGS01GL.nc
Processing ../../../datasets/GIRAFE/daily/2010/02/PREdm20100214000000120IMPGS01GL.nc
Processing ../../../datasets/GIRAFE/daily/2010/02/PREdm20100215000000120IMPGS01GL.nc
Processing ../../../datasets/GIRAFE/daily/2010/02/PREdm20100216000000120IMPGS01GL.nc
Processing ../../../datasets/GIRAFE/daily/2010/02/PREdm20100217000000120IMPGS01GL.nc
Processing ../../../datasets/GIRAFE/daily/2010/02/PREdm20100218000000120IMPGS01GL.nc
Processing ../../../datasets/GIRAFE/daily/2010/02/PREdm20100219000000120IMPGS01GL.nc
Processing ../../../datasets/GIRAFE/daily/2010/02/PREdm20100220000000120IMPGS01GL.nc
Processing ../../../datasets/GIRAFE/daily/2010/02/PREdm20100221000000120IMPGS01GL.nc
Processing ../../../datasets/GIRAFE/daily/2010/02/PREdm20100222000000120IMPGS01GL.nc
Processing ../../../datasets/GIRAFE/daily/2010/02/PREdm20100223000000120IMPGS01GL.nc
Processing ../../../datasets/GIRAFE/daily/2010/02/PREdm20100224000000120IMPGS01GL.nc
Processing ../../../datasets/GIRAFE/daily/2010/02/PREdm20100225000000120IMPGS01GL.nc
Processing ../../../datasets/GIRAFE/daily/2010/02/PREdm20100226000000120IMPGS01GL.nc
Processing ../../../datasets/GIRAFE/daily/2010/02/PREdm20100227000000120IMPGS01GL.nc
Processing ../../../datasets/GIRAFE/daily/2010/02/PREdm20100228000000120IMPGS01GL.nc
Processing ../../../datasets/GIRAFE/daily/2010/03/PREdm20100301000000120IMPGS01GL.nc
Processing ../../../datasets/GIRAFE/daily/2010/03/PREdm20100302000000120IMPGS01GL.nc
Processing ../../../datasets/GIRAFE/daily/2010/03/PREdm20100303000000120IMPGS01GL.nc
Processing ../../../datasets/GIRAFE/daily/2010/03/PREdm20100304000000120IMPGS01GL.nc
Processing ../../../datasets/GIRAFE/daily/2010/03/PREdm20100305000000120IMPGS01GL.nc
Processing ../../../datasets/GIRAFE/daily/2010/03/PREdm20100306000000120IMPGS01GL.nc
Processing ../../../datasets/GIRAFE/daily/2010/03/PREdm20100307000000120IMPGS01GL.nc
Processing ../../../datasets/GIRAFE/daily/2010/03/PREdm20100308000000120IMPGS01GL.nc
Processing ../../../datasets/GIRAFE/daily/2010/03/PREdm20100309000000120IMPGS01GL.nc
Processing ../../../datasets/GIRAFE/daily/2010/03/PREdm20100310000000120IMPGS01GL.nc
Processing ../../../datasets/GIRAFE/daily/2010/03/PREdm20100311000000120IMPGS01GL.nc
Processing ../../../datasets/GIRAFE/daily/2010/03/PREdm20100312000000120IMPGS01GL.nc
Processing ../../../datasets/GIRAFE/daily/2010/03/PREdm20100313000000120IMPGS01GL.nc
Processing ../../../datasets/GIRAFE/daily/2010/03/PREdm20100314000000120IMPGS01GL.nc
Processing ../../../datasets/GIRAFE/daily/2010/03/PREdm20100315000000120IMPGS01GL.nc
Processing ../../../datasets/GIRAFE/daily/2010/03/PREdm20100316000000120IMPGS01GL.nc
Processing ../../../datasets/GIRAFE/daily/2010/03/PREdm20100317000000120IMPGS01GL.nc
Processing ../../../datasets/GIRAFE/daily/2010/03/PREdm20100318000000120IMPGS01GL.nc
Processing ../../../datasets/GIRAFE/daily/2010/03/PREdm20100319000000120IMPGS01GL.nc
Processing ../../../datasets/GIRAFE/daily/2010/03/PREdm20100320000000120IMPGS01GL.nc
Processing ../../../datasets/GIRAFE/daily/2010/03/PREdm20100321000000120IMPGS01GL.nc
Processing ../../../datasets/GIRAFE/daily/2010/03/PREdm20100322000000120IMPGS01GL.nc
Processing ../../../datasets/GIRAFE/daily/2010/03/PREdm20100323000000120IMPGS01GL.nc
Processing ../../../datasets/GIRAFE/daily/2010/03/PREdm20100324000000120IMPGS01GL.nc
Processing ../../../datasets/GIRAFE/daily/2010/03/PREdm20100325000000120IMPGS01GL.nc
Processing ../../../datasets/GIRAFE/daily/2010/03/PREdm20100326000000120IMPGS01GL.nc
Processing ../../../datasets/GIRAFE/daily/2010/03/PREdm20100327000000120IMPGS01GL.nc
Processing ../../../datasets/GIRAFE/daily/2010/03/PREdm20100328000000120IMPGS01GL.nc
Processing ../../../datasets/GIRAFE/daily/2010/03/PREdm20100329000000120IMPGS01GL.nc
Processing ../../../datasets/GIRAFE/daily/2010/03/PREdm20100330000000120IMPGS01GL.nc
Processing ../../../datasets/GIRAFE/daily/2010/03/PREdm20100331000000120IMPGS01GL.nc
Processing ../../../datasets/GIRAFE/daily/2010/04/PREdm20100401000000120IMPGS01GL.nc
Processing ../../../datasets/GIRAFE/daily/2010/04/PREdm20100402000000120IMPGS01GL.nc
Processing ../../../datasets/GIRAFE/daily/2010/04/PREdm20100403000000120IMPGS01GL.nc
Processing ../../../datasets/GIRAFE/daily/2010/04/PREdm20100404000000120IMPGS01GL.nc
Processing ../../../datasets/GIRAFE/daily/2010/04/PREdm20100405000000120IMPGS01GL.nc
Processing ../../../datasets/GIRAFE/daily/2010/04/PREdm20100406000000120IMPGS01GL.nc
Processing ../../../datasets/GIRAFE/daily/2010/04/PREdm20100407000000120IMPGS01GL.nc
Processing ../../../datasets/GIRAFE/daily/2010/04/PREdm20100408000000120IMPGS01GL.nc
Processing ../../../datasets/GIRAFE/daily/2010/04/PREdm20100409000000120IMPGS01GL.nc
Processing ../../../datasets/GIRAFE/daily/2010/04/PREdm20100410000000120IMPGS01GL.nc
Processing ../../../datasets/GIRAFE/daily/2010/04/PREdm20100411000000120IMPGS01GL.nc
Processing ../../../datasets/GIRAFE/daily/2010/04/PREdm20100412000000120IMPGS01GL.nc
Processing ../../../datasets/GIRAFE/daily/2010/04/PREdm20100413000000120IMPGS01GL.nc
Processing ../../../datasets/GIRAFE/daily/2010/04/PREdm20100414000000120IMPGS01GL.nc
Processing ../../../datasets/GIRAFE/daily/2010/04/PREdm20100415000000120IMPGS01GL.nc
Processing ../../../datasets/GIRAFE/daily/2010/04/PREdm20100416000000120IMPGS01GL.nc
Processing ../../../datasets/GIRAFE/daily/2010/04/PREdm20100417000000120IMPGS01GL.nc
Processing ../../../datasets/GIRAFE/daily/2010/04/PREdm20100418000000120IMPGS01GL.nc
Processing ../../../datasets/GIRAFE/daily/2010/04/PREdm20100419000000120IMPGS01GL.nc
Processing ../../../datasets/GIRAFE/daily/2010/04/PREdm20100420000000120IMPGS01GL.nc
Processing ../../../datasets/GIRAFE/daily/2010/04/PREdm20100421000000120IMPGS01GL.nc
Processing ../../../datasets/GIRAFE/daily/2010/04/PREdm20100422000000120IMPGS01GL.nc
Processing ../../../datasets/GIRAFE/daily/2010/04/PREdm20100423000000120IMPGS01GL.nc
Processing ../../../datasets/GIRAFE/daily/2010/04/PREdm20100424000000120IMPGS01GL.nc
Processing ../../../datasets/GIRAFE/daily/2010/04/PREdm20100425000000120IMPGS01GL.nc
Processing ../../../datasets/GIRAFE/daily/2010/04/PREdm20100426000000120IMPGS01GL.nc
Processing ../../../datasets/GIRAFE/daily/2010/04/PREdm20100427000000120IMPGS01GL.nc
Processing ../../../datasets/GIRAFE/daily/2010/04/PREdm20100428000000120IMPGS01GL.nc
Processing ../../../datasets/GIRAFE/daily/2010/04/PREdm20100429000000120IMPGS01GL.nc
Processing ../../../datasets/GIRAFE/daily/2010/04/PREdm20100430000000120IMPGS01GL.nc
Processing ../../../datasets/GIRAFE/daily/2010/05/PREdm20100501000000120IMPGS01GL.nc
Processing ../../../datasets/GIRAFE/daily/2010/05/PREdm20100502000000120IMPGS01GL.nc
Processing ../../../datasets/GIRAFE/daily/2010/05/PREdm20100503000000120IMPGS01GL.nc
Processing ../../../datasets/GIRAFE/daily/2010/05/PREdm20100504000000120IMPGS01GL.nc
Processing ../../../datasets/GIRAFE/daily/2010/05/PREdm20100505000000120IMPGS01GL.nc
Processing ../../../datasets/GIRAFE/daily/2010/05/PREdm20100506000000120IMPGS01GL.nc
Processing ../../../datasets/GIRAFE/daily/2010/05/PREdm20100507000000120IMPGS01GL.nc
Processing ../../../datasets/GIRAFE/daily/2010/05/PREdm20100508000000120IMPGS01GL.nc
Processing ../../../datasets/GIRAFE/daily/2010/05/PREdm20100509000000120IMPGS01GL.nc
Processing ../../../datasets/GIRAFE/daily/2010/05/PREdm20100510000000120IMPGS01GL.nc
Processing ../../../datasets/GIRAFE/daily/2010/05/PREdm20100511000000120IMPGS01GL.nc
Processing ../../../datasets/GIRAFE/daily/2010/05/PREdm20100512000000120IMPGS01GL.nc
Processing ../../../datasets/GIRAFE/daily/2010/05/PREdm20100513000000120IMPGS01GL.nc
Processing ../../../datasets/GIRAFE/daily/2010/05/PREdm20100514000000120IMPGS01GL.nc
Processing ../../../datasets/GIRAFE/daily/2010/05/PREdm20100515000000120IMPGS01GL.nc
Processing ../../../datasets/GIRAFE/daily/2010/05/PREdm20100516000000120IMPGS01GL.nc
Processing ../../../datasets/GIRAFE/daily/2010/05/PREdm20100517000000120IMPGS01GL.nc
Processing ../../../datasets/GIRAFE/daily/2010/05/PREdm20100518000000120IMPGS01GL.nc
Processing ../../../datasets/GIRAFE/daily/2010/05/PREdm20100519000000120IMPGS01GL.nc
Processing ../../../datasets/GIRAFE/daily/2010/05/PREdm20100520000000120IMPGS01GL.nc
Processing ../../../datasets/GIRAFE/daily/2010/05/PREdm20100521000000120IMPGS01GL.nc
Processing ../../../datasets/GIRAFE/daily/2010/05/PREdm20100522000000120IMPGS01GL.nc
Processing ../../../datasets/GIRAFE/daily/2010/05/PREdm20100523000000120IMPGS01GL.nc
Processing ../../../datasets/GIRAFE/daily/2010/05/PREdm20100524000000120IMPGS01GL.nc
Processing ../../../datasets/GIRAFE/daily/2010/05/PREdm20100525000000120IMPGS01GL.nc
Processing ../../../datasets/GIRAFE/daily/2010/05/PREdm20100526000000120IMPGS01GL.nc
Processing ../../../datasets/GIRAFE/daily/2010/05/PREdm20100527000000120IMPGS01GL.nc
Processing ../../../datasets/GIRAFE/daily/2010/05/PREdm20100528000000120IMPGS01GL.nc
Processing ../../../datasets/GIRAFE/daily/2010/05/PREdm20100529000000120IMPGS01GL.nc
Processing ../../../datasets/GIRAFE/daily/2010/05/PREdm20100530000000120IMPGS01GL.nc
Processing ../../../datasets/GIRAFE/daily/2010/05/PREdm20100531000000120IMPGS01GL.nc
Processing ../../../datasets/GIRAFE/daily/2010/06/PREdm20100601000000120IMPGS01GL.nc
Processing ../../../datasets/GIRAFE/daily/2010/06/PREdm20100602000000120IMPGS01GL.nc
Processing ../../../datasets/GIRAFE/daily/2010/06/PREdm20100603000000120IMPGS01GL.nc
Processing ../../../datasets/GIRAFE/daily/2010/06/PREdm20100604000000120IMPGS01GL.nc
Processing ../../../datasets/GIRAFE/daily/2010/06/PREdm20100605000000120IMPGS01GL.nc
Processing ../../../datasets/GIRAFE/daily/2010/06/PREdm20100606000000120IMPGS01GL.nc
Processing ../../../datasets/GIRAFE/daily/2010/06/PREdm20100607000000120IMPGS01GL.nc
Processing ../../../datasets/GIRAFE/daily/2010/06/PREdm20100608000000120IMPGS01GL.nc
Processing ../../../datasets/GIRAFE/daily/2010/06/PREdm20100609000000120IMPGS01GL.nc
Processing ../../../datasets/GIRAFE/daily/2010/06/PREdm20100610000000120IMPGS01GL.nc
Processing ../../../datasets/GIRAFE/daily/2010/06/PREdm20100611000000120IMPGS01GL.nc
Processing ../../../datasets/GIRAFE/daily/2010/06/PREdm20100612000000120IMPGS01GL.nc
Processing ../../../datasets/GIRAFE/daily/2010/06/PREdm20100613000000120IMPGS01GL.nc
Processing ../../../datasets/GIRAFE/daily/2010/06/PREdm20100614000000120IMPGS01GL.nc
Processing ../../../datasets/GIRAFE/daily/2010/06/PREdm20100615000000120IMPGS01GL.nc
Processing ../../../datasets/GIRAFE/daily/2010/06/PREdm20100616000000120IMPGS01GL.nc
Processing ../../../datasets/GIRAFE/daily/2010/06/PREdm20100617000000120IMPGS01GL.nc
Processing ../../../datasets/GIRAFE/daily/2010/06/PREdm20100618000000120IMPGS01GL.nc
Processing ../../../datasets/GIRAFE/daily/2010/06/PREdm20100619000000120IMPGS01GL.nc
Processing ../../../datasets/GIRAFE/daily/2010/06/PREdm20100620000000120IMPGS01GL.nc
Processing ../../../datasets/GIRAFE/daily/2010/06/PREdm20100621000000120IMPGS01GL.nc
Processing ../../../datasets/GIRAFE/daily/2010/06/PREdm20100622000000120IMPGS01GL.nc
Processing ../../../datasets/GIRAFE/daily/2010/06/PREdm20100623000000120IMPGS01GL.nc
Processing ../../../datasets/GIRAFE/daily/2010/06/PREdm20100624000000120IMPGS01GL.nc
Processing ../../../datasets/GIRAFE/daily/2010/06/PREdm20100625000000120IMPGS01GL.nc
Processing ../../../datasets/GIRAFE/daily/2010/06/PREdm20100626000000120IMPGS01GL.nc
Processing ../../../datasets/GIRAFE/daily/2010/06/PREdm20100627000000120IMPGS01GL.nc
Processing ../../../datasets/GIRAFE/daily/2010/06/PREdm20100628000000120IMPGS01GL.nc
Processing ../../../datasets/GIRAFE/daily/2010/06/PREdm20100629000000120IMPGS01GL.nc
Processing ../../../datasets/GIRAFE/daily/2010/06/PREdm20100630000000120IMPGS01GL.nc
Processing ../../../datasets/GIRAFE/daily/2010/07/PREdm20100701000000120IMPGS01GL.nc
Processing ../../../datasets/GIRAFE/daily/2010/07/PREdm20100702000000120IMPGS01GL.nc
Processing ../../../datasets/GIRAFE/daily/2010/07/PREdm20100703000000120IMPGS01GL.nc
Processing ../../../datasets/GIRAFE/daily/2010/07/PREdm20100704000000120IMPGS01GL.nc
Processing ../../../datasets/GIRAFE/daily/2010/07/PREdm20100705000000120IMPGS01GL.nc
Processing ../../../datasets/GIRAFE/daily/2010/07/PREdm20100706000000120IMPGS01GL.nc
Processing ../../../datasets/GIRAFE/daily/2010/07/PREdm20100707000000120IMPGS01GL.nc
Processing ../../../datasets/GIRAFE/daily/2010/07/PREdm20100708000000120IMPGS01GL.nc
Processing ../../../datasets/GIRAFE/daily/2010/07/PREdm20100709000000120IMPGS01GL.nc
Processing ../../../datasets/GIRAFE/daily/2010/07/PREdm20100710000000120IMPGS01GL.nc
Processing ../../../datasets/GIRAFE/daily/2010/07/PREdm20100711000000120IMPGS01GL.nc
Processing ../../../datasets/GIRAFE/daily/2010/07/PREdm20100712000000120IMPGS01GL.nc
Processing ../../../datasets/GIRAFE/daily/2010/07/PREdm20100713000000120IMPGS01GL.nc
Processing ../../../datasets/GIRAFE/daily/2010/07/PREdm20100714000000120IMPGS01GL.nc
Processing ../../../datasets/GIRAFE/daily/2010/07/PREdm20100715000000120IMPGS01GL.nc
Processing ../../../datasets/GIRAFE/daily/2010/07/PREdm20100716000000120IMPGS01GL.nc
Processing ../../../datasets/GIRAFE/daily/2010/07/PREdm20100717000000120IMPGS01GL.nc
Processing ../../../datasets/GIRAFE/daily/2010/07/PREdm20100718000000120IMPGS01GL.nc
Processing ../../../datasets/GIRAFE/daily/2010/07/PREdm20100719000000120IMPGS01GL.nc
Processing ../../../datasets/GIRAFE/daily/2010/07/PREdm20100720000000120IMPGS01GL.nc
Processing ../../../datasets/GIRAFE/daily/2010/07/PREdm20100721000000120IMPGS01GL.nc
Processing ../../../datasets/GIRAFE/daily/2010/07/PREdm20100722000000120IMPGS01GL.nc
Processing ../../../datasets/GIRAFE/daily/2010/07/PREdm20100723000000120IMPGS01GL.nc
Processing ../../../datasets/GIRAFE/daily/2010/07/PREdm20100724000000120IMPGS01GL.nc
Processing ../../../datasets/GIRAFE/daily/2010/07/PREdm20100725000000120IMPGS01GL.nc
Processing ../../../datasets/GIRAFE/daily/2010/07/PREdm20100726000000120IMPGS01GL.nc
Processing ../../../datasets/GIRAFE/daily/2010/07/PREdm20100727000000120IMPGS01GL.nc
Processing ../../../datasets/GIRAFE/daily/2010/07/PREdm20100728000000120IMPGS01GL.nc
Processing ../../../datasets/GIRAFE/daily/2010/07/PREdm20100729000000120IMPGS01GL.nc
Processing ../../../datasets/GIRAFE/daily/2010/07/PREdm20100730000000120IMPGS01GL.nc
Processing ../../../datasets/GIRAFE/daily/2010/07/PREdm20100731000000120IMPGS01GL.nc
Processing ../../../datasets/GIRAFE/daily/2010/08/PREdm20100801000000120IMPGS01GL.nc
Processing ../../../datasets/GIRAFE/daily/2010/08/PREdm20100802000000120IMPGS01GL.nc
Processing ../../../datasets/GIRAFE/daily/2010/08/PREdm20100803000000120IMPGS01GL.nc
Processing ../../../datasets/GIRAFE/daily/2010/08/PREdm20100804000000120IMPGS01GL.nc
Processing ../../../datasets/GIRAFE/daily/2010/08/PREdm20100805000000120IMPGS01GL.nc
Processing ../../../datasets/GIRAFE/daily/2010/08/PREdm20100806000000120IMPGS01GL.nc
Processing ../../../datasets/GIRAFE/daily/2010/08/PREdm20100807000000120IMPGS01GL.nc
Processing ../../../datasets/GIRAFE/daily/2010/08/PREdm20100808000000120IMPGS01GL.nc
Processing ../../../datasets/GIRAFE/daily/2010/08/PREdm20100809000000120IMPGS01GL.nc
Processing ../../../datasets/GIRAFE/daily/2010/08/PREdm20100810000000120IMPGS01GL.nc
Processing ../../../datasets/GIRAFE/daily/2010/08/PREdm20100811000000120IMPGS01GL.nc
Processing ../../../datasets/GIRAFE/daily/2010/08/PREdm20100812000000120IMPGS01GL.nc
Processing ../../../datasets/GIRAFE/daily/2010/08/PREdm20100813000000120IMPGS01GL.nc
Processing ../../../datasets/GIRAFE/daily/2010/08/PREdm20100814000000120IMPGS01GL.nc
Processing ../../../datasets/GIRAFE/daily/2010/08/PREdm20100815000000120IMPGS01GL.nc
Processing ../../../datasets/GIRAFE/daily/2010/08/PREdm20100816000000120IMPGS01GL.nc
Processing ../../../datasets/GIRAFE/daily/2010/08/PREdm20100817000000120IMPGS01GL.nc
Processing ../../../datasets/GIRAFE/daily/2010/08/PREdm20100818000000120IMPGS01GL.nc
Processing ../../../datasets/GIRAFE/daily/2010/08/PREdm20100819000000120IMPGS01GL.nc
Processing ../../../datasets/GIRAFE/daily/2010/08/PREdm20100820000000120IMPGS01GL.nc
Processing ../../../datasets/GIRAFE/daily/2010/08/PREdm20100821000000120IMPGS01GL.nc
Processing ../../../datasets/GIRAFE/daily/2010/08/PREdm20100822000000120IMPGS01GL.nc
Processing ../../../datasets/GIRAFE/daily/2010/08/PREdm20100823000000120IMPGS01GL.nc
Processing ../../../datasets/GIRAFE/daily/2010/08/PREdm20100824000000120IMPGS01GL.nc
Processing ../../../datasets/GIRAFE/daily/2010/08/PREdm20100825000000120IMPGS01GL.nc
Processing ../../../datasets/GIRAFE/daily/2010/08/PREdm20100826000000120IMPGS01GL.nc
Processing ../../../datasets/GIRAFE/daily/2010/08/PREdm20100827000000120IMPGS01GL.nc
Processing ../../../datasets/GIRAFE/daily/2010/08/PREdm20100828000000120IMPGS01GL.nc
Processing ../../../datasets/GIRAFE/daily/2010/08/PREdm20100829000000120IMPGS01GL.nc
Processing ../../../datasets/GIRAFE/daily/2010/08/PREdm20100830000000120IMPGS01GL.nc
Processing ../../../datasets/GIRAFE/daily/2010/08/PREdm20100831000000120IMPGS01GL.nc
Processing ../../../datasets/GIRAFE/daily/2010/09/PREdm20100901000000120IMPGS01GL.nc
Processing ../../../datasets/GIRAFE/daily/2010/09/PREdm20100902000000120IMPGS01GL.nc
Processing ../../../datasets/GIRAFE/daily/2010/09/PREdm20100903000000120IMPGS01GL.nc
Processing ../../../datasets/GIRAFE/daily/2010/09/PREdm20100904000000120IMPGS01GL.nc
Processing ../../../datasets/GIRAFE/daily/2010/09/PREdm20100905000000120IMPGS01GL.nc
Processing ../../../datasets/GIRAFE/daily/2010/09/PREdm20100906000000120IMPGS01GL.nc
Processing ../../../datasets/GIRAFE/daily/2010/09/PREdm20100907000000120IMPGS01GL.nc
Processing ../../../datasets/GIRAFE/daily/2010/09/PREdm20100908000000120IMPGS01GL.nc
Processing ../../../datasets/GIRAFE/daily/2010/09/PREdm20100909000000120IMPGS01GL.nc
Processing ../../../datasets/GIRAFE/daily/2010/09/PREdm20100910000000120IMPGS01GL.nc
Processing ../../../datasets/GIRAFE/daily/2010/09/PREdm20100911000000120IMPGS01GL.nc
Processing ../../../datasets/GIRAFE/daily/2010/09/PREdm20100912000000120IMPGS01GL.nc
Processing ../../../datasets/GIRAFE/daily/2010/09/PREdm20100913000000120IMPGS01GL.nc
Processing ../../../datasets/GIRAFE/daily/2010/09/PREdm20100914000000120IMPGS01GL.nc
Processing ../../../datasets/GIRAFE/daily/2010/09/PREdm20100915000000120IMPGS01GL.nc
Processing ../../../datasets/GIRAFE/daily/2010/09/PREdm20100916000000120IMPGS01GL.nc
Processing ../../../datasets/GIRAFE/daily/2010/09/PREdm20100917000000120IMPGS01GL.nc
Processing ../../../datasets/GIRAFE/daily/2010/09/PREdm20100918000000120IMPGS01GL.nc
Processing ../../../datasets/GIRAFE/daily/2010/09/PREdm20100919000000120IMPGS01GL.nc
Processing ../../../datasets/GIRAFE/daily/2010/09/PREdm20100920000000120IMPGS01GL.nc
Processing ../../../datasets/GIRAFE/daily/2010/09/PREdm20100921000000120IMPGS01GL.nc
Processing ../../../datasets/GIRAFE/daily/2010/09/PREdm20100922000000120IMPGS01GL.nc
Processing ../../../datasets/GIRAFE/daily/2010/09/PREdm20100923000000120IMPGS01GL.nc
Processing ../../../datasets/GIRAFE/daily/2010/09/PREdm20100924000000120IMPGS01GL.nc
Processing ../../../datasets/GIRAFE/daily/2010/09/PREdm20100925000000120IMPGS01GL.nc
Processing ../../../datasets/GIRAFE/daily/2010/09/PREdm20100926000000120IMPGS01GL.nc
Processing ../../../datasets/GIRAFE/daily/2010/09/PREdm20100927000000120IMPGS01GL.nc
Processing ../../../datasets/GIRAFE/daily/2010/09/PREdm20100928000000120IMPGS01GL.nc
Processing ../../../datasets/GIRAFE/daily/2010/09/PREdm20100929000000120IMPGS01GL.nc
Processing ../../../datasets/GIRAFE/daily/2010/09/PREdm20100930000000120IMPGS01GL.nc
Processing ../../../datasets/GIRAFE/daily/2010/10/PREdm20101001000000120IMPGS01GL.nc
Processing ../../../datasets/GIRAFE/daily/2010/10/PREdm20101002000000120IMPGS01GL.nc
Processing ../../../datasets/GIRAFE/daily/2010/10/PREdm20101003000000120IMPGS01GL.nc
Processing ../../../datasets/GIRAFE/daily/2010/10/PREdm20101004000000120IMPGS01GL.nc
Processing ../../../datasets/GIRAFE/daily/2010/10/PREdm20101005000000120IMPGS01GL.nc
Processing ../../../datasets/GIRAFE/daily/2010/10/PREdm20101006000000120IMPGS01GL.nc
Processing ../../../datasets/GIRAFE/daily/2010/10/PREdm20101007000000120IMPGS01GL.nc
Processing ../../../datasets/GIRAFE/daily/2010/10/PREdm20101008000000120IMPGS01GL.nc
Processing ../../../datasets/GIRAFE/daily/2010/10/PREdm20101009000000120IMPGS01GL.nc
Processing ../../../datasets/GIRAFE/daily/2010/10/PREdm20101010000000120IMPGS01GL.nc
Processing ../../../datasets/GIRAFE/daily/2010/10/PREdm20101011000000120IMPGS01GL.nc
Processing ../../../datasets/GIRAFE/daily/2010/10/PREdm20101012000000120IMPGS01GL.nc
Processing ../../../datasets/GIRAFE/daily/2010/10/PREdm20101013000000120IMPGS01GL.nc
Processing ../../../datasets/GIRAFE/daily/2010/10/PREdm20101014000000120IMPGS01GL.nc
Processing ../../../datasets/GIRAFE/daily/2010/10/PREdm20101015000000120IMPGS01GL.nc
Processing ../../../datasets/GIRAFE/daily/2010/10/PREdm20101016000000120IMPGS01GL.nc
Processing ../../../datasets/GIRAFE/daily/2010/10/PREdm20101017000000120IMPGS01GL.nc
Processing ../../../datasets/GIRAFE/daily/2010/10/PREdm20101018000000120IMPGS01GL.nc
Processing ../../../datasets/GIRAFE/daily/2010/10/PREdm20101019000000120IMPGS01GL.nc
Processing ../../../datasets/GIRAFE/daily/2010/10/PREdm20101020000000120IMPGS01GL.nc
Processing ../../../datasets/GIRAFE/daily/2010/10/PREdm20101021000000120IMPGS01GL.nc
Processing ../../../datasets/GIRAFE/daily/2010/10/PREdm20101022000000120IMPGS01GL.nc
Processing ../../../datasets/GIRAFE/daily/2010/10/PREdm20101023000000120IMPGS01GL.nc
Processing ../../../datasets/GIRAFE/daily/2010/10/PREdm20101024000000120IMPGS01GL.nc
Processing ../../../datasets/GIRAFE/daily/2010/10/PREdm20101025000000120IMPGS01GL.nc
Processing ../../../datasets/GIRAFE/daily/2010/10/PREdm20101026000000120IMPGS01GL.nc
Processing ../../../datasets/GIRAFE/daily/2010/10/PREdm20101027000000120IMPGS01GL.nc
Processing ../../../datasets/GIRAFE/daily/2010/10/PREdm20101028000000120IMPGS01GL.nc
Processing ../../../datasets/GIRAFE/daily/2010/10/PREdm20101029000000120IMPGS01GL.nc
Processing ../../../datasets/GIRAFE/daily/2010/10/PREdm20101030000000120IMPGS01GL.nc
Processing ../../../datasets/GIRAFE/daily/2010/10/PREdm20101031000000120IMPGS01GL.nc
Processing ../../../datasets/GIRAFE/daily/2010/11/PREdm20101101000000120IMPGS01GL.nc
Processing ../../../datasets/GIRAFE/daily/2010/11/PREdm20101102000000120IMPGS01GL.nc
Processing ../../../datasets/GIRAFE/daily/2010/11/PREdm20101103000000120IMPGS01GL.nc
Processing ../../../datasets/GIRAFE/daily/2010/11/PREdm20101104000000120IMPGS01GL.nc
Processing ../../../datasets/GIRAFE/daily/2010/11/PREdm20101105000000120IMPGS01GL.nc
Processing ../../../datasets/GIRAFE/daily/2010/11/PREdm20101106000000120IMPGS01GL.nc
Processing ../../../datasets/GIRAFE/daily/2010/11/PREdm20101107000000120IMPGS01GL.nc
Processing ../../../datasets/GIRAFE/daily/2010/11/PREdm20101108000000120IMPGS01GL.nc
Processing ../../../datasets/GIRAFE/daily/2010/11/PREdm20101109000000120IMPGS01GL.nc
Processing ../../../datasets/GIRAFE/daily/2010/11/PREdm20101110000000120IMPGS01GL.nc
Processing ../../../datasets/GIRAFE/daily/2010/11/PREdm20101111000000120IMPGS01GL.nc
Processing ../../../datasets/GIRAFE/daily/2010/11/PREdm20101112000000120IMPGS01GL.nc
Processing ../../../datasets/GIRAFE/daily/2010/11/PREdm20101113000000120IMPGS01GL.nc
Processing ../../../datasets/GIRAFE/daily/2010/11/PREdm20101114000000120IMPGS01GL.nc
Processing ../../../datasets/GIRAFE/daily/2010/11/PREdm20101115000000120IMPGS01GL.nc
Processing ../../../datasets/GIRAFE/daily/2010/11/PREdm20101116000000120IMPGS01GL.nc
Processing ../../../datasets/GIRAFE/daily/2010/11/PREdm20101117000000120IMPGS01GL.nc
Processing ../../../datasets/GIRAFE/daily/2010/11/PREdm20101118000000120IMPGS01GL.nc
Processing ../../../datasets/GIRAFE/daily/2010/11/PREdm20101119000000120IMPGS01GL.nc
Processing ../../../datasets/GIRAFE/daily/2010/11/PREdm20101120000000120IMPGS01GL.nc
Processing ../../../datasets/GIRAFE/daily/2010/11/PREdm20101121000000120IMPGS01GL.nc
Processing ../../../datasets/GIRAFE/daily/2010/11/PREdm20101122000000120IMPGS01GL.nc
Processing ../../../datasets/GIRAFE/daily/2010/11/PREdm20101123000000120IMPGS01GL.nc
Processing ../../../datasets/GIRAFE/daily/2010/11/PREdm20101124000000120IMPGS01GL.nc
Processing ../../../datasets/GIRAFE/daily/2010/11/PREdm20101125000000120IMPGS01GL.nc
Processing ../../../datasets/GIRAFE/daily/2010/11/PREdm20101126000000120IMPGS01GL.nc
Processing ../../../datasets/GIRAFE/daily/2010/11/PREdm20101127000000120IMPGS01GL.nc
Processing ../../../datasets/GIRAFE/daily/2010/11/PREdm20101128000000120IMPGS01GL.nc
Processing ../../../datasets/GIRAFE/daily/2010/11/PREdm20101129000000120IMPGS01GL.nc
Processing ../../../datasets/GIRAFE/daily/2010/11/PREdm20101130000000120IMPGS01GL.nc
Processing ../../../datasets/GIRAFE/daily/2010/12/PREdm20101201000000120IMPGS01GL.nc
Processing ../../../datasets/GIRAFE/daily/2010/12/PREdm20101202000000120IMPGS01GL.nc
Processing ../../../datasets/GIRAFE/daily/2010/12/PREdm20101203000000120IMPGS01GL.nc
Processing ../../../datasets/GIRAFE/daily/2010/12/PREdm20101204000000120IMPGS01GL.nc
Processing ../../../datasets/GIRAFE/daily/2010/12/PREdm20101205000000120IMPGS01GL.nc
Processing ../../../datasets/GIRAFE/daily/2010/12/PREdm20101206000000120IMPGS01GL.nc
Processing ../../../datasets/GIRAFE/daily/2010/12/PREdm20101207000000120IMPGS01GL.nc
Processing ../../../datasets/GIRAFE/daily/2010/12/PREdm20101208000000120IMPGS01GL.nc
Processing ../../../datasets/GIRAFE/daily/2010/12/PREdm20101209000000120IMPGS01GL.nc
Processing ../../../datasets/GIRAFE/daily/2010/12/PREdm20101210000000120IMPGS01GL.nc
Processing ../../../datasets/GIRAFE/daily/2010/12/PREdm20101211000000120IMPGS01GL.nc
Processing ../../../datasets/GIRAFE/daily/2010/12/PREdm20101212000000120IMPGS01GL.nc
Processing ../../../datasets/GIRAFE/daily/2010/12/PREdm20101213000000120IMPGS01GL.nc
Processing ../../../datasets/GIRAFE/daily/2010/12/PREdm20101214000000120IMPGS01GL.nc
Processing ../../../datasets/GIRAFE/daily/2010/12/PREdm20101215000000120IMPGS01GL.nc
Processing ../../../datasets/GIRAFE/daily/2010/12/PREdm20101216000000120IMPGS01GL.nc
Processing ../../../datasets/GIRAFE/daily/2010/12/PREdm20101217000000120IMPGS01GL.nc
Processing ../../../datasets/GIRAFE/daily/2010/12/PREdm20101218000000120IMPGS01GL.nc
Processing ../../../datasets/GIRAFE/daily/2010/12/PREdm20101219000000120IMPGS01GL.nc
Processing ../../../datasets/GIRAFE/daily/2010/12/PREdm20101220000000120IMPGS01GL.nc
Processing ../../../datasets/GIRAFE/daily/2010/12/PREdm20101221000000120IMPGS01GL.nc
Processing ../../../datasets/GIRAFE/daily/2010/12/PREdm20101222000000120IMPGS01GL.nc
Processing ../../../datasets/GIRAFE/daily/2010/12/PREdm20101223000000120IMPGS01GL.nc
Processing ../../../datasets/GIRAFE/daily/2010/12/PREdm20101224000000120IMPGS01GL.nc
Processing ../../../datasets/GIRAFE/daily/2010/12/PREdm20101225000000120IMPGS01GL.nc
Processing ../../../datasets/GIRAFE/daily/2010/12/PREdm20101226000000120IMPGS01GL.nc
Processing ../../../datasets/GIRAFE/daily/2010/12/PREdm20101227000000120IMPGS01GL.nc
Processing ../../../datasets/GIRAFE/daily/2010/12/PREdm20101228000000120IMPGS01GL.nc
Processing ../../../datasets/GIRAFE/daily/2010/12/PREdm20101229000000120IMPGS01GL.nc
Processing ../../../datasets/GIRAFE/daily/2010/12/PREdm20101230000000120IMPGS01GL.nc
Processing ../../../datasets/GIRAFE/daily/2010/12/PREdm20101231000000120IMPGS01GL.nc
Processing ../../../datasets/GIRAFE/daily/2011/01/PREdm20110101000000120IMPGS01GL.nc
Processing ../../../datasets/GIRAFE/daily/2011/01/PREdm20110102000000120IMPGS01GL.nc
Processing ../../../datasets/GIRAFE/daily/2011/01/PREdm20110103000000120IMPGS01GL.nc
Processing ../../../datasets/GIRAFE/daily/2011/01/PREdm20110104000000120IMPGS01GL.nc
Processing ../../../datasets/GIRAFE/daily/2011/01/PREdm20110105000000120IMPGS01GL.nc
Processing ../../../datasets/GIRAFE/daily/2011/01/PREdm20110106000000120IMPGS01GL.nc
Processing ../../../datasets/GIRAFE/daily/2011/01/PREdm20110107000000120IMPGS01GL.nc
Processing ../../../datasets/GIRAFE/daily/2011/01/PREdm20110108000000120IMPGS01GL.nc
Processing ../../../datasets/GIRAFE/daily/2011/01/PREdm20110109000000120IMPGS01GL.nc
Processing ../../../datasets/GIRAFE/daily/2011/01/PREdm20110110000000120IMPGS01GL.nc
Processing ../../../datasets/GIRAFE/daily/2011/01/PREdm20110111000000120IMPGS01GL.nc
Processing ../../../datasets/GIRAFE/daily/2011/01/PREdm20110112000000120IMPGS01GL.nc
Processing ../../../datasets/GIRAFE/daily/2011/01/PREdm20110113000000120IMPGS01GL.nc
Processing ../../../datasets/GIRAFE/daily/2011/01/PREdm20110114000000120IMPGS01GL.nc
Processing ../../../datasets/GIRAFE/daily/2011/01/PREdm20110115000000120IMPGS01GL.nc
Processing ../../../datasets/GIRAFE/daily/2011/01/PREdm20110116000000120IMPGS01GL.nc
Processing ../../../datasets/GIRAFE/daily/2011/01/PREdm20110117000000120IMPGS01GL.nc
Processing ../../../datasets/GIRAFE/daily/2011/01/PREdm20110118000000120IMPGS01GL.nc
Processing ../../../datasets/GIRAFE/daily/2011/01/PREdm20110119000000120IMPGS01GL.nc
Processing ../../../datasets/GIRAFE/daily/2011/01/PREdm20110120000000120IMPGS01GL.nc
Processing ../../../datasets/GIRAFE/daily/2011/01/PREdm20110121000000120IMPGS01GL.nc
Processing ../../../datasets/GIRAFE/daily/2011/01/PREdm20110122000000120IMPGS01GL.nc
Processing ../../../datasets/GIRAFE/daily/2011/01/PREdm20110123000000120IMPGS01GL.nc
Processing ../../../datasets/GIRAFE/daily/2011/01/PREdm20110124000000120IMPGS01GL.nc
Processing ../../../datasets/GIRAFE/daily/2011/01/PREdm20110125000000120IMPGS01GL.nc
Processing ../../../datasets/GIRAFE/daily/2011/01/PREdm20110126000000120IMPGS01GL.nc
Processing ../../../datasets/GIRAFE/daily/2011/01/PREdm20110127000000120IMPGS01GL.nc
Processing ../../../datasets/GIRAFE/daily/2011/01/PREdm20110128000000120IMPGS01GL.nc
Processing ../../../datasets/GIRAFE/daily/2011/01/PREdm20110129000000120IMPGS01GL.nc
Processing ../../../datasets/GIRAFE/daily/2011/01/PREdm20110130000000120IMPGS01GL.nc
Processing ../../../datasets/GIRAFE/daily/2011/01/PREdm20110131000000120IMPGS01GL.nc
Processing ../../../datasets/GIRAFE/daily/2011/02/PREdm20110201000000120IMPGS01GL.nc
Processing ../../../datasets/GIRAFE/daily/2011/02/PREdm20110202000000120IMPGS01GL.nc
Processing ../../../datasets/GIRAFE/daily/2011/02/PREdm20110203000000120IMPGS01GL.nc
Processing ../../../datasets/GIRAFE/daily/2011/02/PREdm20110204000000120IMPGS01GL.nc
Processing ../../../datasets/GIRAFE/daily/2011/02/PREdm20110205000000120IMPGS01GL.nc
Processing ../../../datasets/GIRAFE/daily/2011/02/PREdm20110206000000120IMPGS01GL.nc
Processing ../../../datasets/GIRAFE/daily/2011/02/PREdm20110207000000120IMPGS01GL.nc
Processing ../../../datasets/GIRAFE/daily/2011/02/PREdm20110208000000120IMPGS01GL.nc
Processing ../../../datasets/GIRAFE/daily/2011/02/PREdm20110209000000120IMPGS01GL.nc
Processing ../../../datasets/GIRAFE/daily/2011/02/PREdm20110210000000120IMPGS01GL.nc
Processing ../../../datasets/GIRAFE/daily/2011/02/PREdm20110211000000120IMPGS01GL.nc
Processing ../../../datasets/GIRAFE/daily/2011/02/PREdm20110212000000120IMPGS01GL.nc
Processing ../../../datasets/GIRAFE/daily/2011/02/PREdm20110213000000120IMPGS01GL.nc
Processing ../../../datasets/GIRAFE/daily/2011/02/PREdm20110214000000120IMPGS01GL.nc
Processing ../../../datasets/GIRAFE/daily/2011/02/PREdm20110215000000120IMPGS01GL.nc
Processing ../../../datasets/GIRAFE/daily/2011/02/PREdm20110216000000120IMPGS01GL.nc
Processing ../../../datasets/GIRAFE/daily/2011/02/PREdm20110217000000120IMPGS01GL.nc
Processing ../../../datasets/GIRAFE/daily/2011/02/PREdm20110218000000120IMPGS01GL.nc
Processing ../../../datasets/GIRAFE/daily/2011/02/PREdm20110219000000120IMPGS01GL.nc
Processing ../../../datasets/GIRAFE/daily/2011/02/PREdm20110220000000120IMPGS01GL.nc
Processing ../../../datasets/GIRAFE/daily/2011/02/PREdm20110221000000120IMPGS01GL.nc
Processing ../../../datasets/GIRAFE/daily/2011/02/PREdm20110222000000120IMPGS01GL.nc
Processing ../../../datasets/GIRAFE/daily/2011/02/PREdm20110223000000120IMPGS01GL.nc
Processing ../../../datasets/GIRAFE/daily/2011/02/PREdm20110224000000120IMPGS01GL.nc
Processing ../../../datasets/GIRAFE/daily/2011/02/PREdm20110225000000120IMPGS01GL.nc
Processing ../../../datasets/GIRAFE/daily/2011/02/PREdm20110226000000120IMPGS01GL.nc
Processing ../../../datasets/GIRAFE/daily/2011/02/PREdm20110227000000120IMPGS01GL.nc
Processing ../../../datasets/GIRAFE/daily/2011/02/PREdm20110228000000120IMPGS01GL.nc
Processing ../../../datasets/GIRAFE/daily/2011/03/PREdm20110301000000120IMPGS01GL.nc
Processing ../../../datasets/GIRAFE/daily/2011/03/PREdm20110302000000120IMPGS01GL.nc
Processing ../../../datasets/GIRAFE/daily/2011/03/PREdm20110303000000120IMPGS01GL.nc
Processing ../../../datasets/GIRAFE/daily/2011/03/PREdm20110304000000120IMPGS01GL.nc
Processing ../../../datasets/GIRAFE/daily/2011/03/PREdm20110305000000120IMPGS01GL.nc
Processing ../../../datasets/GIRAFE/daily/2011/03/PREdm20110306000000120IMPGS01GL.nc
Processing ../../../datasets/GIRAFE/daily/2011/03/PREdm20110307000000120IMPGS01GL.nc
Processing ../../../datasets/GIRAFE/daily/2011/03/PREdm20110308000000120IMPGS01GL.nc
Processing ../../../datasets/GIRAFE/daily/2011/03/PREdm20110309000000120IMPGS01GL.nc
Processing ../../../datasets/GIRAFE/daily/2011/03/PREdm20110310000000120IMPGS01GL.nc
Processing ../../../datasets/GIRAFE/daily/2011/03/PREdm20110311000000120IMPGS01GL.nc
Processing ../../../datasets/GIRAFE/daily/2011/03/PREdm20110312000000120IMPGS01GL.nc
Processing ../../../datasets/GIRAFE/daily/2011/03/PREdm20110313000000120IMPGS01GL.nc
Processing ../../../datasets/GIRAFE/daily/2011/03/PREdm20110314000000120IMPGS01GL.nc
Processing ../../../datasets/GIRAFE/daily/2011/03/PREdm20110315000000120IMPGS01GL.nc
Processing ../../../datasets/GIRAFE/daily/2011/03/PREdm20110316000000120IMPGS01GL.nc
Processing ../../../datasets/GIRAFE/daily/2011/03/PREdm20110317000000120IMPGS01GL.nc
Processing ../../../datasets/GIRAFE/daily/2011/03/PREdm20110318000000120IMPGS01GL.nc
Processing ../../../datasets/GIRAFE/daily/2011/03/PREdm20110319000000120IMPGS01GL.nc
Processing ../../../datasets/GIRAFE/daily/2011/03/PREdm20110320000000120IMPGS01GL.nc
Processing ../../../datasets/GIRAFE/daily/2011/03/PREdm20110321000000120IMPGS01GL.nc
Processing ../../../datasets/GIRAFE/daily/2011/03/PREdm20110322000000120IMPGS01GL.nc
Processing ../../../datasets/GIRAFE/daily/2011/03/PREdm20110323000000120IMPGS01GL.nc
Processing ../../../datasets/GIRAFE/daily/2011/03/PREdm20110324000000120IMPGS01GL.nc
Processing ../../../datasets/GIRAFE/daily/2011/03/PREdm20110325000000120IMPGS01GL.nc
Processing ../../../datasets/GIRAFE/daily/2011/03/PREdm20110326000000120IMPGS01GL.nc
Processing ../../../datasets/GIRAFE/daily/2011/03/PREdm20110327000000120IMPGS01GL.nc
Processing ../../../datasets/GIRAFE/daily/2011/03/PREdm20110328000000120IMPGS01GL.nc
Processing ../../../datasets/GIRAFE/daily/2011/03/PREdm20110329000000120IMPGS01GL.nc
Processing ../../../datasets/GIRAFE/daily/2011/03/PREdm20110330000000120IMPGS01GL.nc
Processing ../../../datasets/GIRAFE/daily/2011/03/PREdm20110331000000120IMPGS01GL.nc
Processing ../../../datasets/GIRAFE/daily/2011/04/PREdm20110401000000120IMPGS01GL.nc
Processing ../../../datasets/GIRAFE/daily/2011/04/PREdm20110402000000120IMPGS01GL.nc
Processing ../../../datasets/GIRAFE/daily/2011/04/PREdm20110403000000120IMPGS01GL.nc
Processing ../../../datasets/GIRAFE/daily/2011/04/PREdm20110404000000120IMPGS01GL.nc
Processing ../../../datasets/GIRAFE/daily/2011/04/PREdm20110405000000120IMPGS01GL.nc
Processing ../../../datasets/GIRAFE/daily/2011/04/PREdm20110406000000120IMPGS01GL.nc
Processing ../../../datasets/GIRAFE/daily/2011/04/PREdm20110407000000120IMPGS01GL.nc
Processing ../../../datasets/GIRAFE/daily/2011/04/PREdm20110408000000120IMPGS01GL.nc
Processing ../../../datasets/GIRAFE/daily/2011/04/PREdm20110409000000120IMPGS01GL.nc
Processing ../../../datasets/GIRAFE/daily/2011/04/PREdm20110410000000120IMPGS01GL.nc
Processing ../../../datasets/GIRAFE/daily/2011/04/PREdm20110411000000120IMPGS01GL.nc
Processing ../../../datasets/GIRAFE/daily/2011/04/PREdm20110412000000120IMPGS01GL.nc
Processing ../../../datasets/GIRAFE/daily/2011/04/PREdm20110413000000120IMPGS01GL.nc
Processing ../../../datasets/GIRAFE/daily/2011/04/PREdm20110414000000120IMPGS01GL.nc
Processing ../../../datasets/GIRAFE/daily/2011/04/PREdm20110415000000120IMPGS01GL.nc
Processing ../../../datasets/GIRAFE/daily/2011/04/PREdm20110416000000120IMPGS01GL.nc
Processing ../../../datasets/GIRAFE/daily/2011/04/PREdm20110417000000120IMPGS01GL.nc
Processing ../../../datasets/GIRAFE/daily/2011/04/PREdm20110418000000120IMPGS01GL.nc
Processing ../../../datasets/GIRAFE/daily/2011/04/PREdm20110419000000120IMPGS01GL.nc
Processing ../../../datasets/GIRAFE/daily/2011/04/PREdm20110420000000120IMPGS01GL.nc
Processing ../../../datasets/GIRAFE/daily/2011/04/PREdm20110421000000120IMPGS01GL.nc
Processing ../../../datasets/GIRAFE/daily/2011/04/PREdm20110422000000120IMPGS01GL.nc
Processing ../../../datasets/GIRAFE/daily/2011/04/PREdm20110423000000120IMPGS01GL.nc
Processing ../../../datasets/GIRAFE/daily/2011/04/PREdm20110424000000120IMPGS01GL.nc
Processing ../../../datasets/GIRAFE/daily/2011/04/PREdm20110425000000120IMPGS01GL.nc
Processing ../../../datasets/GIRAFE/daily/2011/04/PREdm20110426000000120IMPGS01GL.nc
Processing ../../../datasets/GIRAFE/daily/2011/04/PREdm20110427000000120IMPGS01GL.nc
Processing ../../../datasets/GIRAFE/daily/2011/04/PREdm20110428000000120IMPGS01GL.nc
Processing ../../../datasets/GIRAFE/daily/2011/04/PREdm20110429000000120IMPGS01GL.nc
Processing ../../../datasets/GIRAFE/daily/2011/04/PREdm20110430000000120IMPGS01GL.nc
Processing ../../../datasets/GIRAFE/daily/2011/05/PREdm20110501000000120IMPGS01GL.nc
Processing ../../../datasets/GIRAFE/daily/2011/05/PREdm20110502000000120IMPGS01GL.nc
Processing ../../../datasets/GIRAFE/daily/2011/05/PREdm20110503000000120IMPGS01GL.nc
Processing ../../../datasets/GIRAFE/daily/2011/05/PREdm20110504000000120IMPGS01GL.nc
Processing ../../../datasets/GIRAFE/daily/2011/05/PREdm20110505000000120IMPGS01GL.nc
Processing ../../../datasets/GIRAFE/daily/2011/05/PREdm20110506000000120IMPGS01GL.nc
Processing ../../../datasets/GIRAFE/daily/2011/05/PREdm20110507000000120IMPGS01GL.nc
Processing ../../../datasets/GIRAFE/daily/2011/05/PREdm20110508000000120IMPGS01GL.nc
Processing ../../../datasets/GIRAFE/daily/2011/05/PREdm20110509000000120IMPGS01GL.nc
Processing ../../../datasets/GIRAFE/daily/2011/05/PREdm20110510000000120IMPGS01GL.nc
Processing ../../../datasets/GIRAFE/daily/2011/05/PREdm20110511000000120IMPGS01GL.nc
Processing ../../../datasets/GIRAFE/daily/2011/05/PREdm20110512000000120IMPGS01GL.nc
Processing ../../../datasets/GIRAFE/daily/2011/05/PREdm20110513000000120IMPGS01GL.nc
Processing ../../../datasets/GIRAFE/daily/2011/05/PREdm20110514000000120IMPGS01GL.nc
Processing ../../../datasets/GIRAFE/daily/2011/05/PREdm20110515000000120IMPGS01GL.nc
Processing ../../../datasets/GIRAFE/daily/2011/05/PREdm20110516000000120IMPGS01GL.nc
Processing ../../../datasets/GIRAFE/daily/2011/05/PREdm20110517000000120IMPGS01GL.nc
Processing ../../../datasets/GIRAFE/daily/2011/05/PREdm20110518000000120IMPGS01GL.nc
Processing ../../../datasets/GIRAFE/daily/2011/05/PREdm20110519000000120IMPGS01GL.nc
Processing ../../../datasets/GIRAFE/daily/2011/05/PREdm20110520000000120IMPGS01GL.nc
Processing ../../../datasets/GIRAFE/daily/2011/05/PREdm20110521000000120IMPGS01GL.nc
Processing ../../../datasets/GIRAFE/daily/2011/05/PREdm20110522000000120IMPGS01GL.nc
Processing ../../../datasets/GIRAFE/daily/2011/05/PREdm20110523000000120IMPGS01GL.nc
Processing ../../../datasets/GIRAFE/daily/2011/05/PREdm20110524000000120IMPGS01GL.nc
Processing ../../../datasets/GIRAFE/daily/2011/05/PREdm20110525000000120IMPGS01GL.nc
Processing ../../../datasets/GIRAFE/daily/2011/05/PREdm20110526000000120IMPGS01GL.nc
Processing ../../../datasets/GIRAFE/daily/2011/05/PREdm20110527000000120IMPGS01GL.nc
Processing ../../../datasets/GIRAFE/daily/2011/05/PREdm20110528000000120IMPGS01GL.nc
Processing ../../../datasets/GIRAFE/daily/2011/05/PREdm20110529000000120IMPGS01GL.nc
Processing ../../../datasets/GIRAFE/daily/2011/05/PREdm20110530000000120IMPGS01GL.nc
Processing ../../../datasets/GIRAFE/daily/2011/05/PREdm20110531000000120IMPGS01GL.nc
Processing ../../../datasets/GIRAFE/daily/2011/06/PREdm20110601000000120IMPGS01GL.nc
Processing ../../../datasets/GIRAFE/daily/2011/06/PREdm20110602000000120IMPGS01GL.nc
Processing ../../../datasets/GIRAFE/daily/2011/06/PREdm20110603000000120IMPGS01GL.nc
Processing ../../../datasets/GIRAFE/daily/2011/06/PREdm20110604000000120IMPGS01GL.nc
Processing ../../../datasets/GIRAFE/daily/2011/06/PREdm20110605000000120IMPGS01GL.nc
Processing ../../../datasets/GIRAFE/daily/2011/06/PREdm20110606000000120IMPGS01GL.nc
Processing ../../../datasets/GIRAFE/daily/2011/06/PREdm20110607000000120IMPGS01GL.nc
Processing ../../../datasets/GIRAFE/daily/2011/06/PREdm20110608000000120IMPGS01GL.nc
Processing ../../../datasets/GIRAFE/daily/2011/06/PREdm20110609000000120IMPGS01GL.nc
Processing ../../../datasets/GIRAFE/daily/2011/06/PREdm20110610000000120IMPGS01GL.nc
Processing ../../../datasets/GIRAFE/daily/2011/06/PREdm20110611000000120IMPGS01GL.nc
Processing ../../../datasets/GIRAFE/daily/2011/06/PREdm20110612000000120IMPGS01GL.nc
Processing ../../../datasets/GIRAFE/daily/2011/06/PREdm20110613000000120IMPGS01GL.nc
Processing ../../../datasets/GIRAFE/daily/2011/06/PREdm20110614000000120IMPGS01GL.nc
Processing ../../../datasets/GIRAFE/daily/2011/06/PREdm20110615000000120IMPGS01GL.nc
Processing ../../../datasets/GIRAFE/daily/2011/06/PREdm20110616000000120IMPGS01GL.nc
Processing ../../../datasets/GIRAFE/daily/2011/06/PREdm20110617000000120IMPGS01GL.nc
Processing ../../../datasets/GIRAFE/daily/2011/06/PREdm20110618000000120IMPGS01GL.nc
Processing ../../../datasets/GIRAFE/daily/2011/06/PREdm20110619000000120IMPGS01GL.nc
Processing ../../../datasets/GIRAFE/daily/2011/06/PREdm20110620000000120IMPGS01GL.nc
Processing ../../../datasets/GIRAFE/daily/2011/06/PREdm20110621000000120IMPGS01GL.nc
Processing ../../../datasets/GIRAFE/daily/2011/06/PREdm20110622000000120IMPGS01GL.nc
Processing ../../../datasets/GIRAFE/daily/2011/06/PREdm20110623000000120IMPGS01GL.nc
Processing ../../../datasets/GIRAFE/daily/2011/06/PREdm20110624000000120IMPGS01GL.nc
Processing ../../../datasets/GIRAFE/daily/2011/06/PREdm20110625000000120IMPGS01GL.nc
Processing ../../../datasets/GIRAFE/daily/2011/06/PREdm20110626000000120IMPGS01GL.nc
Processing ../../../datasets/GIRAFE/daily/2011/06/PREdm20110627000000120IMPGS01GL.nc
Processing ../../../datasets/GIRAFE/daily/2011/06/PREdm20110628000000120IMPGS01GL.nc
Processing ../../../datasets/GIRAFE/daily/2011/06/PREdm20110629000000120IMPGS01GL.nc
Processing ../../../datasets/GIRAFE/daily/2011/06/PREdm20110630000000120IMPGS01GL.nc
Processing ../../../datasets/GIRAFE/daily/2011/07/PREdm20110701000000120IMPGS01GL.nc
Processing ../../../datasets/GIRAFE/daily/2011/07/PREdm20110702000000120IMPGS01GL.nc
Processing ../../../datasets/GIRAFE/daily/2011/07/PREdm20110703000000120IMPGS01GL.nc
Processing ../../../datasets/GIRAFE/daily/2011/07/PREdm20110704000000120IMPGS01GL.nc
Processing ../../../datasets/GIRAFE/daily/2011/07/PREdm20110705000000120IMPGS01GL.nc
Processing ../../../datasets/GIRAFE/daily/2011/07/PREdm20110706000000120IMPGS01GL.nc
Processing ../../../datasets/GIRAFE/daily/2011/07/PREdm20110707000000120IMPGS01GL.nc
Processing ../../../datasets/GIRAFE/daily/2011/07/PREdm20110708000000120IMPGS01GL.nc
Processing ../../../datasets/GIRAFE/daily/2011/07/PREdm20110709000000120IMPGS01GL.nc
Processing ../../../datasets/GIRAFE/daily/2011/07/PREdm20110710000000120IMPGS01GL.nc
Processing ../../../datasets/GIRAFE/daily/2011/07/PREdm20110711000000120IMPGS01GL.nc
Processing ../../../datasets/GIRAFE/daily/2011/07/PREdm20110712000000120IMPGS01GL.nc
Processing ../../../datasets/GIRAFE/daily/2011/07/PREdm20110713000000120IMPGS01GL.nc
Processing ../../../datasets/GIRAFE/daily/2011/07/PREdm20110714000000120IMPGS01GL.nc
Processing ../../../datasets/GIRAFE/daily/2011/07/PREdm20110715000000120IMPGS01GL.nc
Processing ../../../datasets/GIRAFE/daily/2011/07/PREdm20110716000000120IMPGS01GL.nc
Processing ../../../datasets/GIRAFE/daily/2011/07/PREdm20110717000000120IMPGS01GL.nc
Processing ../../../datasets/GIRAFE/daily/2011/07/PREdm20110718000000120IMPGS01GL.nc
Processing ../../../datasets/GIRAFE/daily/2011/07/PREdm20110719000000120IMPGS01GL.nc
Processing ../../../datasets/GIRAFE/daily/2011/07/PREdm20110720000000120IMPGS01GL.nc
Processing ../../../datasets/GIRAFE/daily/2011/07/PREdm20110721000000120IMPGS01GL.nc
Processing ../../../datasets/GIRAFE/daily/2011/07/PREdm20110722000000120IMPGS01GL.nc
Processing ../../../datasets/GIRAFE/daily/2011/07/PREdm20110723000000120IMPGS01GL.nc
Processing ../../../datasets/GIRAFE/daily/2011/07/PREdm20110724000000120IMPGS01GL.nc
Processing ../../../datasets/GIRAFE/daily/2011/07/PREdm20110725000000120IMPGS01GL.nc
Processing ../../../datasets/GIRAFE/daily/2011/07/PREdm20110726000000120IMPGS01GL.nc
Processing ../../../datasets/GIRAFE/daily/2011/07/PREdm20110727000000120IMPGS01GL.nc
Processing ../../../datasets/GIRAFE/daily/2011/07/PREdm20110728000000120IMPGS01GL.nc
Processing ../../../datasets/GIRAFE/daily/2011/07/PREdm20110729000000120IMPGS01GL.nc
Processing ../../../datasets/GIRAFE/daily/2011/07/PREdm20110730000000120IMPGS01GL.nc
Processing ../../../datasets/GIRAFE/daily/2011/07/PREdm20110731000000120IMPGS01GL.nc
Processing ../../../datasets/GIRAFE/daily/2011/08/PREdm20110801000000120IMPGS01GL.nc
Processing ../../../datasets/GIRAFE/daily/2011/08/PREdm20110802000000120IMPGS01GL.nc
Processing ../../../datasets/GIRAFE/daily/2011/08/PREdm20110803000000120IMPGS01GL.nc
Processing ../../../datasets/GIRAFE/daily/2011/08/PREdm20110804000000120IMPGS01GL.nc
Processing ../../../datasets/GIRAFE/daily/2011/08/PREdm20110805000000120IMPGS01GL.nc
Processing ../../../datasets/GIRAFE/daily/2011/08/PREdm20110806000000120IMPGS01GL.nc
Processing ../../../datasets/GIRAFE/daily/2011/08/PREdm20110807000000120IMPGS01GL.nc
Processing ../../../datasets/GIRAFE/daily/2011/08/PREdm20110808000000120IMPGS01GL.nc
Processing ../../../datasets/GIRAFE/daily/2011/08/PREdm20110809000000120IMPGS01GL.nc
Processing ../../../datasets/GIRAFE/daily/2011/08/PREdm20110810000000120IMPGS01GL.nc
Processing ../../../datasets/GIRAFE/daily/2011/08/PREdm20110811000000120IMPGS01GL.nc
Processing ../../../datasets/GIRAFE/daily/2011/08/PREdm20110812000000120IMPGS01GL.nc
Processing ../../../datasets/GIRAFE/daily/2011/08/PREdm20110813000000120IMPGS01GL.nc
Processing ../../../datasets/GIRAFE/daily/2011/08/PREdm20110814000000120IMPGS01GL.nc
Processing ../../../datasets/GIRAFE/daily/2011/08/PREdm20110815000000120IMPGS01GL.nc
Processing ../../../datasets/GIRAFE/daily/2011/08/PREdm20110816000000120IMPGS01GL.nc
Processing ../../../datasets/GIRAFE/daily/2011/08/PREdm20110817000000120IMPGS01GL.nc
Processing ../../../datasets/GIRAFE/daily/2011/08/PREdm20110818000000120IMPGS01GL.nc
Processing ../../../datasets/GIRAFE/daily/2011/08/PREdm20110819000000120IMPGS01GL.nc
Processing ../../../datasets/GIRAFE/daily/2011/08/PREdm20110820000000120IMPGS01GL.nc
Processing ../../../datasets/GIRAFE/daily/2011/08/PREdm20110821000000120IMPGS01GL.nc
Processing ../../../datasets/GIRAFE/daily/2011/08/PREdm20110822000000120IMPGS01GL.nc
Processing ../../../datasets/GIRAFE/daily/2011/08/PREdm20110823000000120IMPGS01GL.nc
Processing ../../../datasets/GIRAFE/daily/2011/08/PREdm20110824000000120IMPGS01GL.nc
Processing ../../../datasets/GIRAFE/daily/2011/08/PREdm20110825000000120IMPGS01GL.nc
Processing ../../../datasets/GIRAFE/daily/2011/08/PREdm20110826000000120IMPGS01GL.nc
Processing ../../../datasets/GIRAFE/daily/2011/08/PREdm20110827000000120IMPGS01GL.nc
Processing ../../../datasets/GIRAFE/daily/2011/08/PREdm20110828000000120IMPGS01GL.nc
Processing ../../../datasets/GIRAFE/daily/2011/08/PREdm20110829000000120IMPGS01GL.nc
Processing ../../../datasets/GIRAFE/daily/2011/08/PREdm20110830000000120IMPGS01GL.nc
Processing ../../../datasets/GIRAFE/daily/2011/08/PREdm20110831000000120IMPGS01GL.nc
Processing ../../../datasets/GIRAFE/daily/2011/09/PREdm20110901000000120IMPGS01GL.nc
Processing ../../../datasets/GIRAFE/daily/2011/09/PREdm20110902000000120IMPGS01GL.nc
Processing ../../../datasets/GIRAFE/daily/2011/09/PREdm20110903000000120IMPGS01GL.nc
Processing ../../../datasets/GIRAFE/daily/2011/09/PREdm20110904000000120IMPGS01GL.nc
Processing ../../../datasets/GIRAFE/daily/2011/09/PREdm20110905000000120IMPGS01GL.nc
Processing ../../../datasets/GIRAFE/daily/2011/09/PREdm20110906000000120IMPGS01GL.nc
Processing ../../../datasets/GIRAFE/daily/2011/09/PREdm20110907000000120IMPGS01GL.nc
Processing ../../../datasets/GIRAFE/daily/2011/09/PREdm20110908000000120IMPGS01GL.nc
Processing ../../../datasets/GIRAFE/daily/2011/09/PREdm20110909000000120IMPGS01GL.nc
Processing ../../../datasets/GIRAFE/daily/2011/09/PREdm20110910000000120IMPGS01GL.nc
Processing ../../../datasets/GIRAFE/daily/2011/09/PREdm20110911000000120IMPGS01GL.nc
Processing ../../../datasets/GIRAFE/daily/2011/09/PREdm20110912000000120IMPGS01GL.nc
Processing ../../../datasets/GIRAFE/daily/2011/09/PREdm20110913000000120IMPGS01GL.nc
Processing ../../../datasets/GIRAFE/daily/2011/09/PREdm20110914000000120IMPGS01GL.nc
Processing ../../../datasets/GIRAFE/daily/2011/09/PREdm20110915000000120IMPGS01GL.nc
Processing ../../../datasets/GIRAFE/daily/2011/09/PREdm20110916000000120IMPGS01GL.nc
Processing ../../../datasets/GIRAFE/daily/2011/09/PREdm20110917000000120IMPGS01GL.nc
Processing ../../../datasets/GIRAFE/daily/2011/09/PREdm20110918000000120IMPGS01GL.nc
Processing ../../../datasets/GIRAFE/daily/2011/09/PREdm20110919000000120IMPGS01GL.nc
Processing ../../../datasets/GIRAFE/daily/2011/09/PREdm20110920000000120IMPGS01GL.nc
Processing ../../../datasets/GIRAFE/daily/2011/09/PREdm20110921000000120IMPGS01GL.nc
Processing ../../../datasets/GIRAFE/daily/2011/09/PREdm20110922000000120IMPGS01GL.nc
Processing ../../../datasets/GIRAFE/daily/2011/09/PREdm20110923000000120IMPGS01GL.nc
Processing ../../../datasets/GIRAFE/daily/2011/09/PREdm20110924000000120IMPGS01GL.nc
Processing ../../../datasets/GIRAFE/daily/2011/09/PREdm20110925000000120IMPGS01GL.nc
Processing ../../../datasets/GIRAFE/daily/2011/09/PREdm20110926000000120IMPGS01GL.nc
Processing ../../../datasets/GIRAFE/daily/2011/09/PREdm20110927000000120IMPGS01GL.nc
Processing ../../../datasets/GIRAFE/daily/2011/09/PREdm20110928000000120IMPGS01GL.nc
Processing ../../../datasets/GIRAFE/daily/2011/09/PREdm20110929000000120IMPGS01GL.nc
Processing ../../../datasets/GIRAFE/daily/2011/09/PREdm20110930000000120IMPGS01GL.nc
Processing ../../../datasets/GIRAFE/daily/2011/10/PREdm20111001000000120IMPGS01GL.nc
Processing ../../../datasets/GIRAFE/daily/2011/10/PREdm20111002000000120IMPGS01GL.nc
Processing ../../../datasets/GIRAFE/daily/2011/10/PREdm20111003000000120IMPGS01GL.nc
Processing ../../../datasets/GIRAFE/daily/2011/10/PREdm20111004000000120IMPGS01GL.nc
Processing ../../../datasets/GIRAFE/daily/2011/10/PREdm20111005000000120IMPGS01GL.nc
Processing ../../../datasets/GIRAFE/daily/2011/10/PREdm20111006000000120IMPGS01GL.nc
Processing ../../../datasets/GIRAFE/daily/2011/10/PREdm20111007000000120IMPGS01GL.nc
Processing ../../../datasets/GIRAFE/daily/2011/10/PREdm20111008000000120IMPGS01GL.nc
Processing ../../../datasets/GIRAFE/daily/2011/10/PREdm20111009000000120IMPGS01GL.nc
Processing ../../../datasets/GIRAFE/daily/2011/10/PREdm20111010000000120IMPGS01GL.nc
Processing ../../../datasets/GIRAFE/daily/2011/10/PREdm20111011000000120IMPGS01GL.nc
Processing ../../../datasets/GIRAFE/daily/2011/10/PREdm20111012000000120IMPGS01GL.nc
Processing ../../../datasets/GIRAFE/daily/2011/10/PREdm20111013000000120IMPGS01GL.nc
Processing ../../../datasets/GIRAFE/daily/2011/10/PREdm20111014000000120IMPGS01GL.nc
Processing ../../../datasets/GIRAFE/daily/2011/10/PREdm20111015000000120IMPGS01GL.nc
Processing ../../../datasets/GIRAFE/daily/2011/10/PREdm20111016000000120IMPGS01GL.nc
Processing ../../../datasets/GIRAFE/daily/2011/10/PREdm20111017000000120IMPGS01GL.nc
Processing ../../../datasets/GIRAFE/daily/2011/10/PREdm20111018000000120IMPGS01GL.nc
Processing ../../../datasets/GIRAFE/daily/2011/10/PREdm20111019000000120IMPGS01GL.nc
Processing ../../../datasets/GIRAFE/daily/2011/10/PREdm20111020000000120IMPGS01GL.nc
Processing ../../../datasets/GIRAFE/daily/2011/10/PREdm20111021000000120IMPGS01GL.nc
Processing ../../../datasets/GIRAFE/daily/2011/10/PREdm20111022000000120IMPGS01GL.nc
Processing ../../../datasets/GIRAFE/daily/2011/10/PREdm20111023000000120IMPGS01GL.nc
Processing ../../../datasets/GIRAFE/daily/2011/10/PREdm20111024000000120IMPGS01GL.nc
Processing ../../../datasets/GIRAFE/daily/2011/10/PREdm20111025000000120IMPGS01GL.nc
Processing ../../../datasets/GIRAFE/daily/2011/10/PREdm20111026000000120IMPGS01GL.nc
Processing ../../../datasets/GIRAFE/daily/2011/10/PREdm20111027000000120IMPGS01GL.nc
Processing ../../../datasets/GIRAFE/daily/2011/10/PREdm20111028000000120IMPGS01GL.nc
Processing ../../../datasets/GIRAFE/daily/2011/10/PREdm20111029000000120IMPGS01GL.nc
Processing ../../../datasets/GIRAFE/daily/2011/10/PREdm20111030000000120IMPGS01GL.nc
Processing ../../../datasets/GIRAFE/daily/2011/10/PREdm20111031000000120IMPGS01GL.nc
Processing ../../../datasets/GIRAFE/daily/2011/11/PREdm20111101000000120IMPGS01GL.nc
Processing ../../../datasets/GIRAFE/daily/2011/11/PREdm20111102000000120IMPGS01GL.nc
Processing ../../../datasets/GIRAFE/daily/2011/11/PREdm20111103000000120IMPGS01GL.nc
Processing ../../../datasets/GIRAFE/daily/2011/11/PREdm20111104000000120IMPGS01GL.nc
Processing ../../../datasets/GIRAFE/daily/2011/11/PREdm20111105000000120IMPGS01GL.nc
Processing ../../../datasets/GIRAFE/daily/2011/11/PREdm20111106000000120IMPGS01GL.nc
Processing ../../../datasets/GIRAFE/daily/2011/11/PREdm20111107000000120IMPGS01GL.nc
Processing ../../../datasets/GIRAFE/daily/2011/11/PREdm20111108000000120IMPGS01GL.nc
Processing ../../../datasets/GIRAFE/daily/2011/11/PREdm20111109000000120IMPGS01GL.nc
Processing ../../../datasets/GIRAFE/daily/2011/11/PREdm20111110000000120IMPGS01GL.nc
Processing ../../../datasets/GIRAFE/daily/2011/11/PREdm20111111000000120IMPGS01GL.nc
Processing ../../../datasets/GIRAFE/daily/2011/11/PREdm20111112000000120IMPGS01GL.nc
Processing ../../../datasets/GIRAFE/daily/2011/11/PREdm20111113000000120IMPGS01GL.nc
Processing ../../../datasets/GIRAFE/daily/2011/11/PREdm20111114000000120IMPGS01GL.nc
Processing ../../../datasets/GIRAFE/daily/2011/11/PREdm20111115000000120IMPGS01GL.nc
Processing ../../../datasets/GIRAFE/daily/2011/11/PREdm20111116000000120IMPGS01GL.nc
Processing ../../../datasets/GIRAFE/daily/2011/11/PREdm20111117000000120IMPGS01GL.nc
Processing ../../../datasets/GIRAFE/daily/2011/11/PREdm20111118000000120IMPGS01GL.nc
Processing ../../../datasets/GIRAFE/daily/2011/11/PREdm20111119000000120IMPGS01GL.nc
Processing ../../../datasets/GIRAFE/daily/2011/11/PREdm20111120000000120IMPGS01GL.nc
Processing ../../../datasets/GIRAFE/daily/2011/11/PREdm20111121000000120IMPGS01GL.nc
Processing ../../../datasets/GIRAFE/daily/2011/11/PREdm20111122000000120IMPGS01GL.nc
Processing ../../../datasets/GIRAFE/daily/2011/11/PREdm20111123000000120IMPGS01GL.nc
Processing ../../../datasets/GIRAFE/daily/2011/11/PREdm20111124000000120IMPGS01GL.nc
Processing ../../../datasets/GIRAFE/daily/2011/11/PREdm20111125000000120IMPGS01GL.nc
Processing ../../../datasets/GIRAFE/daily/2011/11/PREdm20111126000000120IMPGS01GL.nc
Processing ../../../datasets/GIRAFE/daily/2011/11/PREdm20111127000000120IMPGS01GL.nc
Processing ../../../datasets/GIRAFE/daily/2011/11/PREdm20111128000000120IMPGS01GL.nc
Processing ../../../datasets/GIRAFE/daily/2011/11/PREdm20111129000000120IMPGS01GL.nc
Processing ../../../datasets/GIRAFE/daily/2011/11/PREdm20111130000000120IMPGS01GL.nc
Processing ../../../datasets/GIRAFE/daily/2011/12/PREdm20111201000000120IMPGS01GL.nc
Processing ../../../datasets/GIRAFE/daily/2011/12/PREdm20111202000000120IMPGS01GL.nc
Processing ../../../datasets/GIRAFE/daily/2011/12/PREdm20111203000000120IMPGS01GL.nc
Processing ../../../datasets/GIRAFE/daily/2011/12/PREdm20111204000000120IMPGS01GL.nc
Processing ../../../datasets/GIRAFE/daily/2011/12/PREdm20111205000000120IMPGS01GL.nc
Processing ../../../datasets/GIRAFE/daily/2011/12/PREdm20111206000000120IMPGS01GL.nc
Processing ../../../datasets/GIRAFE/daily/2011/12/PREdm20111207000000120IMPGS01GL.nc
Processing ../../../datasets/GIRAFE/daily/2011/12/PREdm20111208000000120IMPGS01GL.nc
Processing ../../../datasets/GIRAFE/daily/2011/12/PREdm20111209000000120IMPGS01GL.nc
Processing ../../../datasets/GIRAFE/daily/2011/12/PREdm20111210000000120IMPGS01GL.nc
Processing ../../../datasets/GIRAFE/daily/2011/12/PREdm20111211000000120IMPGS01GL.nc
Processing ../../../datasets/GIRAFE/daily/2011/12/PREdm20111212000000120IMPGS01GL.nc
Processing ../../../datasets/GIRAFE/daily/2011/12/PREdm20111213000000120IMPGS01GL.nc
Processing ../../../datasets/GIRAFE/daily/2011/12/PREdm20111214000000120IMPGS01GL.nc
Processing ../../../datasets/GIRAFE/daily/2011/12/PREdm20111215000000120IMPGS01GL.nc
Processing ../../../datasets/GIRAFE/daily/2011/12/PREdm20111216000000120IMPGS01GL.nc
Processing ../../../datasets/GIRAFE/daily/2011/12/PREdm20111217000000120IMPGS01GL.nc
Processing ../../../datasets/GIRAFE/daily/2011/12/PREdm20111218000000120IMPGS01GL.nc
Processing ../../../datasets/GIRAFE/daily/2011/12/PREdm20111219000000120IMPGS01GL.nc
Processing ../../../datasets/GIRAFE/daily/2011/12/PREdm20111220000000120IMPGS01GL.nc
Processing ../../../datasets/GIRAFE/daily/2011/12/PREdm20111221000000120IMPGS01GL.nc
Processing ../../../datasets/GIRAFE/daily/2011/12/PREdm20111222000000120IMPGS01GL.nc
Processing ../../../datasets/GIRAFE/daily/2011/12/PREdm20111223000000120IMPGS01GL.nc
Processing ../../../datasets/GIRAFE/daily/2011/12/PREdm20111224000000120IMPGS01GL.nc
Processing ../../../datasets/GIRAFE/daily/2011/12/PREdm20111225000000120IMPGS01GL.nc
Processing ../../../datasets/GIRAFE/daily/2011/12/PREdm20111226000000120IMPGS01GL.nc
Processing ../../../datasets/GIRAFE/daily/2011/12/PREdm20111227000000120IMPGS01GL.nc
Processing ../../../datasets/GIRAFE/daily/2011/12/PREdm20111228000000120IMPGS01GL.nc
Processing ../../../datasets/GIRAFE/daily/2011/12/PREdm20111229000000120IMPGS01GL.nc
Processing ../../../datasets/GIRAFE/daily/2011/12/PREdm20111230000000120IMPGS01GL.nc
Processing ../../../datasets/GIRAFE/daily/2011/12/PREdm20111231000000120IMPGS01GL.nc
Processing ../../../datasets/GIRAFE/daily/2012/01/PREdm20120101000000120IMPGS01GL.nc
Processing ../../../datasets/GIRAFE/daily/2012/01/PREdm20120102000000120IMPGS01GL.nc
Processing ../../../datasets/GIRAFE/daily/2012/01/PREdm20120103000000120IMPGS01GL.nc
Processing ../../../datasets/GIRAFE/daily/2012/01/PREdm20120104000000120IMPGS01GL.nc
Processing ../../../datasets/GIRAFE/daily/2012/01/PREdm20120105000000120IMPGS01GL.nc
Processing ../../../datasets/GIRAFE/daily/2012/01/PREdm20120106000000120IMPGS01GL.nc
Processing ../../../datasets/GIRAFE/daily/2012/01/PREdm20120107000000120IMPGS01GL.nc
Processing ../../../datasets/GIRAFE/daily/2012/01/PREdm20120108000000120IMPGS01GL.nc
Processing ../../../datasets/GIRAFE/daily/2012/01/PREdm20120109000000120IMPGS01GL.nc
Processing ../../../datasets/GIRAFE/daily/2012/01/PREdm20120110000000120IMPGS01GL.nc
Processing ../../../datasets/GIRAFE/daily/2012/01/PREdm20120111000000120IMPGS01GL.nc
Processing ../../../datasets/GIRAFE/daily/2012/01/PREdm20120112000000120IMPGS01GL.nc
Processing ../../../datasets/GIRAFE/daily/2012/01/PREdm20120113000000120IMPGS01GL.nc
Processing ../../../datasets/GIRAFE/daily/2012/01/PREdm20120114000000120IMPGS01GL.nc
Processing ../../../datasets/GIRAFE/daily/2012/01/PREdm20120115000000120IMPGS01GL.nc
Processing ../../../datasets/GIRAFE/daily/2012/01/PREdm20120116000000120IMPGS01GL.nc
Processing ../../../datasets/GIRAFE/daily/2012/01/PREdm20120117000000120IMPGS01GL.nc
Processing ../../../datasets/GIRAFE/daily/2012/01/PREdm20120118000000120IMPGS01GL.nc
Processing ../../../datasets/GIRAFE/daily/2012/01/PREdm20120119000000120IMPGS01GL.nc
Processing ../../../datasets/GIRAFE/daily/2012/01/PREdm20120120000000120IMPGS01GL.nc
Processing ../../../datasets/GIRAFE/daily/2012/01/PREdm20120121000000120IMPGS01GL.nc
Processing ../../../datasets/GIRAFE/daily/2012/01/PREdm20120122000000120IMPGS01GL.nc
Processing ../../../datasets/GIRAFE/daily/2012/01/PREdm20120123000000120IMPGS01GL.nc
Processing ../../../datasets/GIRAFE/daily/2012/01/PREdm20120124000000120IMPGS01GL.nc
Processing ../../../datasets/GIRAFE/daily/2012/01/PREdm20120125000000120IMPGS01GL.nc
Processing ../../../datasets/GIRAFE/daily/2012/01/PREdm20120126000000120IMPGS01GL.nc
Processing ../../../datasets/GIRAFE/daily/2012/01/PREdm20120127000000120IMPGS01GL.nc
Processing ../../../datasets/GIRAFE/daily/2012/01/PREdm20120128000000120IMPGS01GL.nc
Processing ../../../datasets/GIRAFE/daily/2012/01/PREdm20120129000000120IMPGS01GL.nc
Processing ../../../datasets/GIRAFE/daily/2012/01/PREdm20120130000000120IMPGS01GL.nc
Processing ../../../datasets/GIRAFE/daily/2012/01/PREdm20120131000000120IMPGS01GL.nc
Processing ../../../datasets/GIRAFE/daily/2012/02/PREdm20120201000000120IMPGS01GL.nc
Processing ../../../datasets/GIRAFE/daily/2012/02/PREdm20120202000000120IMPGS01GL.nc
Processing ../../../datasets/GIRAFE/daily/2012/02/PREdm20120203000000120IMPGS01GL.nc
Processing ../../../datasets/GIRAFE/daily/2012/02/PREdm20120204000000120IMPGS01GL.nc
Processing ../../../datasets/GIRAFE/daily/2012/02/PREdm20120205000000120IMPGS01GL.nc
Processing ../../../datasets/GIRAFE/daily/2012/02/PREdm20120206000000120IMPGS01GL.nc
Processing ../../../datasets/GIRAFE/daily/2012/02/PREdm20120207000000120IMPGS01GL.nc
Processing ../../../datasets/GIRAFE/daily/2012/02/PREdm20120208000000120IMPGS01GL.nc
Processing ../../../datasets/GIRAFE/daily/2012/02/PREdm20120209000000120IMPGS01GL.nc
Processing ../../../datasets/GIRAFE/daily/2012/02/PREdm20120210000000120IMPGS01GL.nc
Processing ../../../datasets/GIRAFE/daily/2012/02/PREdm20120211000000120IMPGS01GL.nc
Processing ../../../datasets/GIRAFE/daily/2012/02/PREdm20120212000000120IMPGS01GL.nc
Processing ../../../datasets/GIRAFE/daily/2012/02/PREdm20120213000000120IMPGS01GL.nc
Processing ../../../datasets/GIRAFE/daily/2012/02/PREdm20120214000000120IMPGS01GL.nc
Processing ../../../datasets/GIRAFE/daily/2012/02/PREdm20120215000000120IMPGS01GL.nc
Processing ../../../datasets/GIRAFE/daily/2012/02/PREdm20120216000000120IMPGS01GL.nc
Processing ../../../datasets/GIRAFE/daily/2012/02/PREdm20120217000000120IMPGS01GL.nc
Processing ../../../datasets/GIRAFE/daily/2012/02/PREdm20120218000000120IMPGS01GL.nc
Processing ../../../datasets/GIRAFE/daily/2012/02/PREdm20120219000000120IMPGS01GL.nc
Processing ../../../datasets/GIRAFE/daily/2012/02/PREdm20120220000000120IMPGS01GL.nc
Processing ../../../datasets/GIRAFE/daily/2012/02/PREdm20120221000000120IMPGS01GL.nc
Processing ../../../datasets/GIRAFE/daily/2012/02/PREdm20120222000000120IMPGS01GL.nc
Processing ../../../datasets/GIRAFE/daily/2012/02/PREdm20120223000000120IMPGS01GL.nc
Processing ../../../datasets/GIRAFE/daily/2012/02/PREdm20120224000000120IMPGS01GL.nc
Processing ../../../datasets/GIRAFE/daily/2012/02/PREdm20120225000000120IMPGS01GL.nc
Processing ../../../datasets/GIRAFE/daily/2012/02/PREdm20120226000000120IMPGS01GL.nc
Processing ../../../datasets/GIRAFE/daily/2012/02/PREdm20120227000000120IMPGS01GL.nc
Processing ../../../datasets/GIRAFE/daily/2012/02/PREdm20120228000000120IMPGS01GL.nc
Processing ../../../datasets/GIRAFE/daily/2012/02/PREdm20120229000000120IMPGS01GL.nc
Processing ../../../datasets/GIRAFE/daily/2012/03/PREdm20120301000000120IMPGS01GL.nc
Processing ../../../datasets/GIRAFE/daily/2012/03/PREdm20120302000000120IMPGS01GL.nc
Processing ../../../datasets/GIRAFE/daily/2012/03/PREdm20120303000000120IMPGS01GL.nc
Processing ../../../datasets/GIRAFE/daily/2012/03/PREdm20120304000000120IMPGS01GL.nc
Processing ../../../datasets/GIRAFE/daily/2012/03/PREdm20120305000000120IMPGS01GL.nc
Processing ../../../datasets/GIRAFE/daily/2012/03/PREdm20120306000000120IMPGS01GL.nc
Processing ../../../datasets/GIRAFE/daily/2012/03/PREdm20120307000000120IMPGS01GL.nc
Processing ../../../datasets/GIRAFE/daily/2012/03/PREdm20120308000000120IMPGS01GL.nc
Processing ../../../datasets/GIRAFE/daily/2012/03/PREdm20120309000000120IMPGS01GL.nc
Processing ../../../datasets/GIRAFE/daily/2012/03/PREdm20120310000000120IMPGS01GL.nc
Processing ../../../datasets/GIRAFE/daily/2012/03/PREdm20120311000000120IMPGS01GL.nc
Processing ../../../datasets/GIRAFE/daily/2012/03/PREdm20120312000000120IMPGS01GL.nc
Processing ../../../datasets/GIRAFE/daily/2012/03/PREdm20120313000000120IMPGS01GL.nc
Processing ../../../datasets/GIRAFE/daily/2012/03/PREdm20120314000000120IMPGS01GL.nc
Processing ../../../datasets/GIRAFE/daily/2012/03/PREdm20120315000000120IMPGS01GL.nc
Processing ../../../datasets/GIRAFE/daily/2012/03/PREdm20120316000000120IMPGS01GL.nc
Processing ../../../datasets/GIRAFE/daily/2012/03/PREdm20120317000000120IMPGS01GL.nc
Processing ../../../datasets/GIRAFE/daily/2012/03/PREdm20120318000000120IMPGS01GL.nc
Processing ../../../datasets/GIRAFE/daily/2012/03/PREdm20120319000000120IMPGS01GL.nc
Processing ../../../datasets/GIRAFE/daily/2012/03/PREdm20120320000000120IMPGS01GL.nc
Processing ../../../datasets/GIRAFE/daily/2012/03/PREdm20120321000000120IMPGS01GL.nc
Processing ../../../datasets/GIRAFE/daily/2012/03/PREdm20120322000000120IMPGS01GL.nc
Processing ../../../datasets/GIRAFE/daily/2012/03/PREdm20120323000000120IMPGS01GL.nc
Processing ../../../datasets/GIRAFE/daily/2012/03/PREdm20120324000000120IMPGS01GL.nc
Processing ../../../datasets/GIRAFE/daily/2012/03/PREdm20120325000000120IMPGS01GL.nc
Processing ../../../datasets/GIRAFE/daily/2012/03/PREdm20120326000000120IMPGS01GL.nc
Processing ../../../datasets/GIRAFE/daily/2012/03/PREdm20120327000000120IMPGS01GL.nc
Processing ../../../datasets/GIRAFE/daily/2012/03/PREdm20120328000000120IMPGS01GL.nc
Processing ../../../datasets/GIRAFE/daily/2012/03/PREdm20120329000000120IMPGS01GL.nc
Processing ../../../datasets/GIRAFE/daily/2012/03/PREdm20120330000000120IMPGS01GL.nc
Processing ../../../datasets/GIRAFE/daily/2012/03/PREdm20120331000000120IMPGS01GL.nc
Processing ../../../datasets/GIRAFE/daily/2012/04/PREdm20120401000000120IMPGS01GL.nc
Processing ../../../datasets/GIRAFE/daily/2012/04/PREdm20120402000000120IMPGS01GL.nc
Processing ../../../datasets/GIRAFE/daily/2012/04/PREdm20120403000000120IMPGS01GL.nc
Processing ../../../datasets/GIRAFE/daily/2012/04/PREdm20120404000000120IMPGS01GL.nc
Processing ../../../datasets/GIRAFE/daily/2012/04/PREdm20120405000000120IMPGS01GL.nc
Processing ../../../datasets/GIRAFE/daily/2012/04/PREdm20120406000000120IMPGS01GL.nc
Processing ../../../datasets/GIRAFE/daily/2012/04/PREdm20120407000000120IMPGS01GL.nc
Processing ../../../datasets/GIRAFE/daily/2012/04/PREdm20120408000000120IMPGS01GL.nc
Processing ../../../datasets/GIRAFE/daily/2012/04/PREdm20120409000000120IMPGS01GL.nc
Processing ../../../datasets/GIRAFE/daily/2012/04/PREdm20120410000000120IMPGS01GL.nc
Processing ../../../datasets/GIRAFE/daily/2012/04/PREdm20120411000000120IMPGS01GL.nc
Processing ../../../datasets/GIRAFE/daily/2012/04/PREdm20120412000000120IMPGS01GL.nc
Processing ../../../datasets/GIRAFE/daily/2012/04/PREdm20120413000000120IMPGS01GL.nc
Processing ../../../datasets/GIRAFE/daily/2012/04/PREdm20120414000000120IMPGS01GL.nc
Processing ../../../datasets/GIRAFE/daily/2012/04/PREdm20120415000000120IMPGS01GL.nc
Processing ../../../datasets/GIRAFE/daily/2012/04/PREdm20120416000000120IMPGS01GL.nc
Processing ../../../datasets/GIRAFE/daily/2012/04/PREdm20120417000000120IMPGS01GL.nc
Processing ../../../datasets/GIRAFE/daily/2012/04/PREdm20120418000000120IMPGS01GL.nc
Processing ../../../datasets/GIRAFE/daily/2012/04/PREdm20120419000000120IMPGS01GL.nc
Processing ../../../datasets/GIRAFE/daily/2012/04/PREdm20120420000000120IMPGS01GL.nc
Processing ../../../datasets/GIRAFE/daily/2012/04/PREdm20120421000000120IMPGS01GL.nc
Processing ../../../datasets/GIRAFE/daily/2012/04/PREdm20120422000000120IMPGS01GL.nc
Processing ../../../datasets/GIRAFE/daily/2012/04/PREdm20120423000000120IMPGS01GL.nc
Processing ../../../datasets/GIRAFE/daily/2012/04/PREdm20120424000000120IMPGS01GL.nc
Processing ../../../datasets/GIRAFE/daily/2012/04/PREdm20120425000000120IMPGS01GL.nc
Processing ../../../datasets/GIRAFE/daily/2012/04/PREdm20120426000000120IMPGS01GL.nc
Processing ../../../datasets/GIRAFE/daily/2012/04/PREdm20120427000000120IMPGS01GL.nc
Processing ../../../datasets/GIRAFE/daily/2012/04/PREdm20120428000000120IMPGS01GL.nc
Processing ../../../datasets/GIRAFE/daily/2012/04/PREdm20120429000000120IMPGS01GL.nc
Processing ../../../datasets/GIRAFE/daily/2012/04/PREdm20120430000000120IMPGS01GL.nc
Processing ../../../datasets/GIRAFE/daily/2012/05/PREdm20120501000000120IMPGS01GL.nc
Processing ../../../datasets/GIRAFE/daily/2012/05/PREdm20120502000000120IMPGS01GL.nc
Processing ../../../datasets/GIRAFE/daily/2012/05/PREdm20120503000000120IMPGS01GL.nc
Processing ../../../datasets/GIRAFE/daily/2012/05/PREdm20120504000000120IMPGS01GL.nc
Processing ../../../datasets/GIRAFE/daily/2012/05/PREdm20120505000000120IMPGS01GL.nc
Processing ../../../datasets/GIRAFE/daily/2012/05/PREdm20120506000000120IMPGS01GL.nc
Processing ../../../datasets/GIRAFE/daily/2012/05/PREdm20120507000000120IMPGS01GL.nc
Processing ../../../datasets/GIRAFE/daily/2012/05/PREdm20120508000000120IMPGS01GL.nc
Processing ../../../datasets/GIRAFE/daily/2012/05/PREdm20120509000000120IMPGS01GL.nc
Processing ../../../datasets/GIRAFE/daily/2012/05/PREdm20120510000000120IMPGS01GL.nc
Processing ../../../datasets/GIRAFE/daily/2012/05/PREdm20120511000000120IMPGS01GL.nc
Processing ../../../datasets/GIRAFE/daily/2012/05/PREdm20120512000000120IMPGS01GL.nc
Processing ../../../datasets/GIRAFE/daily/2012/05/PREdm20120513000000120IMPGS01GL.nc
Processing ../../../datasets/GIRAFE/daily/2012/05/PREdm20120514000000120IMPGS01GL.nc
Processing ../../../datasets/GIRAFE/daily/2012/05/PREdm20120515000000120IMPGS01GL.nc
Processing ../../../datasets/GIRAFE/daily/2012/05/PREdm20120516000000120IMPGS01GL.nc
Processing ../../../datasets/GIRAFE/daily/2012/05/PREdm20120517000000120IMPGS01GL.nc
Processing ../../../datasets/GIRAFE/daily/2012/05/PREdm20120518000000120IMPGS01GL.nc
Processing ../../../datasets/GIRAFE/daily/2012/05/PREdm20120519000000120IMPGS01GL.nc
Processing ../../../datasets/GIRAFE/daily/2012/05/PREdm20120520000000120IMPGS01GL.nc
Processing ../../../datasets/GIRAFE/daily/2012/05/PREdm20120521000000120IMPGS01GL.nc
Processing ../../../datasets/GIRAFE/daily/2012/05/PREdm20120522000000120IMPGS01GL.nc
Processing ../../../datasets/GIRAFE/daily/2012/05/PREdm20120523000000120IMPGS01GL.nc
Processing ../../../datasets/GIRAFE/daily/2012/05/PREdm20120524000000120IMPGS01GL.nc
Processing ../../../datasets/GIRAFE/daily/2012/05/PREdm20120525000000120IMPGS01GL.nc
Processing ../../../datasets/GIRAFE/daily/2012/05/PREdm20120526000000120IMPGS01GL.nc
Processing ../../../datasets/GIRAFE/daily/2012/05/PREdm20120527000000120IMPGS01GL.nc
Processing ../../../datasets/GIRAFE/daily/2012/05/PREdm20120528000000120IMPGS01GL.nc
Processing ../../../datasets/GIRAFE/daily/2012/05/PREdm20120529000000120IMPGS01GL.nc
Processing ../../../datasets/GIRAFE/daily/2012/05/PREdm20120530000000120IMPGS01GL.nc
Processing ../../../datasets/GIRAFE/daily/2012/05/PREdm20120531000000120IMPGS01GL.nc
Processing ../../../datasets/GIRAFE/daily/2012/06/PREdm20120601000000120IMPGS01GL.nc
Processing ../../../datasets/GIRAFE/daily/2012/06/PREdm20120602000000120IMPGS01GL.nc
Processing ../../../datasets/GIRAFE/daily/2012/06/PREdm20120603000000120IMPGS01GL.nc
Processing ../../../datasets/GIRAFE/daily/2012/06/PREdm20120604000000120IMPGS01GL.nc
Processing ../../../datasets/GIRAFE/daily/2012/06/PREdm20120605000000120IMPGS01GL.nc
Processing ../../../datasets/GIRAFE/daily/2012/06/PREdm20120606000000120IMPGS01GL.nc
Processing ../../../datasets/GIRAFE/daily/2012/06/PREdm20120607000000120IMPGS01GL.nc
Processing ../../../datasets/GIRAFE/daily/2012/06/PREdm20120608000000120IMPGS01GL.nc
Processing ../../../datasets/GIRAFE/daily/2012/06/PREdm20120609000000120IMPGS01GL.nc
Processing ../../../datasets/GIRAFE/daily/2012/06/PREdm20120610000000120IMPGS01GL.nc
Processing ../../../datasets/GIRAFE/daily/2012/06/PREdm20120611000000120IMPGS01GL.nc
Processing ../../../datasets/GIRAFE/daily/2012/06/PREdm20120612000000120IMPGS01GL.nc
Processing ../../../datasets/GIRAFE/daily/2012/06/PREdm20120613000000120IMPGS01GL.nc
Processing ../../../datasets/GIRAFE/daily/2012/06/PREdm20120614000000120IMPGS01GL.nc
Processing ../../../datasets/GIRAFE/daily/2012/06/PREdm20120615000000120IMPGS01GL.nc
Processing ../../../datasets/GIRAFE/daily/2012/06/PREdm20120616000000120IMPGS01GL.nc
Processing ../../../datasets/GIRAFE/daily/2012/06/PREdm20120617000000120IMPGS01GL.nc
Processing ../../../datasets/GIRAFE/daily/2012/06/PREdm20120618000000120IMPGS01GL.nc
Processing ../../../datasets/GIRAFE/daily/2012/06/PREdm20120619000000120IMPGS01GL.nc
Processing ../../../datasets/GIRAFE/daily/2012/06/PREdm20120620000000120IMPGS01GL.nc
Processing ../../../datasets/GIRAFE/daily/2012/06/PREdm20120621000000120IMPGS01GL.nc
Processing ../../../datasets/GIRAFE/daily/2012/06/PREdm20120622000000120IMPGS01GL.nc
Processing ../../../datasets/GIRAFE/daily/2012/06/PREdm20120623000000120IMPGS01GL.nc
Processing ../../../datasets/GIRAFE/daily/2012/06/PREdm20120624000000120IMPGS01GL.nc
Processing ../../../datasets/GIRAFE/daily/2012/06/PREdm20120625000000120IMPGS01GL.nc
Processing ../../../datasets/GIRAFE/daily/2012/06/PREdm20120626000000120IMPGS01GL.nc
Processing ../../../datasets/GIRAFE/daily/2012/06/PREdm20120627000000120IMPGS01GL.nc
Processing ../../../datasets/GIRAFE/daily/2012/06/PREdm20120628000000120IMPGS01GL.nc
Processing ../../../datasets/GIRAFE/daily/2012/06/PREdm20120629000000120IMPGS01GL.nc
Processing ../../../datasets/GIRAFE/daily/2012/06/PREdm20120630000000120IMPGS01GL.nc
Processing ../../../datasets/GIRAFE/daily/2012/07/PREdm20120701000000120IMPGS01GL.nc
Processing ../../../datasets/GIRAFE/daily/2012/07/PREdm20120702000000120IMPGS01GL.nc
Processing ../../../datasets/GIRAFE/daily/2012/07/PREdm20120703000000120IMPGS01GL.nc
Processing ../../../datasets/GIRAFE/daily/2012/07/PREdm20120704000000120IMPGS01GL.nc
Processing ../../../datasets/GIRAFE/daily/2012/07/PREdm20120705000000120IMPGS01GL.nc
Processing ../../../datasets/GIRAFE/daily/2012/07/PREdm20120706000000120IMPGS01GL.nc
Processing ../../../datasets/GIRAFE/daily/2012/07/PREdm20120707000000120IMPGS01GL.nc
Processing ../../../datasets/GIRAFE/daily/2012/07/PREdm20120708000000120IMPGS01GL.nc
Processing ../../../datasets/GIRAFE/daily/2012/07/PREdm20120709000000120IMPGS01GL.nc
Processing ../../../datasets/GIRAFE/daily/2012/07/PREdm20120710000000120IMPGS01GL.nc
Processing ../../../datasets/GIRAFE/daily/2012/07/PREdm20120711000000120IMPGS01GL.nc
Processing ../../../datasets/GIRAFE/daily/2012/07/PREdm20120712000000120IMPGS01GL.nc
Processing ../../../datasets/GIRAFE/daily/2012/07/PREdm20120713000000120IMPGS01GL.nc
Processing ../../../datasets/GIRAFE/daily/2012/07/PREdm20120714000000120IMPGS01GL.nc
Processing ../../../datasets/GIRAFE/daily/2012/07/PREdm20120715000000120IMPGS01GL.nc
Processing ../../../datasets/GIRAFE/daily/2012/07/PREdm20120716000000120IMPGS01GL.nc
Processing ../../../datasets/GIRAFE/daily/2012/07/PREdm20120717000000120IMPGS01GL.nc
Processing ../../../datasets/GIRAFE/daily/2012/07/PREdm20120718000000120IMPGS01GL.nc
Processing ../../../datasets/GIRAFE/daily/2012/07/PREdm20120719000000120IMPGS01GL.nc
Processing ../../../datasets/GIRAFE/daily/2012/07/PREdm20120720000000120IMPGS01GL.nc
Processing ../../../datasets/GIRAFE/daily/2012/07/PREdm20120721000000120IMPGS01GL.nc
Processing ../../../datasets/GIRAFE/daily/2012/07/PREdm20120722000000120IMPGS01GL.nc
Processing ../../../datasets/GIRAFE/daily/2012/07/PREdm20120723000000120IMPGS01GL.nc
Processing ../../../datasets/GIRAFE/daily/2012/07/PREdm20120724000000120IMPGS01GL.nc
Processing ../../../datasets/GIRAFE/daily/2012/07/PREdm20120725000000120IMPGS01GL.nc
Processing ../../../datasets/GIRAFE/daily/2012/07/PREdm20120726000000120IMPGS01GL.nc
Processing ../../../datasets/GIRAFE/daily/2012/07/PREdm20120727000000120IMPGS01GL.nc
Processing ../../../datasets/GIRAFE/daily/2012/07/PREdm20120728000000120IMPGS01GL.nc
Processing ../../../datasets/GIRAFE/daily/2012/07/PREdm20120729000000120IMPGS01GL.nc
Processing ../../../datasets/GIRAFE/daily/2012/07/PREdm20120730000000120IMPGS01GL.nc
Processing ../../../datasets/GIRAFE/daily/2012/07/PREdm20120731000000120IMPGS01GL.nc
Processing ../../../datasets/GIRAFE/daily/2012/08/PREdm20120801000000120IMPGS01GL.nc
Processing ../../../datasets/GIRAFE/daily/2012/08/PREdm20120802000000120IMPGS01GL.nc
Processing ../../../datasets/GIRAFE/daily/2012/08/PREdm20120803000000120IMPGS01GL.nc
Processing ../../../datasets/GIRAFE/daily/2012/08/PREdm20120804000000120IMPGS01GL.nc
Processing ../../../datasets/GIRAFE/daily/2012/08/PREdm20120805000000120IMPGS01GL.nc
Processing ../../../datasets/GIRAFE/daily/2012/08/PREdm20120806000000120IMPGS01GL.nc
Processing ../../../datasets/GIRAFE/daily/2012/08/PREdm20120807000000120IMPGS01GL.nc
Processing ../../../datasets/GIRAFE/daily/2012/08/PREdm20120808000000120IMPGS01GL.nc
Processing ../../../datasets/GIRAFE/daily/2012/08/PREdm20120809000000120IMPGS01GL.nc
Processing ../../../datasets/GIRAFE/daily/2012/08/PREdm20120810000000120IMPGS01GL.nc
Processing ../../../datasets/GIRAFE/daily/2012/08/PREdm20120811000000120IMPGS01GL.nc
Processing ../../../datasets/GIRAFE/daily/2012/08/PREdm20120812000000120IMPGS01GL.nc
Processing ../../../datasets/GIRAFE/daily/2012/08/PREdm20120813000000120IMPGS01GL.nc
Processing ../../../datasets/GIRAFE/daily/2012/08/PREdm20120814000000120IMPGS01GL.nc
Processing ../../../datasets/GIRAFE/daily/2012/08/PREdm20120815000000120IMPGS01GL.nc
Processing ../../../datasets/GIRAFE/daily/2012/08/PREdm20120816000000120IMPGS01GL.nc
Processing ../../../datasets/GIRAFE/daily/2012/08/PREdm20120817000000120IMPGS01GL.nc
Processing ../../../datasets/GIRAFE/daily/2012/08/PREdm20120818000000120IMPGS01GL.nc
Processing ../../../datasets/GIRAFE/daily/2012/08/PREdm20120819000000120IMPGS01GL.nc
Processing ../../../datasets/GIRAFE/daily/2012/08/PREdm20120820000000120IMPGS01GL.nc
Processing ../../../datasets/GIRAFE/daily/2012/08/PREdm20120821000000120IMPGS01GL.nc
Processing ../../../datasets/GIRAFE/daily/2012/08/PREdm20120822000000120IMPGS01GL.nc
Processing ../../../datasets/GIRAFE/daily/2012/08/PREdm20120823000000120IMPGS01GL.nc
Processing ../../../datasets/GIRAFE/daily/2012/08/PREdm20120824000000120IMPGS01GL.nc
Processing ../../../datasets/GIRAFE/daily/2012/08/PREdm20120825000000120IMPGS01GL.nc
Processing ../../../datasets/GIRAFE/daily/2012/08/PREdm20120826000000120IMPGS01GL.nc
Processing ../../../datasets/GIRAFE/daily/2012/08/PREdm20120827000000120IMPGS01GL.nc
Processing ../../../datasets/GIRAFE/daily/2012/08/PREdm20120828000000120IMPGS01GL.nc
Processing ../../../datasets/GIRAFE/daily/2012/08/PREdm20120829000000120IMPGS01GL.nc
Processing ../../../datasets/GIRAFE/daily/2012/08/PREdm20120830000000120IMPGS01GL.nc
Processing ../../../datasets/GIRAFE/daily/2012/08/PREdm20120831000000120IMPGS01GL.nc
Processing ../../../datasets/GIRAFE/daily/2012/09/PREdm20120901000000120IMPGS01GL.nc
Processing ../../../datasets/GIRAFE/daily/2012/09/PREdm20120902000000120IMPGS01GL.nc
Processing ../../../datasets/GIRAFE/daily/2012/09/PREdm20120903000000120IMPGS01GL.nc
Processing ../../../datasets/GIRAFE/daily/2012/09/PREdm20120904000000120IMPGS01GL.nc
Processing ../../../datasets/GIRAFE/daily/2012/09/PREdm20120905000000120IMPGS01GL.nc
Processing ../../../datasets/GIRAFE/daily/2012/09/PREdm20120906000000120IMPGS01GL.nc
Processing ../../../datasets/GIRAFE/daily/2012/09/PREdm20120907000000120IMPGS01GL.nc
Processing ../../../datasets/GIRAFE/daily/2012/09/PREdm20120908000000120IMPGS01GL.nc
Processing ../../../datasets/GIRAFE/daily/2012/09/PREdm20120909000000120IMPGS01GL.nc
Processing ../../../datasets/GIRAFE/daily/2012/09/PREdm20120910000000120IMPGS01GL.nc
Processing ../../../datasets/GIRAFE/daily/2012/09/PREdm20120911000000120IMPGS01GL.nc
Processing ../../../datasets/GIRAFE/daily/2012/09/PREdm20120912000000120IMPGS01GL.nc
Processing ../../../datasets/GIRAFE/daily/2012/09/PREdm20120913000000120IMPGS01GL.nc
Processing ../../../datasets/GIRAFE/daily/2012/09/PREdm20120914000000120IMPGS01GL.nc
Processing ../../../datasets/GIRAFE/daily/2012/09/PREdm20120915000000120IMPGS01GL.nc
Processing ../../../datasets/GIRAFE/daily/2012/09/PREdm20120916000000120IMPGS01GL.nc
Processing ../../../datasets/GIRAFE/daily/2012/09/PREdm20120917000000120IMPGS01GL.nc
Processing ../../../datasets/GIRAFE/daily/2012/09/PREdm20120918000000120IMPGS01GL.nc
Processing ../../../datasets/GIRAFE/daily/2012/09/PREdm20120919000000120IMPGS01GL.nc
Processing ../../../datasets/GIRAFE/daily/2012/09/PREdm20120920000000120IMPGS01GL.nc
Processing ../../../datasets/GIRAFE/daily/2012/09/PREdm20120921000000120IMPGS01GL.nc
Processing ../../../datasets/GIRAFE/daily/2012/09/PREdm20120922000000120IMPGS01GL.nc
Processing ../../../datasets/GIRAFE/daily/2012/09/PREdm20120923000000120IMPGS01GL.nc
Processing ../../../datasets/GIRAFE/daily/2012/09/PREdm20120924000000120IMPGS01GL.nc
Processing ../../../datasets/GIRAFE/daily/2012/09/PREdm20120925000000120IMPGS01GL.nc
Processing ../../../datasets/GIRAFE/daily/2012/09/PREdm20120926000000120IMPGS01GL.nc
Processing ../../../datasets/GIRAFE/daily/2012/09/PREdm20120927000000120IMPGS01GL.nc
Processing ../../../datasets/GIRAFE/daily/2012/09/PREdm20120928000000120IMPGS01GL.nc
Processing ../../../datasets/GIRAFE/daily/2012/09/PREdm20120929000000120IMPGS01GL.nc
Processing ../../../datasets/GIRAFE/daily/2012/09/PREdm20120930000000120IMPGS01GL.nc
Processing ../../../datasets/GIRAFE/daily/2012/10/PREdm20121001000000120IMPGS01GL.nc
Processing ../../../datasets/GIRAFE/daily/2012/10/PREdm20121002000000120IMPGS01GL.nc
Processing ../../../datasets/GIRAFE/daily/2012/10/PREdm20121003000000120IMPGS01GL.nc
Processing ../../../datasets/GIRAFE/daily/2012/10/PREdm20121004000000120IMPGS01GL.nc
Processing ../../../datasets/GIRAFE/daily/2012/10/PREdm20121005000000120IMPGS01GL.nc
Processing ../../../datasets/GIRAFE/daily/2012/10/PREdm20121006000000120IMPGS01GL.nc
Processing ../../../datasets/GIRAFE/daily/2012/10/PREdm20121007000000120IMPGS01GL.nc
Processing ../../../datasets/GIRAFE/daily/2012/10/PREdm20121008000000120IMPGS01GL.nc
Processing ../../../datasets/GIRAFE/daily/2012/10/PREdm20121009000000120IMPGS01GL.nc
Processing ../../../datasets/GIRAFE/daily/2012/10/PREdm20121010000000120IMPGS01GL.nc
Processing ../../../datasets/GIRAFE/daily/2012/10/PREdm20121011000000120IMPGS01GL.nc
Processing ../../../datasets/GIRAFE/daily/2012/10/PREdm20121012000000120IMPGS01GL.nc
Processing ../../../datasets/GIRAFE/daily/2012/10/PREdm20121013000000120IMPGS01GL.nc
Processing ../../../datasets/GIRAFE/daily/2012/10/PREdm20121014000000120IMPGS01GL.nc
Processing ../../../datasets/GIRAFE/daily/2012/10/PREdm20121015000000120IMPGS01GL.nc
Processing ../../../datasets/GIRAFE/daily/2012/10/PREdm20121016000000120IMPGS01GL.nc
Processing ../../../datasets/GIRAFE/daily/2012/10/PREdm20121017000000120IMPGS01GL.nc
Processing ../../../datasets/GIRAFE/daily/2012/10/PREdm20121018000000120IMPGS01GL.nc
Processing ../../../datasets/GIRAFE/daily/2012/10/PREdm20121019000000120IMPGS01GL.nc
Processing ../../../datasets/GIRAFE/daily/2012/10/PREdm20121020000000120IMPGS01GL.nc
Processing ../../../datasets/GIRAFE/daily/2012/10/PREdm20121021000000120IMPGS01GL.nc
Processing ../../../datasets/GIRAFE/daily/2012/10/PREdm20121022000000120IMPGS01GL.nc
Processing ../../../datasets/GIRAFE/daily/2012/10/PREdm20121023000000120IMPGS01GL.nc
Processing ../../../datasets/GIRAFE/daily/2012/10/PREdm20121024000000120IMPGS01GL.nc
Processing ../../../datasets/GIRAFE/daily/2012/10/PREdm20121025000000120IMPGS01GL.nc
Processing ../../../datasets/GIRAFE/daily/2012/10/PREdm20121026000000120IMPGS01GL.nc
Processing ../../../datasets/GIRAFE/daily/2012/10/PREdm20121027000000120IMPGS01GL.nc
Processing ../../../datasets/GIRAFE/daily/2012/10/PREdm20121028000000120IMPGS01GL.nc
Processing ../../../datasets/GIRAFE/daily/2012/10/PREdm20121029000000120IMPGS01GL.nc
Processing ../../../datasets/GIRAFE/daily/2012/10/PREdm20121030000000120IMPGS01GL.nc
Processing ../../../datasets/GIRAFE/daily/2012/10/PREdm20121031000000120IMPGS01GL.nc
Processing ../../../datasets/GIRAFE/daily/2012/11/PREdm20121101000000120IMPGS01GL.nc
Processing ../../../datasets/GIRAFE/daily/2012/11/PREdm20121102000000120IMPGS01GL.nc
Processing ../../../datasets/GIRAFE/daily/2012/11/PREdm20121103000000120IMPGS01GL.nc
Processing ../../../datasets/GIRAFE/daily/2012/11/PREdm20121104000000120IMPGS01GL.nc
Processing ../../../datasets/GIRAFE/daily/2012/11/PREdm20121105000000120IMPGS01GL.nc
Processing ../../../datasets/GIRAFE/daily/2012/11/PREdm20121106000000120IMPGS01GL.nc
Processing ../../../datasets/GIRAFE/daily/2012/11/PREdm20121107000000120IMPGS01GL.nc
Processing ../../../datasets/GIRAFE/daily/2012/11/PREdm20121108000000120IMPGS01GL.nc
Processing ../../../datasets/GIRAFE/daily/2012/11/PREdm20121109000000120IMPGS01GL.nc
Processing ../../../datasets/GIRAFE/daily/2012/11/PREdm20121110000000120IMPGS01GL.nc
Processing ../../../datasets/GIRAFE/daily/2012/11/PREdm20121111000000120IMPGS01GL.nc
Processing ../../../datasets/GIRAFE/daily/2012/11/PREdm20121112000000120IMPGS01GL.nc
Processing ../../../datasets/GIRAFE/daily/2012/11/PREdm20121113000000120IMPGS01GL.nc
Processing ../../../datasets/GIRAFE/daily/2012/11/PREdm20121114000000120IMPGS01GL.nc
Processing ../../../datasets/GIRAFE/daily/2012/11/PREdm20121115000000120IMPGS01GL.nc
Processing ../../../datasets/GIRAFE/daily/2012/11/PREdm20121116000000120IMPGS01GL.nc
Processing ../../../datasets/GIRAFE/daily/2012/11/PREdm20121117000000120IMPGS01GL.nc
Processing ../../../datasets/GIRAFE/daily/2012/11/PREdm20121118000000120IMPGS01GL.nc
Processing ../../../datasets/GIRAFE/daily/2012/11/PREdm20121119000000120IMPGS01GL.nc
Processing ../../../datasets/GIRAFE/daily/2012/11/PREdm20121120000000120IMPGS01GL.nc
Processing ../../../datasets/GIRAFE/daily/2012/11/PREdm20121121000000120IMPGS01GL.nc
Processing ../../../datasets/GIRAFE/daily/2012/11/PREdm20121122000000120IMPGS01GL.nc
Processing ../../../datasets/GIRAFE/daily/2012/11/PREdm20121123000000120IMPGS01GL.nc
Processing ../../../datasets/GIRAFE/daily/2012/11/PREdm20121124000000120IMPGS01GL.nc
Processing ../../../datasets/GIRAFE/daily/2012/11/PREdm20121125000000120IMPGS01GL.nc
Processing ../../../datasets/GIRAFE/daily/2012/11/PREdm20121126000000120IMPGS01GL.nc
Processing ../../../datasets/GIRAFE/daily/2012/11/PREdm20121127000000120IMPGS01GL.nc
Processing ../../../datasets/GIRAFE/daily/2012/11/PREdm20121128000000120IMPGS01GL.nc
Processing ../../../datasets/GIRAFE/daily/2012/11/PREdm20121129000000120IMPGS01GL.nc
Processing ../../../datasets/GIRAFE/daily/2012/11/PREdm20121130000000120IMPGS01GL.nc
Processing ../../../datasets/GIRAFE/daily/2012/12/PREdm20121201000000120IMPGS01GL.nc
Processing ../../../datasets/GIRAFE/daily/2012/12/PREdm20121202000000120IMPGS01GL.nc
Processing ../../../datasets/GIRAFE/daily/2012/12/PREdm20121203000000120IMPGS01GL.nc
Processing ../../../datasets/GIRAFE/daily/2012/12/PREdm20121204000000120IMPGS01GL.nc
Processing ../../../datasets/GIRAFE/daily/2012/12/PREdm20121205000000120IMPGS01GL.nc
Processing ../../../datasets/GIRAFE/daily/2012/12/PREdm20121206000000120IMPGS01GL.nc
Processing ../../../datasets/GIRAFE/daily/2012/12/PREdm20121207000000120IMPGS01GL.nc
Processing ../../../datasets/GIRAFE/daily/2012/12/PREdm20121208000000120IMPGS01GL.nc
Processing ../../../datasets/GIRAFE/daily/2012/12/PREdm20121209000000120IMPGS01GL.nc
Processing ../../../datasets/GIRAFE/daily/2012/12/PREdm20121210000000120IMPGS01GL.nc
Processing ../../../datasets/GIRAFE/daily/2012/12/PREdm20121211000000120IMPGS01GL.nc
Processing ../../../datasets/GIRAFE/daily/2012/12/PREdm20121212000000120IMPGS01GL.nc
Processing ../../../datasets/GIRAFE/daily/2012/12/PREdm20121213000000120IMPGS01GL.nc
Processing ../../../datasets/GIRAFE/daily/2012/12/PREdm20121214000000120IMPGS01GL.nc
Processing ../../../datasets/GIRAFE/daily/2012/12/PREdm20121215000000120IMPGS01GL.nc
Processing ../../../datasets/GIRAFE/daily/2012/12/PREdm20121216000000120IMPGS01GL.nc
Processing ../../../datasets/GIRAFE/daily/2012/12/PREdm20121217000000120IMPGS01GL.nc
Processing ../../../datasets/GIRAFE/daily/2012/12/PREdm20121218000000120IMPGS01GL.nc
Processing ../../../datasets/GIRAFE/daily/2012/12/PREdm20121219000000120IMPGS01GL.nc
Processing ../../../datasets/GIRAFE/daily/2012/12/PREdm20121220000000120IMPGS01GL.nc
Processing ../../../datasets/GIRAFE/daily/2012/12/PREdm20121221000000120IMPGS01GL.nc
Processing ../../../datasets/GIRAFE/daily/2012/12/PREdm20121222000000120IMPGS01GL.nc
Processing ../../../datasets/GIRAFE/daily/2012/12/PREdm20121223000000120IMPGS01GL.nc
Processing ../../../datasets/GIRAFE/daily/2012/12/PREdm20121224000000120IMPGS01GL.nc
Processing ../../../datasets/GIRAFE/daily/2012/12/PREdm20121225000000120IMPGS01GL.nc
Processing ../../../datasets/GIRAFE/daily/2012/12/PREdm20121226000000120IMPGS01GL.nc
Processing ../../../datasets/GIRAFE/daily/2012/12/PREdm20121227000000120IMPGS01GL.nc
Processing ../../../datasets/GIRAFE/daily/2012/12/PREdm20121228000000120IMPGS01GL.nc
Processing ../../../datasets/GIRAFE/daily/2012/12/PREdm20121229000000120IMPGS01GL.nc
Processing ../../../datasets/GIRAFE/daily/2012/12/PREdm20121230000000120IMPGS01GL.nc
Processing ../../../datasets/GIRAFE/daily/2012/12/PREdm20121231000000120IMPGS01GL.nc
Processing ../../../datasets/GIRAFE/daily/2013/01/PREdm20130101000000120IMPGS01GL.nc
Processing ../../../datasets/GIRAFE/daily/2013/01/PREdm20130102000000120IMPGS01GL.nc
Processing ../../../datasets/GIRAFE/daily/2013/01/PREdm20130103000000120IMPGS01GL.nc
Processing ../../../datasets/GIRAFE/daily/2013/01/PREdm20130104000000120IMPGS01GL.nc
Processing ../../../datasets/GIRAFE/daily/2013/01/PREdm20130105000000120IMPGS01GL.nc
Processing ../../../datasets/GIRAFE/daily/2013/01/PREdm20130106000000120IMPGS01GL.nc
Processing ../../../datasets/GIRAFE/daily/2013/01/PREdm20130107000000120IMPGS01GL.nc
Processing ../../../datasets/GIRAFE/daily/2013/01/PREdm20130108000000120IMPGS01GL.nc
Processing ../../../datasets/GIRAFE/daily/2013/01/PREdm20130109000000120IMPGS01GL.nc
Processing ../../../datasets/GIRAFE/daily/2013/01/PREdm20130110000000120IMPGS01GL.nc
Processing ../../../datasets/GIRAFE/daily/2013/01/PREdm20130111000000120IMPGS01GL.nc
Processing ../../../datasets/GIRAFE/daily/2013/01/PREdm20130112000000120IMPGS01GL.nc
Processing ../../../datasets/GIRAFE/daily/2013/01/PREdm20130113000000120IMPGS01GL.nc
Processing ../../../datasets/GIRAFE/daily/2013/01/PREdm20130114000000120IMPGS01GL.nc
Processing ../../../datasets/GIRAFE/daily/2013/01/PREdm20130115000000120IMPGS01GL.nc
Processing ../../../datasets/GIRAFE/daily/2013/01/PREdm20130116000000120IMPGS01GL.nc
Processing ../../../datasets/GIRAFE/daily/2013/01/PREdm20130117000000120IMPGS01GL.nc
Processing ../../../datasets/GIRAFE/daily/2013/01/PREdm20130118000000120IMPGS01GL.nc
Processing ../../../datasets/GIRAFE/daily/2013/01/PREdm20130119000000120IMPGS01GL.nc
Processing ../../../datasets/GIRAFE/daily/2013/01/PREdm20130120000000120IMPGS01GL.nc
Processing ../../../datasets/GIRAFE/daily/2013/01/PREdm20130121000000120IMPGS01GL.nc
Processing ../../../datasets/GIRAFE/daily/2013/01/PREdm20130122000000120IMPGS01GL.nc
Processing ../../../datasets/GIRAFE/daily/2013/01/PREdm20130123000000120IMPGS01GL.nc
Processing ../../../datasets/GIRAFE/daily/2013/01/PREdm20130124000000120IMPGS01GL.nc
Processing ../../../datasets/GIRAFE/daily/2013/01/PREdm20130125000000120IMPGS01GL.nc
Processing ../../../datasets/GIRAFE/daily/2013/01/PREdm20130126000000120IMPGS01GL.nc
Processing ../../../datasets/GIRAFE/daily/2013/01/PREdm20130127000000120IMPGS01GL.nc
Processing ../../../datasets/GIRAFE/daily/2013/01/PREdm20130128000000120IMPGS01GL.nc
Processing ../../../datasets/GIRAFE/daily/2013/01/PREdm20130129000000120IMPGS01GL.nc
Processing ../../../datasets/GIRAFE/daily/2013/01/PREdm20130130000000120IMPGS01GL.nc
Processing ../../../datasets/GIRAFE/daily/2013/01/PREdm20130131000000120IMPGS01GL.nc
Processing ../../../datasets/GIRAFE/daily/2013/02/PREdm20130201000000120IMPGS01GL.nc
Processing ../../../datasets/GIRAFE/daily/2013/02/PREdm20130202000000120IMPGS01GL.nc
Processing ../../../datasets/GIRAFE/daily/2013/02/PREdm20130203000000120IMPGS01GL.nc
Processing ../../../datasets/GIRAFE/daily/2013/02/PREdm20130204000000120IMPGS01GL.nc
Processing ../../../datasets/GIRAFE/daily/2013/02/PREdm20130205000000120IMPGS01GL.nc
Processing ../../../datasets/GIRAFE/daily/2013/02/PREdm20130206000000120IMPGS01GL.nc
Processing ../../../datasets/GIRAFE/daily/2013/02/PREdm20130207000000120IMPGS01GL.nc
Processing ../../../datasets/GIRAFE/daily/2013/02/PREdm20130208000000120IMPGS01GL.nc
Processing ../../../datasets/GIRAFE/daily/2013/02/PREdm20130209000000120IMPGS01GL.nc
Processing ../../../datasets/GIRAFE/daily/2013/02/PREdm20130210000000120IMPGS01GL.nc
Processing ../../../datasets/GIRAFE/daily/2013/02/PREdm20130211000000120IMPGS01GL.nc
Processing ../../../datasets/GIRAFE/daily/2013/02/PREdm20130212000000120IMPGS01GL.nc
Processing ../../../datasets/GIRAFE/daily/2013/02/PREdm20130213000000120IMPGS01GL.nc
Processing ../../../datasets/GIRAFE/daily/2013/02/PREdm20130214000000120IMPGS01GL.nc
Processing ../../../datasets/GIRAFE/daily/2013/02/PREdm20130215000000120IMPGS01GL.nc
Processing ../../../datasets/GIRAFE/daily/2013/02/PREdm20130216000000120IMPGS01GL.nc
Processing ../../../datasets/GIRAFE/daily/2013/02/PREdm20130217000000120IMPGS01GL.nc
Processing ../../../datasets/GIRAFE/daily/2013/02/PREdm20130218000000120IMPGS01GL.nc
Processing ../../../datasets/GIRAFE/daily/2013/02/PREdm20130219000000120IMPGS01GL.nc
Processing ../../../datasets/GIRAFE/daily/2013/02/PREdm20130220000000120IMPGS01GL.nc
Processing ../../../datasets/GIRAFE/daily/2013/02/PREdm20130221000000120IMPGS01GL.nc
Processing ../../../datasets/GIRAFE/daily/2013/02/PREdm20130222000000120IMPGS01GL.nc
Processing ../../../datasets/GIRAFE/daily/2013/02/PREdm20130223000000120IMPGS01GL.nc
Processing ../../../datasets/GIRAFE/daily/2013/02/PREdm20130224000000120IMPGS01GL.nc
Processing ../../../datasets/GIRAFE/daily/2013/02/PREdm20130225000000120IMPGS01GL.nc
Processing ../../../datasets/GIRAFE/daily/2013/02/PREdm20130226000000120IMPGS01GL.nc
Processing ../../../datasets/GIRAFE/daily/2013/02/PREdm20130227000000120IMPGS01GL.nc
Processing ../../../datasets/GIRAFE/daily/2013/02/PREdm20130228000000120IMPGS01GL.nc
Processing ../../../datasets/GIRAFE/daily/2013/03/PREdm20130301000000120IMPGS01GL.nc
Processing ../../../datasets/GIRAFE/daily/2013/03/PREdm20130302000000120IMPGS01GL.nc
Processing ../../../datasets/GIRAFE/daily/2013/03/PREdm20130303000000120IMPGS01GL.nc
Processing ../../../datasets/GIRAFE/daily/2013/03/PREdm20130304000000120IMPGS01GL.nc
Processing ../../../datasets/GIRAFE/daily/2013/03/PREdm20130305000000120IMPGS01GL.nc
Processing ../../../datasets/GIRAFE/daily/2013/03/PREdm20130306000000120IMPGS01GL.nc
Processing ../../../datasets/GIRAFE/daily/2013/03/PREdm20130307000000120IMPGS01GL.nc
Processing ../../../datasets/GIRAFE/daily/2013/03/PREdm20130308000000120IMPGS01GL.nc
Processing ../../../datasets/GIRAFE/daily/2013/03/PREdm20130309000000120IMPGS01GL.nc
Processing ../../../datasets/GIRAFE/daily/2013/03/PREdm20130310000000120IMPGS01GL.nc
Processing ../../../datasets/GIRAFE/daily/2013/03/PREdm20130311000000120IMPGS01GL.nc
Processing ../../../datasets/GIRAFE/daily/2013/03/PREdm20130312000000120IMPGS01GL.nc
Processing ../../../datasets/GIRAFE/daily/2013/03/PREdm20130313000000120IMPGS01GL.nc
Processing ../../../datasets/GIRAFE/daily/2013/03/PREdm20130314000000120IMPGS01GL.nc
Processing ../../../datasets/GIRAFE/daily/2013/03/PREdm20130315000000120IMPGS01GL.nc
Processing ../../../datasets/GIRAFE/daily/2013/03/PREdm20130316000000120IMPGS01GL.nc
Processing ../../../datasets/GIRAFE/daily/2013/03/PREdm20130317000000120IMPGS01GL.nc
Processing ../../../datasets/GIRAFE/daily/2013/03/PREdm20130318000000120IMPGS01GL.nc
Processing ../../../datasets/GIRAFE/daily/2013/03/PREdm20130319000000120IMPGS01GL.nc
Processing ../../../datasets/GIRAFE/daily/2013/03/PREdm20130320000000120IMPGS01GL.nc
Processing ../../../datasets/GIRAFE/daily/2013/03/PREdm20130321000000120IMPGS01GL.nc
Processing ../../../datasets/GIRAFE/daily/2013/03/PREdm20130322000000120IMPGS01GL.nc
Processing ../../../datasets/GIRAFE/daily/2013/03/PREdm20130323000000120IMPGS01GL.nc
Processing ../../../datasets/GIRAFE/daily/2013/03/PREdm20130324000000120IMPGS01GL.nc
Processing ../../../datasets/GIRAFE/daily/2013/03/PREdm20130325000000120IMPGS01GL.nc
Processing ../../../datasets/GIRAFE/daily/2013/03/PREdm20130326000000120IMPGS01GL.nc
Processing ../../../datasets/GIRAFE/daily/2013/03/PREdm20130327000000120IMPGS01GL.nc
Processing ../../../datasets/GIRAFE/daily/2013/03/PREdm20130328000000120IMPGS01GL.nc
Processing ../../../datasets/GIRAFE/daily/2013/03/PREdm20130329000000120IMPGS01GL.nc
Processing ../../../datasets/GIRAFE/daily/2013/03/PREdm20130330000000120IMPGS01GL.nc
Processing ../../../datasets/GIRAFE/daily/2013/03/PREdm20130331000000120IMPGS01GL.nc
Processing ../../../datasets/GIRAFE/daily/2013/04/PREdm20130401000000120IMPGS01GL.nc
Processing ../../../datasets/GIRAFE/daily/2013/04/PREdm20130402000000120IMPGS01GL.nc
Processing ../../../datasets/GIRAFE/daily/2013/04/PREdm20130403000000120IMPGS01GL.nc
Processing ../../../datasets/GIRAFE/daily/2013/04/PREdm20130404000000120IMPGS01GL.nc
Processing ../../../datasets/GIRAFE/daily/2013/04/PREdm20130405000000120IMPGS01GL.nc
Processing ../../../datasets/GIRAFE/daily/2013/04/PREdm20130406000000120IMPGS01GL.nc
Processing ../../../datasets/GIRAFE/daily/2013/04/PREdm20130407000000120IMPGS01GL.nc
Processing ../../../datasets/GIRAFE/daily/2013/04/PREdm20130408000000120IMPGS01GL.nc
Processing ../../../datasets/GIRAFE/daily/2013/04/PREdm20130409000000120IMPGS01GL.nc
Processing ../../../datasets/GIRAFE/daily/2013/04/PREdm20130410000000120IMPGS01GL.nc
Processing ../../../datasets/GIRAFE/daily/2013/04/PREdm20130411000000120IMPGS01GL.nc
Processing ../../../datasets/GIRAFE/daily/2013/04/PREdm20130412000000120IMPGS01GL.nc
Processing ../../../datasets/GIRAFE/daily/2013/04/PREdm20130413000000120IMPGS01GL.nc
Processing ../../../datasets/GIRAFE/daily/2013/04/PREdm20130414000000120IMPGS01GL.nc
Processing ../../../datasets/GIRAFE/daily/2013/04/PREdm20130415000000120IMPGS01GL.nc
Processing ../../../datasets/GIRAFE/daily/2013/04/PREdm20130416000000120IMPGS01GL.nc
Processing ../../../datasets/GIRAFE/daily/2013/04/PREdm20130417000000120IMPGS01GL.nc
Processing ../../../datasets/GIRAFE/daily/2013/04/PREdm20130418000000120IMPGS01GL.nc
Processing ../../../datasets/GIRAFE/daily/2013/04/PREdm20130419000000120IMPGS01GL.nc
Processing ../../../datasets/GIRAFE/daily/2013/04/PREdm20130420000000120IMPGS01GL.nc
Processing ../../../datasets/GIRAFE/daily/2013/04/PREdm20130421000000120IMPGS01GL.nc
Processing ../../../datasets/GIRAFE/daily/2013/04/PREdm20130422000000120IMPGS01GL.nc
Processing ../../../datasets/GIRAFE/daily/2013/04/PREdm20130423000000120IMPGS01GL.nc
Processing ../../../datasets/GIRAFE/daily/2013/04/PREdm20130424000000120IMPGS01GL.nc
Processing ../../../datasets/GIRAFE/daily/2013/04/PREdm20130425000000120IMPGS01GL.nc
Processing ../../../datasets/GIRAFE/daily/2013/04/PREdm20130426000000120IMPGS01GL.nc
Processing ../../../datasets/GIRAFE/daily/2013/04/PREdm20130427000000120IMPGS01GL.nc
Processing ../../../datasets/GIRAFE/daily/2013/04/PREdm20130428000000120IMPGS01GL.nc
Processing ../../../datasets/GIRAFE/daily/2013/04/PREdm20130429000000120IMPGS01GL.nc
Processing ../../../datasets/GIRAFE/daily/2013/04/PREdm20130430000000120IMPGS01GL.nc
Processing ../../../datasets/GIRAFE/daily/2013/05/PREdm20130501000000120IMPGS01GL.nc
Processing ../../../datasets/GIRAFE/daily/2013/05/PREdm20130502000000120IMPGS01GL.nc
Processing ../../../datasets/GIRAFE/daily/2013/05/PREdm20130503000000120IMPGS01GL.nc
Processing ../../../datasets/GIRAFE/daily/2013/05/PREdm20130504000000120IMPGS01GL.nc
Processing ../../../datasets/GIRAFE/daily/2013/05/PREdm20130505000000120IMPGS01GL.nc
Processing ../../../datasets/GIRAFE/daily/2013/05/PREdm20130506000000120IMPGS01GL.nc
Processing ../../../datasets/GIRAFE/daily/2013/05/PREdm20130507000000120IMPGS01GL.nc
Processing ../../../datasets/GIRAFE/daily/2013/05/PREdm20130508000000120IMPGS01GL.nc
Processing ../../../datasets/GIRAFE/daily/2013/05/PREdm20130509000000120IMPGS01GL.nc
Processing ../../../datasets/GIRAFE/daily/2013/05/PREdm20130510000000120IMPGS01GL.nc
Processing ../../../datasets/GIRAFE/daily/2013/05/PREdm20130511000000120IMPGS01GL.nc
Processing ../../../datasets/GIRAFE/daily/2013/05/PREdm20130512000000120IMPGS01GL.nc
Processing ../../../datasets/GIRAFE/daily/2013/05/PREdm20130513000000120IMPGS01GL.nc
Processing ../../../datasets/GIRAFE/daily/2013/05/PREdm20130514000000120IMPGS01GL.nc
Processing ../../../datasets/GIRAFE/daily/2013/05/PREdm20130515000000120IMPGS01GL.nc
Processing ../../../datasets/GIRAFE/daily/2013/05/PREdm20130516000000120IMPGS01GL.nc
Processing ../../../datasets/GIRAFE/daily/2013/05/PREdm20130517000000120IMPGS01GL.nc
Processing ../../../datasets/GIRAFE/daily/2013/05/PREdm20130518000000120IMPGS01GL.nc
Processing ../../../datasets/GIRAFE/daily/2013/05/PREdm20130519000000120IMPGS01GL.nc
Processing ../../../datasets/GIRAFE/daily/2013/05/PREdm20130520000000120IMPGS01GL.nc
Processing ../../../datasets/GIRAFE/daily/2013/05/PREdm20130521000000120IMPGS01GL.nc
Processing ../../../datasets/GIRAFE/daily/2013/05/PREdm20130522000000120IMPGS01GL.nc
Processing ../../../datasets/GIRAFE/daily/2013/05/PREdm20130523000000120IMPGS01GL.nc
Processing ../../../datasets/GIRAFE/daily/2013/05/PREdm20130524000000120IMPGS01GL.nc
Processing ../../../datasets/GIRAFE/daily/2013/05/PREdm20130525000000120IMPGS01GL.nc
Processing ../../../datasets/GIRAFE/daily/2013/05/PREdm20130526000000120IMPGS01GL.nc
Processing ../../../datasets/GIRAFE/daily/2013/05/PREdm20130527000000120IMPGS01GL.nc
Processing ../../../datasets/GIRAFE/daily/2013/05/PREdm20130528000000120IMPGS01GL.nc
Processing ../../../datasets/GIRAFE/daily/2013/05/PREdm20130529000000120IMPGS01GL.nc
Processing ../../../datasets/GIRAFE/daily/2013/05/PREdm20130530000000120IMPGS01GL.nc
Processing ../../../datasets/GIRAFE/daily/2013/05/PREdm20130531000000120IMPGS01GL.nc
Processing ../../../datasets/GIRAFE/daily/2013/06/PREdm20130601000000120IMPGS01GL.nc
Processing ../../../datasets/GIRAFE/daily/2013/06/PREdm20130602000000120IMPGS01GL.nc
Processing ../../../datasets/GIRAFE/daily/2013/06/PREdm20130603000000120IMPGS01GL.nc
Processing ../../../datasets/GIRAFE/daily/2013/06/PREdm20130604000000120IMPGS01GL.nc
Processing ../../../datasets/GIRAFE/daily/2013/06/PREdm20130605000000120IMPGS01GL.nc
Processing ../../../datasets/GIRAFE/daily/2013/06/PREdm20130606000000120IMPGS01GL.nc
Processing ../../../datasets/GIRAFE/daily/2013/06/PREdm20130607000000120IMPGS01GL.nc
Processing ../../../datasets/GIRAFE/daily/2013/06/PREdm20130608000000120IMPGS01GL.nc
Processing ../../../datasets/GIRAFE/daily/2013/06/PREdm20130609000000120IMPGS01GL.nc
Processing ../../../datasets/GIRAFE/daily/2013/06/PREdm20130610000000120IMPGS01GL.nc
Processing ../../../datasets/GIRAFE/daily/2013/06/PREdm20130611000000120IMPGS01GL.nc
Processing ../../../datasets/GIRAFE/daily/2013/06/PREdm20130612000000120IMPGS01GL.nc
Processing ../../../datasets/GIRAFE/daily/2013/06/PREdm20130613000000120IMPGS01GL.nc
Processing ../../../datasets/GIRAFE/daily/2013/06/PREdm20130614000000120IMPGS01GL.nc
Processing ../../../datasets/GIRAFE/daily/2013/06/PREdm20130615000000120IMPGS01GL.nc
Processing ../../../datasets/GIRAFE/daily/2013/06/PREdm20130616000000120IMPGS01GL.nc
Processing ../../../datasets/GIRAFE/daily/2013/06/PREdm20130617000000120IMPGS01GL.nc
Processing ../../../datasets/GIRAFE/daily/2013/06/PREdm20130618000000120IMPGS01GL.nc
Processing ../../../datasets/GIRAFE/daily/2013/06/PREdm20130619000000120IMPGS01GL.nc
Processing ../../../datasets/GIRAFE/daily/2013/06/PREdm20130620000000120IMPGS01GL.nc
Processing ../../../datasets/GIRAFE/daily/2013/06/PREdm20130621000000120IMPGS01GL.nc
Processing ../../../datasets/GIRAFE/daily/2013/06/PREdm20130622000000120IMPGS01GL.nc
Processing ../../../datasets/GIRAFE/daily/2013/06/PREdm20130623000000120IMPGS01GL.nc
Processing ../../../datasets/GIRAFE/daily/2013/06/PREdm20130624000000120IMPGS01GL.nc
Processing ../../../datasets/GIRAFE/daily/2013/06/PREdm20130625000000120IMPGS01GL.nc
Processing ../../../datasets/GIRAFE/daily/2013/06/PREdm20130626000000120IMPGS01GL.nc
Processing ../../../datasets/GIRAFE/daily/2013/06/PREdm20130627000000120IMPGS01GL.nc
Processing ../../../datasets/GIRAFE/daily/2013/06/PREdm20130628000000120IMPGS01GL.nc
Processing ../../../datasets/GIRAFE/daily/2013/06/PREdm20130629000000120IMPGS01GL.nc
Processing ../../../datasets/GIRAFE/daily/2013/06/PREdm20130630000000120IMPGS01GL.nc
Processing ../../../datasets/GIRAFE/daily/2013/07/PREdm20130701000000120IMPGS01GL.nc
Processing ../../../datasets/GIRAFE/daily/2013/07/PREdm20130702000000120IMPGS01GL.nc
Processing ../../../datasets/GIRAFE/daily/2013/07/PREdm20130703000000120IMPGS01GL.nc
Processing ../../../datasets/GIRAFE/daily/2013/07/PREdm20130704000000120IMPGS01GL.nc
Processing ../../../datasets/GIRAFE/daily/2013/07/PREdm20130705000000120IMPGS01GL.nc
Processing ../../../datasets/GIRAFE/daily/2013/07/PREdm20130706000000120IMPGS01GL.nc
Processing ../../../datasets/GIRAFE/daily/2013/07/PREdm20130707000000120IMPGS01GL.nc
Processing ../../../datasets/GIRAFE/daily/2013/07/PREdm20130708000000120IMPGS01GL.nc
Processing ../../../datasets/GIRAFE/daily/2013/07/PREdm20130709000000120IMPGS01GL.nc
Processing ../../../datasets/GIRAFE/daily/2013/07/PREdm20130710000000120IMPGS01GL.nc
Processing ../../../datasets/GIRAFE/daily/2013/07/PREdm20130711000000120IMPGS01GL.nc
Processing ../../../datasets/GIRAFE/daily/2013/07/PREdm20130712000000120IMPGS01GL.nc
Processing ../../../datasets/GIRAFE/daily/2013/07/PREdm20130713000000120IMPGS01GL.nc
Processing ../../../datasets/GIRAFE/daily/2013/07/PREdm20130714000000120IMPGS01GL.nc
Processing ../../../datasets/GIRAFE/daily/2013/07/PREdm20130715000000120IMPGS01GL.nc
Processing ../../../datasets/GIRAFE/daily/2013/07/PREdm20130716000000120IMPGS01GL.nc
Processing ../../../datasets/GIRAFE/daily/2013/07/PREdm20130717000000120IMPGS01GL.nc
Processing ../../../datasets/GIRAFE/daily/2013/07/PREdm20130718000000120IMPGS01GL.nc
Processing ../../../datasets/GIRAFE/daily/2013/07/PREdm20130719000000120IMPGS01GL.nc
Processing ../../../datasets/GIRAFE/daily/2013/07/PREdm20130720000000120IMPGS01GL.nc
Processing ../../../datasets/GIRAFE/daily/2013/07/PREdm20130721000000120IMPGS01GL.nc
Processing ../../../datasets/GIRAFE/daily/2013/07/PREdm20130722000000120IMPGS01GL.nc
Processing ../../../datasets/GIRAFE/daily/2013/07/PREdm20130723000000120IMPGS01GL.nc
Processing ../../../datasets/GIRAFE/daily/2013/07/PREdm20130724000000120IMPGS01GL.nc
Processing ../../../datasets/GIRAFE/daily/2013/07/PREdm20130725000000120IMPGS01GL.nc
Processing ../../../datasets/GIRAFE/daily/2013/07/PREdm20130726000000120IMPGS01GL.nc
Processing ../../../datasets/GIRAFE/daily/2013/07/PREdm20130727000000120IMPGS01GL.nc
Processing ../../../datasets/GIRAFE/daily/2013/07/PREdm20130728000000120IMPGS01GL.nc
Processing ../../../datasets/GIRAFE/daily/2013/07/PREdm20130729000000120IMPGS01GL.nc
Processing ../../../datasets/GIRAFE/daily/2013/07/PREdm20130730000000120IMPGS01GL.nc
Processing ../../../datasets/GIRAFE/daily/2013/07/PREdm20130731000000120IMPGS01GL.nc
Processing ../../../datasets/GIRAFE/daily/2013/08/PREdm20130801000000120IMPGS01GL.nc
Processing ../../../datasets/GIRAFE/daily/2013/08/PREdm20130802000000120IMPGS01GL.nc
Processing ../../../datasets/GIRAFE/daily/2013/08/PREdm20130803000000120IMPGS01GL.nc
Processing ../../../datasets/GIRAFE/daily/2013/08/PREdm20130804000000120IMPGS01GL.nc
Processing ../../../datasets/GIRAFE/daily/2013/08/PREdm20130805000000120IMPGS01GL.nc
Processing ../../../datasets/GIRAFE/daily/2013/08/PREdm20130806000000120IMPGS01GL.nc
Processing ../../../datasets/GIRAFE/daily/2013/08/PREdm20130807000000120IMPGS01GL.nc
Processing ../../../datasets/GIRAFE/daily/2013/08/PREdm20130808000000120IMPGS01GL.nc
Processing ../../../datasets/GIRAFE/daily/2013/08/PREdm20130809000000120IMPGS01GL.nc
Processing ../../../datasets/GIRAFE/daily/2013/08/PREdm20130810000000120IMPGS01GL.nc
Processing ../../../datasets/GIRAFE/daily/2013/08/PREdm20130811000000120IMPGS01GL.nc
Processing ../../../datasets/GIRAFE/daily/2013/08/PREdm20130812000000120IMPGS01GL.nc
Processing ../../../datasets/GIRAFE/daily/2013/08/PREdm20130813000000120IMPGS01GL.nc
Processing ../../../datasets/GIRAFE/daily/2013/08/PREdm20130814000000120IMPGS01GL.nc
Processing ../../../datasets/GIRAFE/daily/2013/08/PREdm20130815000000120IMPGS01GL.nc
Processing ../../../datasets/GIRAFE/daily/2013/08/PREdm20130816000000120IMPGS01GL.nc
Processing ../../../datasets/GIRAFE/daily/2013/08/PREdm20130817000000120IMPGS01GL.nc
Processing ../../../datasets/GIRAFE/daily/2013/08/PREdm20130818000000120IMPGS01GL.nc
Processing ../../../datasets/GIRAFE/daily/2013/08/PREdm20130819000000120IMPGS01GL.nc
Processing ../../../datasets/GIRAFE/daily/2013/08/PREdm20130820000000120IMPGS01GL.nc
Processing ../../../datasets/GIRAFE/daily/2013/08/PREdm20130821000000120IMPGS01GL.nc
Processing ../../../datasets/GIRAFE/daily/2013/08/PREdm20130822000000120IMPGS01GL.nc
Processing ../../../datasets/GIRAFE/daily/2013/08/PREdm20130823000000120IMPGS01GL.nc
Processing ../../../datasets/GIRAFE/daily/2013/08/PREdm20130824000000120IMPGS01GL.nc
Processing ../../../datasets/GIRAFE/daily/2013/08/PREdm20130825000000120IMPGS01GL.nc
Processing ../../../datasets/GIRAFE/daily/2013/08/PREdm20130826000000120IMPGS01GL.nc
Processing ../../../datasets/GIRAFE/daily/2013/08/PREdm20130827000000120IMPGS01GL.nc
Processing ../../../datasets/GIRAFE/daily/2013/08/PREdm20130828000000120IMPGS01GL.nc
Processing ../../../datasets/GIRAFE/daily/2013/08/PREdm20130829000000120IMPGS01GL.nc
Processing ../../../datasets/GIRAFE/daily/2013/08/PREdm20130830000000120IMPGS01GL.nc
Processing ../../../datasets/GIRAFE/daily/2013/08/PREdm20130831000000120IMPGS01GL.nc
Processing ../../../datasets/GIRAFE/daily/2013/09/PREdm20130901000000120IMPGS01GL.nc
Processing ../../../datasets/GIRAFE/daily/2013/09/PREdm20130902000000120IMPGS01GL.nc
Processing ../../../datasets/GIRAFE/daily/2013/09/PREdm20130903000000120IMPGS01GL.nc
Processing ../../../datasets/GIRAFE/daily/2013/09/PREdm20130904000000120IMPGS01GL.nc
Processing ../../../datasets/GIRAFE/daily/2013/09/PREdm20130905000000120IMPGS01GL.nc
Processing ../../../datasets/GIRAFE/daily/2013/09/PREdm20130906000000120IMPGS01GL.nc
Processing ../../../datasets/GIRAFE/daily/2013/09/PREdm20130907000000120IMPGS01GL.nc
Processing ../../../datasets/GIRAFE/daily/2013/09/PREdm20130908000000120IMPGS01GL.nc
Processing ../../../datasets/GIRAFE/daily/2013/09/PREdm20130909000000120IMPGS01GL.nc
Processing ../../../datasets/GIRAFE/daily/2013/09/PREdm20130910000000120IMPGS01GL.nc
Processing ../../../datasets/GIRAFE/daily/2013/09/PREdm20130911000000120IMPGS01GL.nc
Processing ../../../datasets/GIRAFE/daily/2013/09/PREdm20130912000000120IMPGS01GL.nc
Processing ../../../datasets/GIRAFE/daily/2013/09/PREdm20130913000000120IMPGS01GL.nc
Processing ../../../datasets/GIRAFE/daily/2013/09/PREdm20130914000000120IMPGS01GL.nc
Processing ../../../datasets/GIRAFE/daily/2013/09/PREdm20130915000000120IMPGS01GL.nc
Processing ../../../datasets/GIRAFE/daily/2013/09/PREdm20130916000000120IMPGS01GL.nc
Processing ../../../datasets/GIRAFE/daily/2013/09/PREdm20130917000000120IMPGS01GL.nc
Processing ../../../datasets/GIRAFE/daily/2013/09/PREdm20130918000000120IMPGS01GL.nc
Processing ../../../datasets/GIRAFE/daily/2013/09/PREdm20130919000000120IMPGS01GL.nc
Processing ../../../datasets/GIRAFE/daily/2013/09/PREdm20130920000000120IMPGS01GL.nc
Processing ../../../datasets/GIRAFE/daily/2013/09/PREdm20130921000000120IMPGS01GL.nc
Processing ../../../datasets/GIRAFE/daily/2013/09/PREdm20130922000000120IMPGS01GL.nc
Processing ../../../datasets/GIRAFE/daily/2013/09/PREdm20130923000000120IMPGS01GL.nc
Processing ../../../datasets/GIRAFE/daily/2013/09/PREdm20130924000000120IMPGS01GL.nc
Processing ../../../datasets/GIRAFE/daily/2013/09/PREdm20130925000000120IMPGS01GL.nc
Processing ../../../datasets/GIRAFE/daily/2013/09/PREdm20130926000000120IMPGS01GL.nc
Processing ../../../datasets/GIRAFE/daily/2013/09/PREdm20130927000000120IMPGS01GL.nc
Processing ../../../datasets/GIRAFE/daily/2013/09/PREdm20130928000000120IMPGS01GL.nc
Processing ../../../datasets/GIRAFE/daily/2013/09/PREdm20130929000000120IMPGS01GL.nc
Processing ../../../datasets/GIRAFE/daily/2013/09/PREdm20130930000000120IMPGS01GL.nc
Processing ../../../datasets/GIRAFE/daily/2013/10/PREdm20131001000000120IMPGS01GL.nc
Processing ../../../datasets/GIRAFE/daily/2013/10/PREdm20131002000000120IMPGS01GL.nc
Processing ../../../datasets/GIRAFE/daily/2013/10/PREdm20131003000000120IMPGS01GL.nc
Processing ../../../datasets/GIRAFE/daily/2013/10/PREdm20131004000000120IMPGS01GL.nc
Processing ../../../datasets/GIRAFE/daily/2013/10/PREdm20131005000000120IMPGS01GL.nc
Processing ../../../datasets/GIRAFE/daily/2013/10/PREdm20131006000000120IMPGS01GL.nc
Processing ../../../datasets/GIRAFE/daily/2013/10/PREdm20131007000000120IMPGS01GL.nc
Processing ../../../datasets/GIRAFE/daily/2013/10/PREdm20131008000000120IMPGS01GL.nc
Processing ../../../datasets/GIRAFE/daily/2013/10/PREdm20131009000000120IMPGS01GL.nc
Processing ../../../datasets/GIRAFE/daily/2013/10/PREdm20131010000000120IMPGS01GL.nc
Processing ../../../datasets/GIRAFE/daily/2013/10/PREdm20131011000000120IMPGS01GL.nc
Processing ../../../datasets/GIRAFE/daily/2013/10/PREdm20131012000000120IMPGS01GL.nc
Processing ../../../datasets/GIRAFE/daily/2013/10/PREdm20131013000000120IMPGS01GL.nc
Processing ../../../datasets/GIRAFE/daily/2013/10/PREdm20131014000000120IMPGS01GL.nc
Processing ../../../datasets/GIRAFE/daily/2013/10/PREdm20131015000000120IMPGS01GL.nc
Processing ../../../datasets/GIRAFE/daily/2013/10/PREdm20131016000000120IMPGS01GL.nc
Processing ../../../datasets/GIRAFE/daily/2013/10/PREdm20131017000000120IMPGS01GL.nc
Processing ../../../datasets/GIRAFE/daily/2013/10/PREdm20131018000000120IMPGS01GL.nc
Processing ../../../datasets/GIRAFE/daily/2013/10/PREdm20131019000000120IMPGS01GL.nc
Processing ../../../datasets/GIRAFE/daily/2013/10/PREdm20131020000000120IMPGS01GL.nc
Processing ../../../datasets/GIRAFE/daily/2013/10/PREdm20131021000000120IMPGS01GL.nc
Processing ../../../datasets/GIRAFE/daily/2013/10/PREdm20131022000000120IMPGS01GL.nc
Processing ../../../datasets/GIRAFE/daily/2013/10/PREdm20131023000000120IMPGS01GL.nc
Processing ../../../datasets/GIRAFE/daily/2013/10/PREdm20131024000000120IMPGS01GL.nc
Processing ../../../datasets/GIRAFE/daily/2013/10/PREdm20131025000000120IMPGS01GL.nc
Processing ../../../datasets/GIRAFE/daily/2013/10/PREdm20131026000000120IMPGS01GL.nc
Processing ../../../datasets/GIRAFE/daily/2013/10/PREdm20131027000000120IMPGS01GL.nc
Processing ../../../datasets/GIRAFE/daily/2013/10/PREdm20131028000000120IMPGS01GL.nc
Processing ../../../datasets/GIRAFE/daily/2013/10/PREdm20131029000000120IMPGS01GL.nc
Processing ../../../datasets/GIRAFE/daily/2013/10/PREdm20131030000000120IMPGS01GL.nc
Processing ../../../datasets/GIRAFE/daily/2013/10/PREdm20131031000000120IMPGS01GL.nc
Processing ../../../datasets/GIRAFE/daily/2013/11/PREdm20131101000000120IMPGS01GL.nc
Processing ../../../datasets/GIRAFE/daily/2013/11/PREdm20131102000000120IMPGS01GL.nc
Processing ../../../datasets/GIRAFE/daily/2013/11/PREdm20131103000000120IMPGS01GL.nc
Processing ../../../datasets/GIRAFE/daily/2013/11/PREdm20131104000000120IMPGS01GL.nc
Processing ../../../datasets/GIRAFE/daily/2013/11/PREdm20131105000000120IMPGS01GL.nc
Processing ../../../datasets/GIRAFE/daily/2013/11/PREdm20131106000000120IMPGS01GL.nc
Processing ../../../datasets/GIRAFE/daily/2013/11/PREdm20131107000000120IMPGS01GL.nc
Processing ../../../datasets/GIRAFE/daily/2013/11/PREdm20131108000000120IMPGS01GL.nc
Processing ../../../datasets/GIRAFE/daily/2013/11/PREdm20131109000000120IMPGS01GL.nc
Processing ../../../datasets/GIRAFE/daily/2013/11/PREdm20131110000000120IMPGS01GL.nc
Processing ../../../datasets/GIRAFE/daily/2013/11/PREdm20131111000000120IMPGS01GL.nc
Processing ../../../datasets/GIRAFE/daily/2013/11/PREdm20131112000000120IMPGS01GL.nc
Processing ../../../datasets/GIRAFE/daily/2013/11/PREdm20131113000000120IMPGS01GL.nc
Processing ../../../datasets/GIRAFE/daily/2013/11/PREdm20131114000000120IMPGS01GL.nc
Processing ../../../datasets/GIRAFE/daily/2013/11/PREdm20131115000000120IMPGS01GL.nc
Processing ../../../datasets/GIRAFE/daily/2013/11/PREdm20131116000000120IMPGS01GL.nc
Processing ../../../datasets/GIRAFE/daily/2013/11/PREdm20131117000000120IMPGS01GL.nc
Processing ../../../datasets/GIRAFE/daily/2013/11/PREdm20131118000000120IMPGS01GL.nc
Processing ../../../datasets/GIRAFE/daily/2013/11/PREdm20131119000000120IMPGS01GL.nc
Processing ../../../datasets/GIRAFE/daily/2013/11/PREdm20131120000000120IMPGS01GL.nc
Processing ../../../datasets/GIRAFE/daily/2013/11/PREdm20131121000000120IMPGS01GL.nc
Processing ../../../datasets/GIRAFE/daily/2013/11/PREdm20131122000000120IMPGS01GL.nc
Processing ../../../datasets/GIRAFE/daily/2013/11/PREdm20131123000000120IMPGS01GL.nc
Processing ../../../datasets/GIRAFE/daily/2013/11/PREdm20131124000000120IMPGS01GL.nc
Processing ../../../datasets/GIRAFE/daily/2013/11/PREdm20131125000000120IMPGS01GL.nc
Processing ../../../datasets/GIRAFE/daily/2013/11/PREdm20131126000000120IMPGS01GL.nc
Processing ../../../datasets/GIRAFE/daily/2013/11/PREdm20131127000000120IMPGS01GL.nc
Processing ../../../datasets/GIRAFE/daily/2013/11/PREdm20131128000000120IMPGS01GL.nc
Processing ../../../datasets/GIRAFE/daily/2013/11/PREdm20131129000000120IMPGS01GL.nc
Processing ../../../datasets/GIRAFE/daily/2013/11/PREdm20131130000000120IMPGS01GL.nc
Processing ../../../datasets/GIRAFE/daily/2013/12/PREdm20131201000000120IMPGS01GL.nc
Processing ../../../datasets/GIRAFE/daily/2013/12/PREdm20131202000000120IMPGS01GL.nc
Processing ../../../datasets/GIRAFE/daily/2013/12/PREdm20131203000000120IMPGS01GL.nc
Processing ../../../datasets/GIRAFE/daily/2013/12/PREdm20131204000000120IMPGS01GL.nc
Processing ../../../datasets/GIRAFE/daily/2013/12/PREdm20131205000000120IMPGS01GL.nc
Processing ../../../datasets/GIRAFE/daily/2013/12/PREdm20131206000000120IMPGS01GL.nc
Processing ../../../datasets/GIRAFE/daily/2013/12/PREdm20131207000000120IMPGS01GL.nc
Processing ../../../datasets/GIRAFE/daily/2013/12/PREdm20131208000000120IMPGS01GL.nc
Processing ../../../datasets/GIRAFE/daily/2013/12/PREdm20131209000000120IMPGS01GL.nc
Processing ../../../datasets/GIRAFE/daily/2013/12/PREdm20131210000000120IMPGS01GL.nc
Processing ../../../datasets/GIRAFE/daily/2013/12/PREdm20131211000000120IMPGS01GL.nc
Processing ../../../datasets/GIRAFE/daily/2013/12/PREdm20131212000000120IMPGS01GL.nc
Processing ../../../datasets/GIRAFE/daily/2013/12/PREdm20131213000000120IMPGS01GL.nc
Processing ../../../datasets/GIRAFE/daily/2013/12/PREdm20131214000000120IMPGS01GL.nc
Processing ../../../datasets/GIRAFE/daily/2013/12/PREdm20131215000000120IMPGS01GL.nc
Processing ../../../datasets/GIRAFE/daily/2013/12/PREdm20131216000000120IMPGS01GL.nc
Processing ../../../datasets/GIRAFE/daily/2013/12/PREdm20131217000000120IMPGS01GL.nc
Processing ../../../datasets/GIRAFE/daily/2013/12/PREdm20131218000000120IMPGS01GL.nc
Processing ../../../datasets/GIRAFE/daily/2013/12/PREdm20131219000000120IMPGS01GL.nc
Processing ../../../datasets/GIRAFE/daily/2013/12/PREdm20131220000000120IMPGS01GL.nc
Processing ../../../datasets/GIRAFE/daily/2013/12/PREdm20131221000000120IMPGS01GL.nc
Processing ../../../datasets/GIRAFE/daily/2013/12/PREdm20131222000000120IMPGS01GL.nc
Processing ../../../datasets/GIRAFE/daily/2013/12/PREdm20131223000000120IMPGS01GL.nc
Processing ../../../datasets/GIRAFE/daily/2013/12/PREdm20131224000000120IMPGS01GL.nc
Processing ../../../datasets/GIRAFE/daily/2013/12/PREdm20131225000000120IMPGS01GL.nc
Processing ../../../datasets/GIRAFE/daily/2013/12/PREdm20131226000000120IMPGS01GL.nc
Processing ../../../datasets/GIRAFE/daily/2013/12/PREdm20131227000000120IMPGS01GL.nc
Processing ../../../datasets/GIRAFE/daily/2013/12/PREdm20131228000000120IMPGS01GL.nc
Processing ../../../datasets/GIRAFE/daily/2013/12/PREdm20131229000000120IMPGS01GL.nc
Processing ../../../datasets/GIRAFE/daily/2013/12/PREdm20131230000000120IMPGS01GL.nc
Processing ../../../datasets/GIRAFE/daily/2013/12/PREdm20131231000000120IMPGS01GL.nc
Processing ../../../datasets/GIRAFE/daily/2014/01/PREdm20140101000000120IMPGS01GL.nc
Processing ../../../datasets/GIRAFE/daily/2014/01/PREdm20140102000000120IMPGS01GL.nc
Processing ../../../datasets/GIRAFE/daily/2014/01/PREdm20140103000000120IMPGS01GL.nc
Processing ../../../datasets/GIRAFE/daily/2014/01/PREdm20140104000000120IMPGS01GL.nc
Processing ../../../datasets/GIRAFE/daily/2014/01/PREdm20140105000000120IMPGS01GL.nc
Processing ../../../datasets/GIRAFE/daily/2014/01/PREdm20140106000000120IMPGS01GL.nc
Processing ../../../datasets/GIRAFE/daily/2014/01/PREdm20140107000000120IMPGS01GL.nc
Processing ../../../datasets/GIRAFE/daily/2014/01/PREdm20140108000000120IMPGS01GL.nc
Processing ../../../datasets/GIRAFE/daily/2014/01/PREdm20140109000000120IMPGS01GL.nc
Processing ../../../datasets/GIRAFE/daily/2014/01/PREdm20140110000000120IMPGS01GL.nc
Processing ../../../datasets/GIRAFE/daily/2014/01/PREdm20140111000000120IMPGS01GL.nc
Processing ../../../datasets/GIRAFE/daily/2014/01/PREdm20140112000000120IMPGS01GL.nc
Processing ../../../datasets/GIRAFE/daily/2014/01/PREdm20140113000000120IMPGS01GL.nc
Processing ../../../datasets/GIRAFE/daily/2014/01/PREdm20140114000000120IMPGS01GL.nc
Processing ../../../datasets/GIRAFE/daily/2014/01/PREdm20140115000000120IMPGS01GL.nc
Processing ../../../datasets/GIRAFE/daily/2014/01/PREdm20140116000000120IMPGS01GL.nc
Processing ../../../datasets/GIRAFE/daily/2014/01/PREdm20140117000000120IMPGS01GL.nc
Processing ../../../datasets/GIRAFE/daily/2014/01/PREdm20140118000000120IMPGS01GL.nc
Processing ../../../datasets/GIRAFE/daily/2014/01/PREdm20140119000000120IMPGS01GL.nc
Processing ../../../datasets/GIRAFE/daily/2014/01/PREdm20140120000000120IMPGS01GL.nc
Processing ../../../datasets/GIRAFE/daily/2014/01/PREdm20140121000000120IMPGS01GL.nc
Processing ../../../datasets/GIRAFE/daily/2014/01/PREdm20140122000000120IMPGS01GL.nc
Processing ../../../datasets/GIRAFE/daily/2014/01/PREdm20140123000000120IMPGS01GL.nc
Processing ../../../datasets/GIRAFE/daily/2014/01/PREdm20140124000000120IMPGS01GL.nc
Processing ../../../datasets/GIRAFE/daily/2014/01/PREdm20140125000000120IMPGS01GL.nc
Processing ../../../datasets/GIRAFE/daily/2014/01/PREdm20140126000000120IMPGS01GL.nc
Processing ../../../datasets/GIRAFE/daily/2014/01/PREdm20140127000000120IMPGS01GL.nc
Processing ../../../datasets/GIRAFE/daily/2014/01/PREdm20140128000000120IMPGS01GL.nc
Processing ../../../datasets/GIRAFE/daily/2014/01/PREdm20140129000000120IMPGS01GL.nc
Processing ../../../datasets/GIRAFE/daily/2014/01/PREdm20140130000000120IMPGS01GL.nc
Processing ../../../datasets/GIRAFE/daily/2014/01/PREdm20140131000000120IMPGS01GL.nc
Processing ../../../datasets/GIRAFE/daily/2014/02/PREdm20140201000000120IMPGS01GL.nc
Processing ../../../datasets/GIRAFE/daily/2014/02/PREdm20140202000000120IMPGS01GL.nc
Processing ../../../datasets/GIRAFE/daily/2014/02/PREdm20140203000000120IMPGS01GL.nc
Processing ../../../datasets/GIRAFE/daily/2014/02/PREdm20140204000000120IMPGS01GL.nc
Processing ../../../datasets/GIRAFE/daily/2014/02/PREdm20140205000000120IMPGS01GL.nc
Processing ../../../datasets/GIRAFE/daily/2014/02/PREdm20140206000000120IMPGS01GL.nc
Processing ../../../datasets/GIRAFE/daily/2014/02/PREdm20140207000000120IMPGS01GL.nc
Processing ../../../datasets/GIRAFE/daily/2014/02/PREdm20140208000000120IMPGS01GL.nc
Processing ../../../datasets/GIRAFE/daily/2014/02/PREdm20140209000000120IMPGS01GL.nc
Processing ../../../datasets/GIRAFE/daily/2014/02/PREdm20140210000000120IMPGS01GL.nc
Processing ../../../datasets/GIRAFE/daily/2014/02/PREdm20140211000000120IMPGS01GL.nc
Processing ../../../datasets/GIRAFE/daily/2014/02/PREdm20140212000000120IMPGS01GL.nc
Processing ../../../datasets/GIRAFE/daily/2014/02/PREdm20140213000000120IMPGS01GL.nc
Processing ../../../datasets/GIRAFE/daily/2014/02/PREdm20140214000000120IMPGS01GL.nc
Processing ../../../datasets/GIRAFE/daily/2014/02/PREdm20140215000000120IMPGS01GL.nc
Processing ../../../datasets/GIRAFE/daily/2014/02/PREdm20140216000000120IMPGS01GL.nc
Processing ../../../datasets/GIRAFE/daily/2014/02/PREdm20140217000000120IMPGS01GL.nc
Processing ../../../datasets/GIRAFE/daily/2014/02/PREdm20140218000000120IMPGS01GL.nc
Processing ../../../datasets/GIRAFE/daily/2014/02/PREdm20140219000000120IMPGS01GL.nc
Processing ../../../datasets/GIRAFE/daily/2014/02/PREdm20140220000000120IMPGS01GL.nc
Processing ../../../datasets/GIRAFE/daily/2014/02/PREdm20140221000000120IMPGS01GL.nc
Processing ../../../datasets/GIRAFE/daily/2014/02/PREdm20140222000000120IMPGS01GL.nc
Processing ../../../datasets/GIRAFE/daily/2014/02/PREdm20140223000000120IMPGS01GL.nc
Processing ../../../datasets/GIRAFE/daily/2014/02/PREdm20140224000000120IMPGS01GL.nc
Processing ../../../datasets/GIRAFE/daily/2014/02/PREdm20140225000000120IMPGS01GL.nc
Processing ../../../datasets/GIRAFE/daily/2014/02/PREdm20140226000000120IMPGS01GL.nc
Processing ../../../datasets/GIRAFE/daily/2014/02/PREdm20140227000000120IMPGS01GL.nc
Processing ../../../datasets/GIRAFE/daily/2014/02/PREdm20140228000000120IMPGS01GL.nc
Processing ../../../datasets/GIRAFE/daily/2014/03/PREdm20140301000000120IMPGS01GL.nc
Processing ../../../datasets/GIRAFE/daily/2014/03/PREdm20140302000000120IMPGS01GL.nc
Processing ../../../datasets/GIRAFE/daily/2014/03/PREdm20140303000000120IMPGS01GL.nc
Processing ../../../datasets/GIRAFE/daily/2014/03/PREdm20140304000000120IMPGS01GL.nc
Processing ../../../datasets/GIRAFE/daily/2014/03/PREdm20140305000000120IMPGS01GL.nc
Processing ../../../datasets/GIRAFE/daily/2014/03/PREdm20140306000000120IMPGS01GL.nc
Processing ../../../datasets/GIRAFE/daily/2014/03/PREdm20140307000000120IMPGS01GL.nc
Processing ../../../datasets/GIRAFE/daily/2014/03/PREdm20140308000000120IMPGS01GL.nc
Processing ../../../datasets/GIRAFE/daily/2014/03/PREdm20140309000000120IMPGS01GL.nc
Processing ../../../datasets/GIRAFE/daily/2014/03/PREdm20140310000000120IMPGS01GL.nc
Processing ../../../datasets/GIRAFE/daily/2014/03/PREdm20140311000000120IMPGS01GL.nc
Processing ../../../datasets/GIRAFE/daily/2014/03/PREdm20140312000000120IMPGS01GL.nc
Processing ../../../datasets/GIRAFE/daily/2014/03/PREdm20140313000000120IMPGS01GL.nc
Processing ../../../datasets/GIRAFE/daily/2014/03/PREdm20140314000000120IMPGS01GL.nc
Processing ../../../datasets/GIRAFE/daily/2014/03/PREdm20140315000000120IMPGS01GL.nc
Processing ../../../datasets/GIRAFE/daily/2014/03/PREdm20140316000000120IMPGS01GL.nc
Processing ../../../datasets/GIRAFE/daily/2014/03/PREdm20140317000000120IMPGS01GL.nc
Processing ../../../datasets/GIRAFE/daily/2014/03/PREdm20140318000000120IMPGS01GL.nc
Processing ../../../datasets/GIRAFE/daily/2014/03/PREdm20140319000000120IMPGS01GL.nc
Processing ../../../datasets/GIRAFE/daily/2014/03/PREdm20140320000000120IMPGS01GL.nc
Processing ../../../datasets/GIRAFE/daily/2014/03/PREdm20140321000000120IMPGS01GL.nc
Processing ../../../datasets/GIRAFE/daily/2014/03/PREdm20140322000000120IMPGS01GL.nc
Processing ../../../datasets/GIRAFE/daily/2014/03/PREdm20140323000000120IMPGS01GL.nc
Processing ../../../datasets/GIRAFE/daily/2014/03/PREdm20140324000000120IMPGS01GL.nc
Processing ../../../datasets/GIRAFE/daily/2014/03/PREdm20140325000000120IMPGS01GL.nc
Processing ../../../datasets/GIRAFE/daily/2014/03/PREdm20140326000000120IMPGS01GL.nc
Processing ../../../datasets/GIRAFE/daily/2014/03/PREdm20140327000000120IMPGS01GL.nc
Processing ../../../datasets/GIRAFE/daily/2014/03/PREdm20140328000000120IMPGS01GL.nc
Processing ../../../datasets/GIRAFE/daily/2014/03/PREdm20140329000000120IMPGS01GL.nc
Processing ../../../datasets/GIRAFE/daily/2014/03/PREdm20140330000000120IMPGS01GL.nc
Processing ../../../datasets/GIRAFE/daily/2014/03/PREdm20140331000000120IMPGS01GL.nc
Processing ../../../datasets/GIRAFE/daily/2014/04/PREdm20140401000000120IMPGS01GL.nc
Processing ../../../datasets/GIRAFE/daily/2014/04/PREdm20140402000000120IMPGS01GL.nc
Processing ../../../datasets/GIRAFE/daily/2014/04/PREdm20140403000000120IMPGS01GL.nc
Processing ../../../datasets/GIRAFE/daily/2014/04/PREdm20140404000000120IMPGS01GL.nc
Processing ../../../datasets/GIRAFE/daily/2014/04/PREdm20140405000000120IMPGS01GL.nc
Processing ../../../datasets/GIRAFE/daily/2014/04/PREdm20140406000000120IMPGS01GL.nc
Processing ../../../datasets/GIRAFE/daily/2014/04/PREdm20140407000000120IMPGS01GL.nc
Processing ../../../datasets/GIRAFE/daily/2014/04/PREdm20140408000000120IMPGS01GL.nc
Processing ../../../datasets/GIRAFE/daily/2014/04/PREdm20140409000000120IMPGS01GL.nc
Processing ../../../datasets/GIRAFE/daily/2014/04/PREdm20140410000000120IMPGS01GL.nc
Processing ../../../datasets/GIRAFE/daily/2014/04/PREdm20140411000000120IMPGS01GL.nc
Processing ../../../datasets/GIRAFE/daily/2014/04/PREdm20140412000000120IMPGS01GL.nc
Processing ../../../datasets/GIRAFE/daily/2014/04/PREdm20140413000000120IMPGS01GL.nc
Processing ../../../datasets/GIRAFE/daily/2014/04/PREdm20140414000000120IMPGS01GL.nc
Processing ../../../datasets/GIRAFE/daily/2014/04/PREdm20140415000000120IMPGS01GL.nc
Processing ../../../datasets/GIRAFE/daily/2014/04/PREdm20140416000000120IMPGS01GL.nc
Processing ../../../datasets/GIRAFE/daily/2014/04/PREdm20140417000000120IMPGS01GL.nc
Processing ../../../datasets/GIRAFE/daily/2014/04/PREdm20140418000000120IMPGS01GL.nc
Processing ../../../datasets/GIRAFE/daily/2014/04/PREdm20140419000000120IMPGS01GL.nc
Processing ../../../datasets/GIRAFE/daily/2014/04/PREdm20140420000000120IMPGS01GL.nc
Processing ../../../datasets/GIRAFE/daily/2014/04/PREdm20140421000000120IMPGS01GL.nc
Processing ../../../datasets/GIRAFE/daily/2014/04/PREdm20140422000000120IMPGS01GL.nc
Processing ../../../datasets/GIRAFE/daily/2014/04/PREdm20140423000000120IMPGS01GL.nc
Processing ../../../datasets/GIRAFE/daily/2014/04/PREdm20140424000000120IMPGS01GL.nc
Processing ../../../datasets/GIRAFE/daily/2014/04/PREdm20140425000000120IMPGS01GL.nc
Processing ../../../datasets/GIRAFE/daily/2014/04/PREdm20140426000000120IMPGS01GL.nc
Processing ../../../datasets/GIRAFE/daily/2014/04/PREdm20140427000000120IMPGS01GL.nc
Processing ../../../datasets/GIRAFE/daily/2014/04/PREdm20140428000000120IMPGS01GL.nc
Processing ../../../datasets/GIRAFE/daily/2014/04/PREdm20140429000000120IMPGS01GL.nc
Processing ../../../datasets/GIRAFE/daily/2014/04/PREdm20140430000000120IMPGS01GL.nc
Processing ../../../datasets/GIRAFE/daily/2014/05/PREdm20140501000000120IMPGS01GL.nc
Processing ../../../datasets/GIRAFE/daily/2014/05/PREdm20140502000000120IMPGS01GL.nc
Processing ../../../datasets/GIRAFE/daily/2014/05/PREdm20140503000000120IMPGS01GL.nc
Processing ../../../datasets/GIRAFE/daily/2014/05/PREdm20140504000000120IMPGS01GL.nc
Processing ../../../datasets/GIRAFE/daily/2014/05/PREdm20140505000000120IMPGS01GL.nc
Processing ../../../datasets/GIRAFE/daily/2014/05/PREdm20140506000000120IMPGS01GL.nc
Processing ../../../datasets/GIRAFE/daily/2014/05/PREdm20140507000000120IMPGS01GL.nc
Processing ../../../datasets/GIRAFE/daily/2014/05/PREdm20140508000000120IMPGS01GL.nc
Processing ../../../datasets/GIRAFE/daily/2014/05/PREdm20140509000000120IMPGS01GL.nc
Processing ../../../datasets/GIRAFE/daily/2014/05/PREdm20140510000000120IMPGS01GL.nc
Processing ../../../datasets/GIRAFE/daily/2014/05/PREdm20140511000000120IMPGS01GL.nc
Processing ../../../datasets/GIRAFE/daily/2014/05/PREdm20140512000000120IMPGS01GL.nc
Processing ../../../datasets/GIRAFE/daily/2014/05/PREdm20140513000000120IMPGS01GL.nc
Processing ../../../datasets/GIRAFE/daily/2014/05/PREdm20140514000000120IMPGS01GL.nc
Processing ../../../datasets/GIRAFE/daily/2014/05/PREdm20140515000000120IMPGS01GL.nc
Processing ../../../datasets/GIRAFE/daily/2014/05/PREdm20140516000000120IMPGS01GL.nc
Processing ../../../datasets/GIRAFE/daily/2014/05/PREdm20140517000000120IMPGS01GL.nc
Processing ../../../datasets/GIRAFE/daily/2014/05/PREdm20140518000000120IMPGS01GL.nc
Processing ../../../datasets/GIRAFE/daily/2014/05/PREdm20140519000000120IMPGS01GL.nc
Processing ../../../datasets/GIRAFE/daily/2014/05/PREdm20140520000000120IMPGS01GL.nc
Processing ../../../datasets/GIRAFE/daily/2014/05/PREdm20140521000000120IMPGS01GL.nc
Processing ../../../datasets/GIRAFE/daily/2014/05/PREdm20140522000000120IMPGS01GL.nc
Processing ../../../datasets/GIRAFE/daily/2014/05/PREdm20140523000000120IMPGS01GL.nc
Processing ../../../datasets/GIRAFE/daily/2014/05/PREdm20140524000000120IMPGS01GL.nc
Processing ../../../datasets/GIRAFE/daily/2014/05/PREdm20140525000000120IMPGS01GL.nc
Processing ../../../datasets/GIRAFE/daily/2014/05/PREdm20140526000000120IMPGS01GL.nc
Processing ../../../datasets/GIRAFE/daily/2014/05/PREdm20140527000000120IMPGS01GL.nc
Processing ../../../datasets/GIRAFE/daily/2014/05/PREdm20140528000000120IMPGS01GL.nc
Processing ../../../datasets/GIRAFE/daily/2014/05/PREdm20140529000000120IMPGS01GL.nc
Processing ../../../datasets/GIRAFE/daily/2014/05/PREdm20140530000000120IMPGS01GL.nc
Processing ../../../datasets/GIRAFE/daily/2014/05/PREdm20140531000000120IMPGS01GL.nc
Processing ../../../datasets/GIRAFE/daily/2014/06/PREdm20140601000000120IMPGS01GL.nc
Processing ../../../datasets/GIRAFE/daily/2014/06/PREdm20140602000000120IMPGS01GL.nc
Processing ../../../datasets/GIRAFE/daily/2014/06/PREdm20140603000000120IMPGS01GL.nc
Processing ../../../datasets/GIRAFE/daily/2014/06/PREdm20140604000000120IMPGS01GL.nc
Processing ../../../datasets/GIRAFE/daily/2014/06/PREdm20140605000000120IMPGS01GL.nc
Processing ../../../datasets/GIRAFE/daily/2014/06/PREdm20140606000000120IMPGS01GL.nc
Processing ../../../datasets/GIRAFE/daily/2014/06/PREdm20140607000000120IMPGS01GL.nc
Processing ../../../datasets/GIRAFE/daily/2014/06/PREdm20140608000000120IMPGS01GL.nc
Processing ../../../datasets/GIRAFE/daily/2014/06/PREdm20140609000000120IMPGS01GL.nc
Processing ../../../datasets/GIRAFE/daily/2014/06/PREdm20140610000000120IMPGS01GL.nc
Processing ../../../datasets/GIRAFE/daily/2014/06/PREdm20140611000000120IMPGS01GL.nc
Processing ../../../datasets/GIRAFE/daily/2014/06/PREdm20140612000000120IMPGS01GL.nc
Processing ../../../datasets/GIRAFE/daily/2014/06/PREdm20140613000000120IMPGS01GL.nc
Processing ../../../datasets/GIRAFE/daily/2014/06/PREdm20140614000000120IMPGS01GL.nc
Processing ../../../datasets/GIRAFE/daily/2014/06/PREdm20140615000000120IMPGS01GL.nc
Processing ../../../datasets/GIRAFE/daily/2014/06/PREdm20140616000000120IMPGS01GL.nc
Processing ../../../datasets/GIRAFE/daily/2014/06/PREdm20140617000000120IMPGS01GL.nc
Processing ../../../datasets/GIRAFE/daily/2014/06/PREdm20140618000000120IMPGS01GL.nc
Processing ../../../datasets/GIRAFE/daily/2014/06/PREdm20140619000000120IMPGS01GL.nc
Processing ../../../datasets/GIRAFE/daily/2014/06/PREdm20140620000000120IMPGS01GL.nc
Processing ../../../datasets/GIRAFE/daily/2014/06/PREdm20140621000000120IMPGS01GL.nc
Processing ../../../datasets/GIRAFE/daily/2014/06/PREdm20140622000000120IMPGS01GL.nc
Processing ../../../datasets/GIRAFE/daily/2014/06/PREdm20140623000000120IMPGS01GL.nc
Processing ../../../datasets/GIRAFE/daily/2014/06/PREdm20140624000000120IMPGS01GL.nc
Processing ../../../datasets/GIRAFE/daily/2014/06/PREdm20140625000000120IMPGS01GL.nc
Processing ../../../datasets/GIRAFE/daily/2014/06/PREdm20140626000000120IMPGS01GL.nc
Processing ../../../datasets/GIRAFE/daily/2014/06/PREdm20140627000000120IMPGS01GL.nc
Processing ../../../datasets/GIRAFE/daily/2014/06/PREdm20140628000000120IMPGS01GL.nc
Processing ../../../datasets/GIRAFE/daily/2014/06/PREdm20140629000000120IMPGS01GL.nc
Processing ../../../datasets/GIRAFE/daily/2014/06/PREdm20140630000000120IMPGS01GL.nc
Processing ../../../datasets/GIRAFE/daily/2014/07/PREdm20140701000000120IMPGS01GL.nc
Processing ../../../datasets/GIRAFE/daily/2014/07/PREdm20140702000000120IMPGS01GL.nc
Processing ../../../datasets/GIRAFE/daily/2014/07/PREdm20140703000000120IMPGS01GL.nc
Processing ../../../datasets/GIRAFE/daily/2014/07/PREdm20140704000000120IMPGS01GL.nc
Processing ../../../datasets/GIRAFE/daily/2014/07/PREdm20140705000000120IMPGS01GL.nc
Processing ../../../datasets/GIRAFE/daily/2014/07/PREdm20140706000000120IMPGS01GL.nc
Processing ../../../datasets/GIRAFE/daily/2014/07/PREdm20140707000000120IMPGS01GL.nc
Processing ../../../datasets/GIRAFE/daily/2014/07/PREdm20140708000000120IMPGS01GL.nc
Processing ../../../datasets/GIRAFE/daily/2014/07/PREdm20140709000000120IMPGS01GL.nc
Processing ../../../datasets/GIRAFE/daily/2014/07/PREdm20140710000000120IMPGS01GL.nc
Processing ../../../datasets/GIRAFE/daily/2014/07/PREdm20140711000000120IMPGS01GL.nc
Processing ../../../datasets/GIRAFE/daily/2014/07/PREdm20140712000000120IMPGS01GL.nc
Processing ../../../datasets/GIRAFE/daily/2014/07/PREdm20140713000000120IMPGS01GL.nc
Processing ../../../datasets/GIRAFE/daily/2014/07/PREdm20140714000000120IMPGS01GL.nc
Processing ../../../datasets/GIRAFE/daily/2014/07/PREdm20140715000000120IMPGS01GL.nc
Processing ../../../datasets/GIRAFE/daily/2014/07/PREdm20140716000000120IMPGS01GL.nc
Processing ../../../datasets/GIRAFE/daily/2014/07/PREdm20140717000000120IMPGS01GL.nc
Processing ../../../datasets/GIRAFE/daily/2014/07/PREdm20140718000000120IMPGS01GL.nc
Processing ../../../datasets/GIRAFE/daily/2014/07/PREdm20140719000000120IMPGS01GL.nc
Processing ../../../datasets/GIRAFE/daily/2014/07/PREdm20140720000000120IMPGS01GL.nc
Processing ../../../datasets/GIRAFE/daily/2014/07/PREdm20140721000000120IMPGS01GL.nc
Processing ../../../datasets/GIRAFE/daily/2014/07/PREdm20140722000000120IMPGS01GL.nc
Processing ../../../datasets/GIRAFE/daily/2014/07/PREdm20140723000000120IMPGS01GL.nc
Processing ../../../datasets/GIRAFE/daily/2014/07/PREdm20140724000000120IMPGS01GL.nc
Processing ../../../datasets/GIRAFE/daily/2014/07/PREdm20140725000000120IMPGS01GL.nc
Processing ../../../datasets/GIRAFE/daily/2014/07/PREdm20140726000000120IMPGS01GL.nc
Processing ../../../datasets/GIRAFE/daily/2014/07/PREdm20140727000000120IMPGS01GL.nc
Processing ../../../datasets/GIRAFE/daily/2014/07/PREdm20140728000000120IMPGS01GL.nc
Processing ../../../datasets/GIRAFE/daily/2014/07/PREdm20140729000000120IMPGS01GL.nc
Processing ../../../datasets/GIRAFE/daily/2014/07/PREdm20140730000000120IMPGS01GL.nc
Processing ../../../datasets/GIRAFE/daily/2014/07/PREdm20140731000000120IMPGS01GL.nc
Processing ../../../datasets/GIRAFE/daily/2014/08/PREdm20140801000000120IMPGS01GL.nc
Processing ../../../datasets/GIRAFE/daily/2014/08/PREdm20140802000000120IMPGS01GL.nc
Processing ../../../datasets/GIRAFE/daily/2014/08/PREdm20140803000000120IMPGS01GL.nc
Processing ../../../datasets/GIRAFE/daily/2014/08/PREdm20140804000000120IMPGS01GL.nc
Processing ../../../datasets/GIRAFE/daily/2014/08/PREdm20140805000000120IMPGS01GL.nc
Processing ../../../datasets/GIRAFE/daily/2014/08/PREdm20140806000000120IMPGS01GL.nc
Processing ../../../datasets/GIRAFE/daily/2014/08/PREdm20140807000000120IMPGS01GL.nc
Processing ../../../datasets/GIRAFE/daily/2014/08/PREdm20140808000000120IMPGS01GL.nc
Processing ../../../datasets/GIRAFE/daily/2014/08/PREdm20140809000000120IMPGS01GL.nc
Processing ../../../datasets/GIRAFE/daily/2014/08/PREdm20140810000000120IMPGS01GL.nc
Processing ../../../datasets/GIRAFE/daily/2014/08/PREdm20140811000000120IMPGS01GL.nc
Processing ../../../datasets/GIRAFE/daily/2014/08/PREdm20140812000000120IMPGS01GL.nc
Processing ../../../datasets/GIRAFE/daily/2014/08/PREdm20140813000000120IMPGS01GL.nc
Processing ../../../datasets/GIRAFE/daily/2014/08/PREdm20140814000000120IMPGS01GL.nc
Processing ../../../datasets/GIRAFE/daily/2014/08/PREdm20140815000000120IMPGS01GL.nc
Processing ../../../datasets/GIRAFE/daily/2014/08/PREdm20140816000000120IMPGS01GL.nc
Processing ../../../datasets/GIRAFE/daily/2014/08/PREdm20140817000000120IMPGS01GL.nc
Processing ../../../datasets/GIRAFE/daily/2014/08/PREdm20140818000000120IMPGS01GL.nc
Processing ../../../datasets/GIRAFE/daily/2014/08/PREdm20140819000000120IMPGS01GL.nc
Processing ../../../datasets/GIRAFE/daily/2014/08/PREdm20140820000000120IMPGS01GL.nc
Processing ../../../datasets/GIRAFE/daily/2014/08/PREdm20140821000000120IMPGS01GL.nc
Processing ../../../datasets/GIRAFE/daily/2014/08/PREdm20140822000000120IMPGS01GL.nc
Processing ../../../datasets/GIRAFE/daily/2014/08/PREdm20140823000000120IMPGS01GL.nc
Processing ../../../datasets/GIRAFE/daily/2014/08/PREdm20140824000000120IMPGS01GL.nc
Processing ../../../datasets/GIRAFE/daily/2014/08/PREdm20140825000000120IMPGS01GL.nc
Processing ../../../datasets/GIRAFE/daily/2014/08/PREdm20140826000000120IMPGS01GL.nc
Processing ../../../datasets/GIRAFE/daily/2014/08/PREdm20140827000000120IMPGS01GL.nc
Processing ../../../datasets/GIRAFE/daily/2014/08/PREdm20140828000000120IMPGS01GL.nc
Processing ../../../datasets/GIRAFE/daily/2014/08/PREdm20140829000000120IMPGS01GL.nc
Processing ../../../datasets/GIRAFE/daily/2014/08/PREdm20140830000000120IMPGS01GL.nc
Processing ../../../datasets/GIRAFE/daily/2014/08/PREdm20140831000000120IMPGS01GL.nc
Processing ../../../datasets/GIRAFE/daily/2014/09/PREdm20140901000000120IMPGS01GL.nc
Processing ../../../datasets/GIRAFE/daily/2014/09/PREdm20140902000000120IMPGS01GL.nc
Processing ../../../datasets/GIRAFE/daily/2014/09/PREdm20140903000000120IMPGS01GL.nc
Processing ../../../datasets/GIRAFE/daily/2014/09/PREdm20140904000000120IMPGS01GL.nc
Processing ../../../datasets/GIRAFE/daily/2014/09/PREdm20140905000000120IMPGS01GL.nc
Processing ../../../datasets/GIRAFE/daily/2014/09/PREdm20140906000000120IMPGS01GL.nc
Processing ../../../datasets/GIRAFE/daily/2014/09/PREdm20140907000000120IMPGS01GL.nc
Processing ../../../datasets/GIRAFE/daily/2014/09/PREdm20140908000000120IMPGS01GL.nc
Processing ../../../datasets/GIRAFE/daily/2014/09/PREdm20140909000000120IMPGS01GL.nc
Processing ../../../datasets/GIRAFE/daily/2014/09/PREdm20140910000000120IMPGS01GL.nc
Processing ../../../datasets/GIRAFE/daily/2014/09/PREdm20140911000000120IMPGS01GL.nc
Processing ../../../datasets/GIRAFE/daily/2014/09/PREdm20140912000000120IMPGS01GL.nc
Processing ../../../datasets/GIRAFE/daily/2014/09/PREdm20140913000000120IMPGS01GL.nc
Processing ../../../datasets/GIRAFE/daily/2014/09/PREdm20140914000000120IMPGS01GL.nc
Processing ../../../datasets/GIRAFE/daily/2014/09/PREdm20140915000000120IMPGS01GL.nc
Processing ../../../datasets/GIRAFE/daily/2014/09/PREdm20140916000000120IMPGS01GL.nc
Processing ../../../datasets/GIRAFE/daily/2014/09/PREdm20140917000000120IMPGS01GL.nc
Processing ../../../datasets/GIRAFE/daily/2014/09/PREdm20140918000000120IMPGS01GL.nc
Processing ../../../datasets/GIRAFE/daily/2014/09/PREdm20140919000000120IMPGS01GL.nc
Processing ../../../datasets/GIRAFE/daily/2014/09/PREdm20140920000000120IMPGS01GL.nc
Processing ../../../datasets/GIRAFE/daily/2014/09/PREdm20140921000000120IMPGS01GL.nc
Processing ../../../datasets/GIRAFE/daily/2014/09/PREdm20140922000000120IMPGS01GL.nc
Processing ../../../datasets/GIRAFE/daily/2014/09/PREdm20140923000000120IMPGS01GL.nc
Processing ../../../datasets/GIRAFE/daily/2014/09/PREdm20140924000000120IMPGS01GL.nc
Processing ../../../datasets/GIRAFE/daily/2014/09/PREdm20140925000000120IMPGS01GL.nc
Processing ../../../datasets/GIRAFE/daily/2014/09/PREdm20140926000000120IMPGS01GL.nc
Processing ../../../datasets/GIRAFE/daily/2014/09/PREdm20140927000000120IMPGS01GL.nc
Processing ../../../datasets/GIRAFE/daily/2014/09/PREdm20140928000000120IMPGS01GL.nc
Processing ../../../datasets/GIRAFE/daily/2014/09/PREdm20140929000000120IMPGS01GL.nc
Processing ../../../datasets/GIRAFE/daily/2014/09/PREdm20140930000000120IMPGS01GL.nc
Processing ../../../datasets/GIRAFE/daily/2014/10/PREdm20141001000000120IMPGS01GL.nc
Processing ../../../datasets/GIRAFE/daily/2014/10/PREdm20141002000000120IMPGS01GL.nc
Processing ../../../datasets/GIRAFE/daily/2014/10/PREdm20141003000000120IMPGS01GL.nc
Processing ../../../datasets/GIRAFE/daily/2014/10/PREdm20141004000000120IMPGS01GL.nc
Processing ../../../datasets/GIRAFE/daily/2014/10/PREdm20141005000000120IMPGS01GL.nc
Processing ../../../datasets/GIRAFE/daily/2014/10/PREdm20141006000000120IMPGS01GL.nc
Processing ../../../datasets/GIRAFE/daily/2014/10/PREdm20141007000000120IMPGS01GL.nc
Processing ../../../datasets/GIRAFE/daily/2014/10/PREdm20141008000000120IMPGS01GL.nc
Processing ../../../datasets/GIRAFE/daily/2014/10/PREdm20141009000000120IMPGS01GL.nc
Processing ../../../datasets/GIRAFE/daily/2014/10/PREdm20141010000000120IMPGS01GL.nc
Processing ../../../datasets/GIRAFE/daily/2014/10/PREdm20141011000000120IMPGS01GL.nc
Processing ../../../datasets/GIRAFE/daily/2014/10/PREdm20141012000000120IMPGS01GL.nc
Processing ../../../datasets/GIRAFE/daily/2014/10/PREdm20141013000000120IMPGS01GL.nc
Processing ../../../datasets/GIRAFE/daily/2014/10/PREdm20141014000000120IMPGS01GL.nc
Processing ../../../datasets/GIRAFE/daily/2014/10/PREdm20141015000000120IMPGS01GL.nc
Processing ../../../datasets/GIRAFE/daily/2014/10/PREdm20141016000000120IMPGS01GL.nc
Processing ../../../datasets/GIRAFE/daily/2014/10/PREdm20141017000000120IMPGS01GL.nc
Processing ../../../datasets/GIRAFE/daily/2014/10/PREdm20141018000000120IMPGS01GL.nc
Processing ../../../datasets/GIRAFE/daily/2014/10/PREdm20141019000000120IMPGS01GL.nc
Processing ../../../datasets/GIRAFE/daily/2014/10/PREdm20141020000000120IMPGS01GL.nc
Processing ../../../datasets/GIRAFE/daily/2014/10/PREdm20141021000000120IMPGS01GL.nc
Processing ../../../datasets/GIRAFE/daily/2014/10/PREdm20141022000000120IMPGS01GL.nc
Processing ../../../datasets/GIRAFE/daily/2014/10/PREdm20141023000000120IMPGS01GL.nc
Processing ../../../datasets/GIRAFE/daily/2014/10/PREdm20141024000000120IMPGS01GL.nc
Processing ../../../datasets/GIRAFE/daily/2014/10/PREdm20141025000000120IMPGS01GL.nc
Processing ../../../datasets/GIRAFE/daily/2014/10/PREdm20141026000000120IMPGS01GL.nc
Processing ../../../datasets/GIRAFE/daily/2014/10/PREdm20141027000000120IMPGS01GL.nc
Processing ../../../datasets/GIRAFE/daily/2014/10/PREdm20141028000000120IMPGS01GL.nc
Processing ../../../datasets/GIRAFE/daily/2014/10/PREdm20141029000000120IMPGS01GL.nc
Processing ../../../datasets/GIRAFE/daily/2014/10/PREdm20141030000000120IMPGS01GL.nc
Processing ../../../datasets/GIRAFE/daily/2014/10/PREdm20141031000000120IMPGS01GL.nc
Processing ../../../datasets/GIRAFE/daily/2014/11/PREdm20141101000000120IMPGS01GL.nc
Processing ../../../datasets/GIRAFE/daily/2014/11/PREdm20141102000000120IMPGS01GL.nc
Processing ../../../datasets/GIRAFE/daily/2014/11/PREdm20141103000000120IMPGS01GL.nc
Processing ../../../datasets/GIRAFE/daily/2014/11/PREdm20141104000000120IMPGS01GL.nc
Processing ../../../datasets/GIRAFE/daily/2014/11/PREdm20141105000000120IMPGS01GL.nc
Processing ../../../datasets/GIRAFE/daily/2014/11/PREdm20141106000000120IMPGS01GL.nc
Processing ../../../datasets/GIRAFE/daily/2014/11/PREdm20141107000000120IMPGS01GL.nc
Processing ../../../datasets/GIRAFE/daily/2014/11/PREdm20141108000000120IMPGS01GL.nc
Processing ../../../datasets/GIRAFE/daily/2014/11/PREdm20141109000000120IMPGS01GL.nc
Processing ../../../datasets/GIRAFE/daily/2014/11/PREdm20141110000000120IMPGS01GL.nc
Processing ../../../datasets/GIRAFE/daily/2014/11/PREdm20141111000000120IMPGS01GL.nc
Processing ../../../datasets/GIRAFE/daily/2014/11/PREdm20141112000000120IMPGS01GL.nc
Processing ../../../datasets/GIRAFE/daily/2014/11/PREdm20141113000000120IMPGS01GL.nc
Processing ../../../datasets/GIRAFE/daily/2014/11/PREdm20141114000000120IMPGS01GL.nc
Processing ../../../datasets/GIRAFE/daily/2014/11/PREdm20141115000000120IMPGS01GL.nc
Processing ../../../datasets/GIRAFE/daily/2014/11/PREdm20141116000000120IMPGS01GL.nc
Processing ../../../datasets/GIRAFE/daily/2014/11/PREdm20141117000000120IMPGS01GL.nc
Processing ../../../datasets/GIRAFE/daily/2014/11/PREdm20141118000000120IMPGS01GL.nc
Processing ../../../datasets/GIRAFE/daily/2014/11/PREdm20141119000000120IMPGS01GL.nc
Processing ../../../datasets/GIRAFE/daily/2014/11/PREdm20141120000000120IMPGS01GL.nc
Processing ../../../datasets/GIRAFE/daily/2014/11/PREdm20141121000000120IMPGS01GL.nc
Processing ../../../datasets/GIRAFE/daily/2014/11/PREdm20141122000000120IMPGS01GL.nc
Processing ../../../datasets/GIRAFE/daily/2014/11/PREdm20141123000000120IMPGS01GL.nc
Processing ../../../datasets/GIRAFE/daily/2014/11/PREdm20141124000000120IMPGS01GL.nc
Processing ../../../datasets/GIRAFE/daily/2014/11/PREdm20141125000000120IMPGS01GL.nc
Processing ../../../datasets/GIRAFE/daily/2014/11/PREdm20141126000000120IMPGS01GL.nc
Processing ../../../datasets/GIRAFE/daily/2014/11/PREdm20141127000000120IMPGS01GL.nc
Processing ../../../datasets/GIRAFE/daily/2014/11/PREdm20141128000000120IMPGS01GL.nc
Processing ../../../datasets/GIRAFE/daily/2014/11/PREdm20141129000000120IMPGS01GL.nc
Processing ../../../datasets/GIRAFE/daily/2014/11/PREdm20141130000000120IMPGS01GL.nc
Processing ../../../datasets/GIRAFE/daily/2014/12/PREdm20141201000000120IMPGS01GL.nc
Processing ../../../datasets/GIRAFE/daily/2014/12/PREdm20141202000000120IMPGS01GL.nc
Processing ../../../datasets/GIRAFE/daily/2014/12/PREdm20141203000000120IMPGS01GL.nc
Processing ../../../datasets/GIRAFE/daily/2014/12/PREdm20141204000000120IMPGS01GL.nc
Processing ../../../datasets/GIRAFE/daily/2014/12/PREdm20141205000000120IMPGS01GL.nc
Processing ../../../datasets/GIRAFE/daily/2014/12/PREdm20141206000000120IMPGS01GL.nc
Processing ../../../datasets/GIRAFE/daily/2014/12/PREdm20141207000000120IMPGS01GL.nc
Processing ../../../datasets/GIRAFE/daily/2014/12/PREdm20141208000000120IMPGS01GL.nc
Processing ../../../datasets/GIRAFE/daily/2014/12/PREdm20141209000000120IMPGS01GL.nc
Processing ../../../datasets/GIRAFE/daily/2014/12/PREdm20141210000000120IMPGS01GL.nc
Processing ../../../datasets/GIRAFE/daily/2014/12/PREdm20141211000000120IMPGS01GL.nc
Processing ../../../datasets/GIRAFE/daily/2014/12/PREdm20141212000000120IMPGS01GL.nc
Processing ../../../datasets/GIRAFE/daily/2014/12/PREdm20141213000000120IMPGS01GL.nc
Processing ../../../datasets/GIRAFE/daily/2014/12/PREdm20141214000000120IMPGS01GL.nc
Processing ../../../datasets/GIRAFE/daily/2014/12/PREdm20141215000000120IMPGS01GL.nc
Processing ../../../datasets/GIRAFE/daily/2014/12/PREdm20141216000000120IMPGS01GL.nc
Processing ../../../datasets/GIRAFE/daily/2014/12/PREdm20141217000000120IMPGS01GL.nc
Processing ../../../datasets/GIRAFE/daily/2014/12/PREdm20141218000000120IMPGS01GL.nc
Processing ../../../datasets/GIRAFE/daily/2014/12/PREdm20141219000000120IMPGS01GL.nc
Processing ../../../datasets/GIRAFE/daily/2014/12/PREdm20141220000000120IMPGS01GL.nc
Processing ../../../datasets/GIRAFE/daily/2014/12/PREdm20141221000000120IMPGS01GL.nc
Processing ../../../datasets/GIRAFE/daily/2014/12/PREdm20141222000000120IMPGS01GL.nc
Processing ../../../datasets/GIRAFE/daily/2014/12/PREdm20141223000000120IMPGS01GL.nc
Processing ../../../datasets/GIRAFE/daily/2014/12/PREdm20141224000000120IMPGS01GL.nc
Processing ../../../datasets/GIRAFE/daily/2014/12/PREdm20141225000000120IMPGS01GL.nc
Processing ../../../datasets/GIRAFE/daily/2014/12/PREdm20141226000000120IMPGS01GL.nc
Processing ../../../datasets/GIRAFE/daily/2014/12/PREdm20141227000000120IMPGS01GL.nc
Processing ../../../datasets/GIRAFE/daily/2014/12/PREdm20141228000000120IMPGS01GL.nc
Processing ../../../datasets/GIRAFE/daily/2014/12/PREdm20141229000000120IMPGS01GL.nc
Processing ../../../datasets/GIRAFE/daily/2014/12/PREdm20141230000000120IMPGS01GL.nc
Processing ../../../datasets/GIRAFE/daily/2014/12/PREdm20141231000000120IMPGS01GL.nc
Processing ../../../datasets/GIRAFE/daily/2015/01/PREdm20150101000000120IMPGS01GL.nc
Processing ../../../datasets/GIRAFE/daily/2015/01/PREdm20150102000000120IMPGS01GL.nc
Processing ../../../datasets/GIRAFE/daily/2015/01/PREdm20150103000000120IMPGS01GL.nc
Processing ../../../datasets/GIRAFE/daily/2015/01/PREdm20150104000000120IMPGS01GL.nc
Processing ../../../datasets/GIRAFE/daily/2015/01/PREdm20150105000000120IMPGS01GL.nc
Processing ../../../datasets/GIRAFE/daily/2015/01/PREdm20150106000000120IMPGS01GL.nc
Processing ../../../datasets/GIRAFE/daily/2015/01/PREdm20150107000000120IMPGS01GL.nc
Processing ../../../datasets/GIRAFE/daily/2015/01/PREdm20150108000000120IMPGS01GL.nc
Processing ../../../datasets/GIRAFE/daily/2015/01/PREdm20150109000000120IMPGS01GL.nc
Processing ../../../datasets/GIRAFE/daily/2015/01/PREdm20150110000000120IMPGS01GL.nc
Processing ../../../datasets/GIRAFE/daily/2015/01/PREdm20150111000000120IMPGS01GL.nc
Processing ../../../datasets/GIRAFE/daily/2015/01/PREdm20150112000000120IMPGS01GL.nc
Processing ../../../datasets/GIRAFE/daily/2015/01/PREdm20150113000000120IMPGS01GL.nc
Processing ../../../datasets/GIRAFE/daily/2015/01/PREdm20150114000000120IMPGS01GL.nc
Processing ../../../datasets/GIRAFE/daily/2015/01/PREdm20150115000000120IMPGS01GL.nc
Processing ../../../datasets/GIRAFE/daily/2015/01/PREdm20150116000000120IMPGS01GL.nc
Processing ../../../datasets/GIRAFE/daily/2015/01/PREdm20150117000000120IMPGS01GL.nc
Processing ../../../datasets/GIRAFE/daily/2015/01/PREdm20150118000000120IMPGS01GL.nc
Processing ../../../datasets/GIRAFE/daily/2015/01/PREdm20150119000000120IMPGS01GL.nc
Processing ../../../datasets/GIRAFE/daily/2015/01/PREdm20150120000000120IMPGS01GL.nc
Processing ../../../datasets/GIRAFE/daily/2015/01/PREdm20150121000000120IMPGS01GL.nc
Processing ../../../datasets/GIRAFE/daily/2015/01/PREdm20150122000000120IMPGS01GL.nc
Processing ../../../datasets/GIRAFE/daily/2015/01/PREdm20150123000000120IMPGS01GL.nc
Processing ../../../datasets/GIRAFE/daily/2015/01/PREdm20150124000000120IMPGS01GL.nc
Processing ../../../datasets/GIRAFE/daily/2015/01/PREdm20150125000000120IMPGS01GL.nc
Processing ../../../datasets/GIRAFE/daily/2015/01/PREdm20150126000000120IMPGS01GL.nc
Processing ../../../datasets/GIRAFE/daily/2015/01/PREdm20150127000000120IMPGS01GL.nc
Processing ../../../datasets/GIRAFE/daily/2015/01/PREdm20150128000000120IMPGS01GL.nc
Processing ../../../datasets/GIRAFE/daily/2015/01/PREdm20150129000000120IMPGS01GL.nc
Processing ../../../datasets/GIRAFE/daily/2015/01/PREdm20150130000000120IMPGS01GL.nc
Processing ../../../datasets/GIRAFE/daily/2015/01/PREdm20150131000000120IMPGS01GL.nc
Processing ../../../datasets/GIRAFE/daily/2015/02/PREdm20150201000000120IMPGS01GL.nc
Processing ../../../datasets/GIRAFE/daily/2015/02/PREdm20150202000000120IMPGS01GL.nc
Processing ../../../datasets/GIRAFE/daily/2015/02/PREdm20150203000000120IMPGS01GL.nc
Processing ../../../datasets/GIRAFE/daily/2015/02/PREdm20150204000000120IMPGS01GL.nc
Processing ../../../datasets/GIRAFE/daily/2015/02/PREdm20150205000000120IMPGS01GL.nc
Processing ../../../datasets/GIRAFE/daily/2015/02/PREdm20150206000000120IMPGS01GL.nc
Processing ../../../datasets/GIRAFE/daily/2015/02/PREdm20150207000000120IMPGS01GL.nc
Processing ../../../datasets/GIRAFE/daily/2015/02/PREdm20150208000000120IMPGS01GL.nc
Processing ../../../datasets/GIRAFE/daily/2015/02/PREdm20150209000000120IMPGS01GL.nc
Processing ../../../datasets/GIRAFE/daily/2015/02/PREdm20150210000000120IMPGS01GL.nc
Processing ../../../datasets/GIRAFE/daily/2015/02/PREdm20150211000000120IMPGS01GL.nc
Processing ../../../datasets/GIRAFE/daily/2015/02/PREdm20150212000000120IMPGS01GL.nc
Processing ../../../datasets/GIRAFE/daily/2015/02/PREdm20150213000000120IMPGS01GL.nc
Processing ../../../datasets/GIRAFE/daily/2015/02/PREdm20150214000000120IMPGS01GL.nc
Processing ../../../datasets/GIRAFE/daily/2015/02/PREdm20150215000000120IMPGS01GL.nc
Processing ../../../datasets/GIRAFE/daily/2015/02/PREdm20150216000000120IMPGS01GL.nc
Processing ../../../datasets/GIRAFE/daily/2015/02/PREdm20150217000000120IMPGS01GL.nc
Processing ../../../datasets/GIRAFE/daily/2015/02/PREdm20150218000000120IMPGS01GL.nc
Processing ../../../datasets/GIRAFE/daily/2015/02/PREdm20150219000000120IMPGS01GL.nc
Processing ../../../datasets/GIRAFE/daily/2015/02/PREdm20150220000000120IMPGS01GL.nc
Processing ../../../datasets/GIRAFE/daily/2015/02/PREdm20150221000000120IMPGS01GL.nc
Processing ../../../datasets/GIRAFE/daily/2015/02/PREdm20150222000000120IMPGS01GL.nc
Processing ../../../datasets/GIRAFE/daily/2015/02/PREdm20150223000000120IMPGS01GL.nc
Processing ../../../datasets/GIRAFE/daily/2015/02/PREdm20150224000000120IMPGS01GL.nc
Processing ../../../datasets/GIRAFE/daily/2015/02/PREdm20150225000000120IMPGS01GL.nc
Processing ../../../datasets/GIRAFE/daily/2015/02/PREdm20150226000000120IMPGS01GL.nc
Processing ../../../datasets/GIRAFE/daily/2015/02/PREdm20150227000000120IMPGS01GL.nc
Processing ../../../datasets/GIRAFE/daily/2015/02/PREdm20150228000000120IMPGS01GL.nc
Processing ../../../datasets/GIRAFE/daily/2015/03/PREdm20150301000000120IMPGS01GL.nc
Processing ../../../datasets/GIRAFE/daily/2015/03/PREdm20150302000000120IMPGS01GL.nc
Processing ../../../datasets/GIRAFE/daily/2015/03/PREdm20150303000000120IMPGS01GL.nc
Processing ../../../datasets/GIRAFE/daily/2015/03/PREdm20150304000000120IMPGS01GL.nc
Processing ../../../datasets/GIRAFE/daily/2015/03/PREdm20150305000000120IMPGS01GL.nc
Processing ../../../datasets/GIRAFE/daily/2015/03/PREdm20150306000000120IMPGS01GL.nc
Processing ../../../datasets/GIRAFE/daily/2015/03/PREdm20150307000000120IMPGS01GL.nc
Processing ../../../datasets/GIRAFE/daily/2015/03/PREdm20150308000000120IMPGS01GL.nc
Processing ../../../datasets/GIRAFE/daily/2015/03/PREdm20150309000000120IMPGS01GL.nc
Processing ../../../datasets/GIRAFE/daily/2015/03/PREdm20150310000000120IMPGS01GL.nc
Processing ../../../datasets/GIRAFE/daily/2015/03/PREdm20150311000000120IMPGS01GL.nc
Processing ../../../datasets/GIRAFE/daily/2015/03/PREdm20150312000000120IMPGS01GL.nc
Processing ../../../datasets/GIRAFE/daily/2015/03/PREdm20150313000000120IMPGS01GL.nc
Processing ../../../datasets/GIRAFE/daily/2015/03/PREdm20150314000000120IMPGS01GL.nc
Processing ../../../datasets/GIRAFE/daily/2015/03/PREdm20150315000000120IMPGS01GL.nc
Processing ../../../datasets/GIRAFE/daily/2015/03/PREdm20150316000000120IMPGS01GL.nc
Processing ../../../datasets/GIRAFE/daily/2015/03/PREdm20150317000000120IMPGS01GL.nc
Processing ../../../datasets/GIRAFE/daily/2015/03/PREdm20150318000000120IMPGS01GL.nc
Processing ../../../datasets/GIRAFE/daily/2015/03/PREdm20150319000000120IMPGS01GL.nc
Processing ../../../datasets/GIRAFE/daily/2015/03/PREdm20150320000000120IMPGS01GL.nc
Processing ../../../datasets/GIRAFE/daily/2015/03/PREdm20150321000000120IMPGS01GL.nc
Processing ../../../datasets/GIRAFE/daily/2015/03/PREdm20150322000000120IMPGS01GL.nc
Processing ../../../datasets/GIRAFE/daily/2015/03/PREdm20150323000000120IMPGS01GL.nc
Processing ../../../datasets/GIRAFE/daily/2015/03/PREdm20150324000000120IMPGS01GL.nc
Processing ../../../datasets/GIRAFE/daily/2015/03/PREdm20150325000000120IMPGS01GL.nc
Processing ../../../datasets/GIRAFE/daily/2015/03/PREdm20150326000000120IMPGS01GL.nc
Processing ../../../datasets/GIRAFE/daily/2015/03/PREdm20150327000000120IMPGS01GL.nc
Processing ../../../datasets/GIRAFE/daily/2015/03/PREdm20150328000000120IMPGS01GL.nc
Processing ../../../datasets/GIRAFE/daily/2015/03/PREdm20150329000000120IMPGS01GL.nc
Processing ../../../datasets/GIRAFE/daily/2015/03/PREdm20150330000000120IMPGS01GL.nc
Processing ../../../datasets/GIRAFE/daily/2015/03/PREdm20150331000000120IMPGS01GL.nc
Processing ../../../datasets/GIRAFE/daily/2015/04/PREdm20150401000000120IMPGS01GL.nc
Processing ../../../datasets/GIRAFE/daily/2015/04/PREdm20150402000000120IMPGS01GL.nc
Processing ../../../datasets/GIRAFE/daily/2015/04/PREdm20150403000000120IMPGS01GL.nc
Processing ../../../datasets/GIRAFE/daily/2015/04/PREdm20150404000000120IMPGS01GL.nc
Processing ../../../datasets/GIRAFE/daily/2015/04/PREdm20150405000000120IMPGS01GL.nc
Processing ../../../datasets/GIRAFE/daily/2015/04/PREdm20150406000000120IMPGS01GL.nc
Processing ../../../datasets/GIRAFE/daily/2015/04/PREdm20150407000000120IMPGS01GL.nc
Processing ../../../datasets/GIRAFE/daily/2015/04/PREdm20150408000000120IMPGS01GL.nc
Processing ../../../datasets/GIRAFE/daily/2015/04/PREdm20150409000000120IMPGS01GL.nc
Processing ../../../datasets/GIRAFE/daily/2015/04/PREdm20150410000000120IMPGS01GL.nc
Processing ../../../datasets/GIRAFE/daily/2015/04/PREdm20150411000000120IMPGS01GL.nc
Processing ../../../datasets/GIRAFE/daily/2015/04/PREdm20150412000000120IMPGS01GL.nc
Processing ../../../datasets/GIRAFE/daily/2015/04/PREdm20150413000000120IMPGS01GL.nc
Processing ../../../datasets/GIRAFE/daily/2015/04/PREdm20150414000000120IMPGS01GL.nc
Processing ../../../datasets/GIRAFE/daily/2015/04/PREdm20150415000000120IMPGS01GL.nc
Processing ../../../datasets/GIRAFE/daily/2015/04/PREdm20150416000000120IMPGS01GL.nc
Processing ../../../datasets/GIRAFE/daily/2015/04/PREdm20150417000000120IMPGS01GL.nc
Processing ../../../datasets/GIRAFE/daily/2015/04/PREdm20150418000000120IMPGS01GL.nc
Processing ../../../datasets/GIRAFE/daily/2015/04/PREdm20150419000000120IMPGS01GL.nc
Processing ../../../datasets/GIRAFE/daily/2015/04/PREdm20150420000000120IMPGS01GL.nc
Processing ../../../datasets/GIRAFE/daily/2015/04/PREdm20150421000000120IMPGS01GL.nc
Processing ../../../datasets/GIRAFE/daily/2015/04/PREdm20150422000000120IMPGS01GL.nc
Processing ../../../datasets/GIRAFE/daily/2015/04/PREdm20150423000000120IMPGS01GL.nc
Processing ../../../datasets/GIRAFE/daily/2015/04/PREdm20150424000000120IMPGS01GL.nc
Processing ../../../datasets/GIRAFE/daily/2015/04/PREdm20150425000000120IMPGS01GL.nc
Processing ../../../datasets/GIRAFE/daily/2015/04/PREdm20150426000000120IMPGS01GL.nc
Processing ../../../datasets/GIRAFE/daily/2015/04/PREdm20150427000000120IMPGS01GL.nc
Processing ../../../datasets/GIRAFE/daily/2015/04/PREdm20150428000000120IMPGS01GL.nc
Processing ../../../datasets/GIRAFE/daily/2015/04/PREdm20150429000000120IMPGS01GL.nc
Processing ../../../datasets/GIRAFE/daily/2015/04/PREdm20150430000000120IMPGS01GL.nc
Processing ../../../datasets/GIRAFE/daily/2015/05/PREdm20150501000000120IMPGS01GL.nc
Processing ../../../datasets/GIRAFE/daily/2015/05/PREdm20150502000000120IMPGS01GL.nc
Processing ../../../datasets/GIRAFE/daily/2015/05/PREdm20150503000000120IMPGS01GL.nc
Processing ../../../datasets/GIRAFE/daily/2015/05/PREdm20150504000000120IMPGS01GL.nc
Processing ../../../datasets/GIRAFE/daily/2015/05/PREdm20150505000000120IMPGS01GL.nc
Processing ../../../datasets/GIRAFE/daily/2015/05/PREdm20150506000000120IMPGS01GL.nc
Processing ../../../datasets/GIRAFE/daily/2015/05/PREdm20150507000000120IMPGS01GL.nc
Processing ../../../datasets/GIRAFE/daily/2015/05/PREdm20150508000000120IMPGS01GL.nc
Processing ../../../datasets/GIRAFE/daily/2015/05/PREdm20150509000000120IMPGS01GL.nc
Processing ../../../datasets/GIRAFE/daily/2015/05/PREdm20150510000000120IMPGS01GL.nc
Processing ../../../datasets/GIRAFE/daily/2015/05/PREdm20150511000000120IMPGS01GL.nc
Processing ../../../datasets/GIRAFE/daily/2015/05/PREdm20150512000000120IMPGS01GL.nc
Processing ../../../datasets/GIRAFE/daily/2015/05/PREdm20150513000000120IMPGS01GL.nc
Processing ../../../datasets/GIRAFE/daily/2015/05/PREdm20150514000000120IMPGS01GL.nc
Processing ../../../datasets/GIRAFE/daily/2015/05/PREdm20150515000000120IMPGS01GL.nc
Processing ../../../datasets/GIRAFE/daily/2015/05/PREdm20150516000000120IMPGS01GL.nc
Processing ../../../datasets/GIRAFE/daily/2015/05/PREdm20150517000000120IMPGS01GL.nc
Processing ../../../datasets/GIRAFE/daily/2015/05/PREdm20150518000000120IMPGS01GL.nc
Processing ../../../datasets/GIRAFE/daily/2015/05/PREdm20150519000000120IMPGS01GL.nc
Processing ../../../datasets/GIRAFE/daily/2015/05/PREdm20150520000000120IMPGS01GL.nc
Processing ../../../datasets/GIRAFE/daily/2015/05/PREdm20150521000000120IMPGS01GL.nc
Processing ../../../datasets/GIRAFE/daily/2015/05/PREdm20150522000000120IMPGS01GL.nc
Processing ../../../datasets/GIRAFE/daily/2015/05/PREdm20150523000000120IMPGS01GL.nc
Processing ../../../datasets/GIRAFE/daily/2015/05/PREdm20150524000000120IMPGS01GL.nc
Processing ../../../datasets/GIRAFE/daily/2015/05/PREdm20150525000000120IMPGS01GL.nc
Processing ../../../datasets/GIRAFE/daily/2015/05/PREdm20150526000000120IMPGS01GL.nc
Processing ../../../datasets/GIRAFE/daily/2015/05/PREdm20150527000000120IMPGS01GL.nc
Processing ../../../datasets/GIRAFE/daily/2015/05/PREdm20150528000000120IMPGS01GL.nc
Processing ../../../datasets/GIRAFE/daily/2015/05/PREdm20150529000000120IMPGS01GL.nc
Processing ../../../datasets/GIRAFE/daily/2015/05/PREdm20150530000000120IMPGS01GL.nc
Processing ../../../datasets/GIRAFE/daily/2015/05/PREdm20150531000000120IMPGS01GL.nc
Processing ../../../datasets/GIRAFE/daily/2015/06/PREdm20150601000000120IMPGS01GL.nc
Processing ../../../datasets/GIRAFE/daily/2015/06/PREdm20150602000000120IMPGS01GL.nc
Processing ../../../datasets/GIRAFE/daily/2015/06/PREdm20150603000000120IMPGS01GL.nc
Processing ../../../datasets/GIRAFE/daily/2015/06/PREdm20150604000000120IMPGS01GL.nc
Processing ../../../datasets/GIRAFE/daily/2015/06/PREdm20150605000000120IMPGS01GL.nc
Processing ../../../datasets/GIRAFE/daily/2015/06/PREdm20150606000000120IMPGS01GL.nc
Processing ../../../datasets/GIRAFE/daily/2015/06/PREdm20150607000000120IMPGS01GL.nc
Processing ../../../datasets/GIRAFE/daily/2015/06/PREdm20150608000000120IMPGS01GL.nc
Processing ../../../datasets/GIRAFE/daily/2015/06/PREdm20150609000000120IMPGS01GL.nc
Processing ../../../datasets/GIRAFE/daily/2015/06/PREdm20150610000000120IMPGS01GL.nc
Processing ../../../datasets/GIRAFE/daily/2015/06/PREdm20150611000000120IMPGS01GL.nc
Processing ../../../datasets/GIRAFE/daily/2015/06/PREdm20150612000000120IMPGS01GL.nc
Processing ../../../datasets/GIRAFE/daily/2015/06/PREdm20150613000000120IMPGS01GL.nc
Processing ../../../datasets/GIRAFE/daily/2015/06/PREdm20150614000000120IMPGS01GL.nc
Processing ../../../datasets/GIRAFE/daily/2015/06/PREdm20150615000000120IMPGS01GL.nc
Processing ../../../datasets/GIRAFE/daily/2015/06/PREdm20150616000000120IMPGS01GL.nc
Processing ../../../datasets/GIRAFE/daily/2015/06/PREdm20150617000000120IMPGS01GL.nc
Processing ../../../datasets/GIRAFE/daily/2015/06/PREdm20150618000000120IMPGS01GL.nc
Processing ../../../datasets/GIRAFE/daily/2015/06/PREdm20150619000000120IMPGS01GL.nc
Processing ../../../datasets/GIRAFE/daily/2015/06/PREdm20150620000000120IMPGS01GL.nc
Processing ../../../datasets/GIRAFE/daily/2015/06/PREdm20150621000000120IMPGS01GL.nc
Processing ../../../datasets/GIRAFE/daily/2015/06/PREdm20150622000000120IMPGS01GL.nc
Processing ../../../datasets/GIRAFE/daily/2015/06/PREdm20150623000000120IMPGS01GL.nc
Processing ../../../datasets/GIRAFE/daily/2015/06/PREdm20150624000000120IMPGS01GL.nc
Processing ../../../datasets/GIRAFE/daily/2015/06/PREdm20150625000000120IMPGS01GL.nc
Processing ../../../datasets/GIRAFE/daily/2015/06/PREdm20150626000000120IMPGS01GL.nc
Processing ../../../datasets/GIRAFE/daily/2015/06/PREdm20150627000000120IMPGS01GL.nc
Processing ../../../datasets/GIRAFE/daily/2015/06/PREdm20150628000000120IMPGS01GL.nc
Processing ../../../datasets/GIRAFE/daily/2015/06/PREdm20150629000000120IMPGS01GL.nc
Processing ../../../datasets/GIRAFE/daily/2015/06/PREdm20150630000000120IMPGS01GL.nc
Processing ../../../datasets/GIRAFE/daily/2015/07/PREdm20150701000000120IMPGS01GL.nc
Processing ../../../datasets/GIRAFE/daily/2015/07/PREdm20150702000000120IMPGS01GL.nc
Processing ../../../datasets/GIRAFE/daily/2015/07/PREdm20150703000000120IMPGS01GL.nc
Processing ../../../datasets/GIRAFE/daily/2015/07/PREdm20150704000000120IMPGS01GL.nc
Processing ../../../datasets/GIRAFE/daily/2015/07/PREdm20150705000000120IMPGS01GL.nc
Processing ../../../datasets/GIRAFE/daily/2015/07/PREdm20150706000000120IMPGS01GL.nc
Processing ../../../datasets/GIRAFE/daily/2015/07/PREdm20150707000000120IMPGS01GL.nc
Processing ../../../datasets/GIRAFE/daily/2015/07/PREdm20150708000000120IMPGS01GL.nc
Processing ../../../datasets/GIRAFE/daily/2015/07/PREdm20150709000000120IMPGS01GL.nc
Processing ../../../datasets/GIRAFE/daily/2015/07/PREdm20150710000000120IMPGS01GL.nc
Processing ../../../datasets/GIRAFE/daily/2015/07/PREdm20150711000000120IMPGS01GL.nc
Processing ../../../datasets/GIRAFE/daily/2015/07/PREdm20150712000000120IMPGS01GL.nc
Processing ../../../datasets/GIRAFE/daily/2015/07/PREdm20150713000000120IMPGS01GL.nc
Processing ../../../datasets/GIRAFE/daily/2015/07/PREdm20150714000000120IMPGS01GL.nc
Processing ../../../datasets/GIRAFE/daily/2015/07/PREdm20150715000000120IMPGS01GL.nc
Processing ../../../datasets/GIRAFE/daily/2015/07/PREdm20150716000000120IMPGS01GL.nc
Processing ../../../datasets/GIRAFE/daily/2015/07/PREdm20150717000000120IMPGS01GL.nc
Processing ../../../datasets/GIRAFE/daily/2015/07/PREdm20150718000000120IMPGS01GL.nc
Processing ../../../datasets/GIRAFE/daily/2015/07/PREdm20150719000000120IMPGS01GL.nc
Processing ../../../datasets/GIRAFE/daily/2015/07/PREdm20150720000000120IMPGS01GL.nc
Processing ../../../datasets/GIRAFE/daily/2015/07/PREdm20150721000000120IMPGS01GL.nc
Processing ../../../datasets/GIRAFE/daily/2015/07/PREdm20150722000000120IMPGS01GL.nc
Processing ../../../datasets/GIRAFE/daily/2015/07/PREdm20150723000000120IMPGS01GL.nc
Processing ../../../datasets/GIRAFE/daily/2015/07/PREdm20150724000000120IMPGS01GL.nc
Processing ../../../datasets/GIRAFE/daily/2015/07/PREdm20150725000000120IMPGS01GL.nc
Processing ../../../datasets/GIRAFE/daily/2015/07/PREdm20150726000000120IMPGS01GL.nc
Processing ../../../datasets/GIRAFE/daily/2015/07/PREdm20150727000000120IMPGS01GL.nc
Processing ../../../datasets/GIRAFE/daily/2015/07/PREdm20150728000000120IMPGS01GL.nc
Processing ../../../datasets/GIRAFE/daily/2015/07/PREdm20150729000000120IMPGS01GL.nc
Processing ../../../datasets/GIRAFE/daily/2015/07/PREdm20150730000000120IMPGS01GL.nc
Processing ../../../datasets/GIRAFE/daily/2015/07/PREdm20150731000000120IMPGS01GL.nc
Processing ../../../datasets/GIRAFE/daily/2015/08/PREdm20150801000000120IMPGS01GL.nc
Processing ../../../datasets/GIRAFE/daily/2015/08/PREdm20150802000000120IMPGS01GL.nc
Processing ../../../datasets/GIRAFE/daily/2015/08/PREdm20150803000000120IMPGS01GL.nc
Processing ../../../datasets/GIRAFE/daily/2015/08/PREdm20150804000000120IMPGS01GL.nc
Processing ../../../datasets/GIRAFE/daily/2015/08/PREdm20150805000000120IMPGS01GL.nc
Processing ../../../datasets/GIRAFE/daily/2015/08/PREdm20150806000000120IMPGS01GL.nc
Processing ../../../datasets/GIRAFE/daily/2015/08/PREdm20150807000000120IMPGS01GL.nc
Processing ../../../datasets/GIRAFE/daily/2015/08/PREdm20150808000000120IMPGS01GL.nc
Processing ../../../datasets/GIRAFE/daily/2015/08/PREdm20150809000000120IMPGS01GL.nc
Processing ../../../datasets/GIRAFE/daily/2015/08/PREdm20150810000000120IMPGS01GL.nc
Processing ../../../datasets/GIRAFE/daily/2015/08/PREdm20150811000000120IMPGS01GL.nc
Processing ../../../datasets/GIRAFE/daily/2015/08/PREdm20150812000000120IMPGS01GL.nc
Processing ../../../datasets/GIRAFE/daily/2015/08/PREdm20150813000000120IMPGS01GL.nc
Processing ../../../datasets/GIRAFE/daily/2015/08/PREdm20150814000000120IMPGS01GL.nc
Processing ../../../datasets/GIRAFE/daily/2015/08/PREdm20150815000000120IMPGS01GL.nc
Processing ../../../datasets/GIRAFE/daily/2015/08/PREdm20150816000000120IMPGS01GL.nc
Processing ../../../datasets/GIRAFE/daily/2015/08/PREdm20150817000000120IMPGS01GL.nc
Processing ../../../datasets/GIRAFE/daily/2015/08/PREdm20150818000000120IMPGS01GL.nc
Processing ../../../datasets/GIRAFE/daily/2015/08/PREdm20150819000000120IMPGS01GL.nc
Processing ../../../datasets/GIRAFE/daily/2015/08/PREdm20150820000000120IMPGS01GL.nc
Processing ../../../datasets/GIRAFE/daily/2015/08/PREdm20150821000000120IMPGS01GL.nc
Processing ../../../datasets/GIRAFE/daily/2015/08/PREdm20150822000000120IMPGS01GL.nc
Processing ../../../datasets/GIRAFE/daily/2015/08/PREdm20150823000000120IMPGS01GL.nc
Processing ../../../datasets/GIRAFE/daily/2015/08/PREdm20150824000000120IMPGS01GL.nc
Processing ../../../datasets/GIRAFE/daily/2015/08/PREdm20150825000000120IMPGS01GL.nc
Processing ../../../datasets/GIRAFE/daily/2015/08/PREdm20150826000000120IMPGS01GL.nc
Processing ../../../datasets/GIRAFE/daily/2015/08/PREdm20150827000000120IMPGS01GL.nc
Processing ../../../datasets/GIRAFE/daily/2015/08/PREdm20150828000000120IMPGS01GL.nc
Processing ../../../datasets/GIRAFE/daily/2015/08/PREdm20150829000000120IMPGS01GL.nc
Processing ../../../datasets/GIRAFE/daily/2015/08/PREdm20150830000000120IMPGS01GL.nc
Processing ../../../datasets/GIRAFE/daily/2015/08/PREdm20150831000000120IMPGS01GL.nc
Processing ../../../datasets/GIRAFE/daily/2015/09/PREdm20150901000000120IMPGS01GL.nc
Processing ../../../datasets/GIRAFE/daily/2015/09/PREdm20150902000000120IMPGS01GL.nc
Processing ../../../datasets/GIRAFE/daily/2015/09/PREdm20150903000000120IMPGS01GL.nc
Processing ../../../datasets/GIRAFE/daily/2015/09/PREdm20150904000000120IMPGS01GL.nc
Processing ../../../datasets/GIRAFE/daily/2015/09/PREdm20150905000000120IMPGS01GL.nc
Processing ../../../datasets/GIRAFE/daily/2015/09/PREdm20150906000000120IMPGS01GL.nc
Processing ../../../datasets/GIRAFE/daily/2015/09/PREdm20150907000000120IMPGS01GL.nc
Processing ../../../datasets/GIRAFE/daily/2015/09/PREdm20150908000000120IMPGS01GL.nc
Processing ../../../datasets/GIRAFE/daily/2015/09/PREdm20150909000000120IMPGS01GL.nc
Processing ../../../datasets/GIRAFE/daily/2015/09/PREdm20150910000000120IMPGS01GL.nc
Processing ../../../datasets/GIRAFE/daily/2015/09/PREdm20150911000000120IMPGS01GL.nc
Processing ../../../datasets/GIRAFE/daily/2015/09/PREdm20150912000000120IMPGS01GL.nc
Processing ../../../datasets/GIRAFE/daily/2015/09/PREdm20150913000000120IMPGS01GL.nc
Processing ../../../datasets/GIRAFE/daily/2015/09/PREdm20150914000000120IMPGS01GL.nc
Processing ../../../datasets/GIRAFE/daily/2015/09/PREdm20150915000000120IMPGS01GL.nc
Processing ../../../datasets/GIRAFE/daily/2015/09/PREdm20150916000000120IMPGS01GL.nc
Processing ../../../datasets/GIRAFE/daily/2015/09/PREdm20150917000000120IMPGS01GL.nc
Processing ../../../datasets/GIRAFE/daily/2015/09/PREdm20150918000000120IMPGS01GL.nc
Processing ../../../datasets/GIRAFE/daily/2015/09/PREdm20150919000000120IMPGS01GL.nc
Processing ../../../datasets/GIRAFE/daily/2015/09/PREdm20150920000000120IMPGS01GL.nc
Processing ../../../datasets/GIRAFE/daily/2015/09/PREdm20150921000000120IMPGS01GL.nc
Processing ../../../datasets/GIRAFE/daily/2015/09/PREdm20150922000000120IMPGS01GL.nc
Processing ../../../datasets/GIRAFE/daily/2015/09/PREdm20150923000000120IMPGS01GL.nc
Processing ../../../datasets/GIRAFE/daily/2015/09/PREdm20150924000000120IMPGS01GL.nc
Processing ../../../datasets/GIRAFE/daily/2015/09/PREdm20150925000000120IMPGS01GL.nc
Processing ../../../datasets/GIRAFE/daily/2015/09/PREdm20150926000000120IMPGS01GL.nc
Processing ../../../datasets/GIRAFE/daily/2015/09/PREdm20150927000000120IMPGS01GL.nc
Processing ../../../datasets/GIRAFE/daily/2015/09/PREdm20150928000000120IMPGS01GL.nc
Processing ../../../datasets/GIRAFE/daily/2015/09/PREdm20150929000000120IMPGS01GL.nc
Processing ../../../datasets/GIRAFE/daily/2015/09/PREdm20150930000000120IMPGS01GL.nc
Processing ../../../datasets/GIRAFE/daily/2015/10/PREdm20151001000000120IMPGS01GL.nc
Processing ../../../datasets/GIRAFE/daily/2015/10/PREdm20151002000000120IMPGS01GL.nc
Processing ../../../datasets/GIRAFE/daily/2015/10/PREdm20151003000000120IMPGS01GL.nc
Processing ../../../datasets/GIRAFE/daily/2015/10/PREdm20151004000000120IMPGS01GL.nc
Processing ../../../datasets/GIRAFE/daily/2015/10/PREdm20151005000000120IMPGS01GL.nc
Processing ../../../datasets/GIRAFE/daily/2015/10/PREdm20151006000000120IMPGS01GL.nc
Processing ../../../datasets/GIRAFE/daily/2015/10/PREdm20151007000000120IMPGS01GL.nc
Processing ../../../datasets/GIRAFE/daily/2015/10/PREdm20151008000000120IMPGS01GL.nc
Processing ../../../datasets/GIRAFE/daily/2015/10/PREdm20151009000000120IMPGS01GL.nc
Processing ../../../datasets/GIRAFE/daily/2015/10/PREdm20151010000000120IMPGS01GL.nc
Processing ../../../datasets/GIRAFE/daily/2015/10/PREdm20151011000000120IMPGS01GL.nc
Processing ../../../datasets/GIRAFE/daily/2015/10/PREdm20151012000000120IMPGS01GL.nc
Processing ../../../datasets/GIRAFE/daily/2015/10/PREdm20151013000000120IMPGS01GL.nc
Processing ../../../datasets/GIRAFE/daily/2015/10/PREdm20151014000000120IMPGS01GL.nc
Processing ../../../datasets/GIRAFE/daily/2015/10/PREdm20151015000000120IMPGS01GL.nc
Processing ../../../datasets/GIRAFE/daily/2015/10/PREdm20151016000000120IMPGS01GL.nc
Processing ../../../datasets/GIRAFE/daily/2015/10/PREdm20151017000000120IMPGS01GL.nc
Processing ../../../datasets/GIRAFE/daily/2015/10/PREdm20151018000000120IMPGS01GL.nc
Processing ../../../datasets/GIRAFE/daily/2015/10/PREdm20151019000000120IMPGS01GL.nc
Processing ../../../datasets/GIRAFE/daily/2015/10/PREdm20151020000000120IMPGS01GL.nc
Processing ../../../datasets/GIRAFE/daily/2015/10/PREdm20151021000000120IMPGS01GL.nc
Processing ../../../datasets/GIRAFE/daily/2015/10/PREdm20151022000000120IMPGS01GL.nc
Processing ../../../datasets/GIRAFE/daily/2015/10/PREdm20151023000000120IMPGS01GL.nc
Processing ../../../datasets/GIRAFE/daily/2015/10/PREdm20151024000000120IMPGS01GL.nc
Processing ../../../datasets/GIRAFE/daily/2015/10/PREdm20151025000000120IMPGS01GL.nc
Processing ../../../datasets/GIRAFE/daily/2015/10/PREdm20151026000000120IMPGS01GL.nc
Processing ../../../datasets/GIRAFE/daily/2015/10/PREdm20151027000000120IMPGS01GL.nc
Processing ../../../datasets/GIRAFE/daily/2015/10/PREdm20151028000000120IMPGS01GL.nc
Processing ../../../datasets/GIRAFE/daily/2015/10/PREdm20151029000000120IMPGS01GL.nc
Processing ../../../datasets/GIRAFE/daily/2015/10/PREdm20151030000000120IMPGS01GL.nc
Processing ../../../datasets/GIRAFE/daily/2015/10/PREdm20151031000000120IMPGS01GL.nc
Processing ../../../datasets/GIRAFE/daily/2015/11/PREdm20151101000000120IMPGS01GL.nc
Processing ../../../datasets/GIRAFE/daily/2015/11/PREdm20151102000000120IMPGS01GL.nc
Processing ../../../datasets/GIRAFE/daily/2015/11/PREdm20151103000000120IMPGS01GL.nc
Processing ../../../datasets/GIRAFE/daily/2015/11/PREdm20151104000000120IMPGS01GL.nc
Processing ../../../datasets/GIRAFE/daily/2015/11/PREdm20151105000000120IMPGS01GL.nc
Processing ../../../datasets/GIRAFE/daily/2015/11/PREdm20151106000000120IMPGS01GL.nc
Processing ../../../datasets/GIRAFE/daily/2015/11/PREdm20151107000000120IMPGS01GL.nc
Processing ../../../datasets/GIRAFE/daily/2015/11/PREdm20151108000000120IMPGS01GL.nc
Processing ../../../datasets/GIRAFE/daily/2015/11/PREdm20151109000000120IMPGS01GL.nc
Processing ../../../datasets/GIRAFE/daily/2015/11/PREdm20151110000000120IMPGS01GL.nc
Processing ../../../datasets/GIRAFE/daily/2015/11/PREdm20151111000000120IMPGS01GL.nc
Processing ../../../datasets/GIRAFE/daily/2015/11/PREdm20151112000000120IMPGS01GL.nc
Processing ../../../datasets/GIRAFE/daily/2015/11/PREdm20151113000000120IMPGS01GL.nc
Processing ../../../datasets/GIRAFE/daily/2015/11/PREdm20151114000000120IMPGS01GL.nc
Processing ../../../datasets/GIRAFE/daily/2015/11/PREdm20151115000000120IMPGS01GL.nc
Processing ../../../datasets/GIRAFE/daily/2015/11/PREdm20151116000000120IMPGS01GL.nc
Processing ../../../datasets/GIRAFE/daily/2015/11/PREdm20151117000000120IMPGS01GL.nc
Processing ../../../datasets/GIRAFE/daily/2015/11/PREdm20151118000000120IMPGS01GL.nc
Processing ../../../datasets/GIRAFE/daily/2015/11/PREdm20151119000000120IMPGS01GL.nc
Processing ../../../datasets/GIRAFE/daily/2015/11/PREdm20151120000000120IMPGS01GL.nc
Processing ../../../datasets/GIRAFE/daily/2015/11/PREdm20151121000000120IMPGS01GL.nc
Processing ../../../datasets/GIRAFE/daily/2015/11/PREdm20151122000000120IMPGS01GL.nc
Processing ../../../datasets/GIRAFE/daily/2015/11/PREdm20151123000000120IMPGS01GL.nc
Processing ../../../datasets/GIRAFE/daily/2015/11/PREdm20151124000000120IMPGS01GL.nc
Processing ../../../datasets/GIRAFE/daily/2015/11/PREdm20151125000000120IMPGS01GL.nc
Processing ../../../datasets/GIRAFE/daily/2015/11/PREdm20151126000000120IMPGS01GL.nc
Processing ../../../datasets/GIRAFE/daily/2015/11/PREdm20151127000000120IMPGS01GL.nc
Processing ../../../datasets/GIRAFE/daily/2015/11/PREdm20151128000000120IMPGS01GL.nc
Processing ../../../datasets/GIRAFE/daily/2015/11/PREdm20151129000000120IMPGS01GL.nc
Processing ../../../datasets/GIRAFE/daily/2015/11/PREdm20151130000000120IMPGS01GL.nc
Processing ../../../datasets/GIRAFE/daily/2015/12/PREdm20151201000000120IMPGS01GL.nc
Processing ../../../datasets/GIRAFE/daily/2015/12/PREdm20151202000000120IMPGS01GL.nc
Processing ../../../datasets/GIRAFE/daily/2015/12/PREdm20151203000000120IMPGS01GL.nc
Processing ../../../datasets/GIRAFE/daily/2015/12/PREdm20151204000000120IMPGS01GL.nc
Processing ../../../datasets/GIRAFE/daily/2015/12/PREdm20151205000000120IMPGS01GL.nc
Processing ../../../datasets/GIRAFE/daily/2015/12/PREdm20151206000000120IMPGS01GL.nc
Processing ../../../datasets/GIRAFE/daily/2015/12/PREdm20151207000000120IMPGS01GL.nc
Processing ../../../datasets/GIRAFE/daily/2015/12/PREdm20151208000000120IMPGS01GL.nc
Processing ../../../datasets/GIRAFE/daily/2015/12/PREdm20151209000000120IMPGS01GL.nc
Processing ../../../datasets/GIRAFE/daily/2015/12/PREdm20151210000000120IMPGS01GL.nc
Processing ../../../datasets/GIRAFE/daily/2015/12/PREdm20151211000000120IMPGS01GL.nc
Processing ../../../datasets/GIRAFE/daily/2015/12/PREdm20151212000000120IMPGS01GL.nc
Processing ../../../datasets/GIRAFE/daily/2015/12/PREdm20151213000000120IMPGS01GL.nc
Processing ../../../datasets/GIRAFE/daily/2015/12/PREdm20151214000000120IMPGS01GL.nc
Processing ../../../datasets/GIRAFE/daily/2015/12/PREdm20151215000000120IMPGS01GL.nc
Processing ../../../datasets/GIRAFE/daily/2015/12/PREdm20151216000000120IMPGS01GL.nc
Processing ../../../datasets/GIRAFE/daily/2015/12/PREdm20151217000000120IMPGS01GL.nc
Processing ../../../datasets/GIRAFE/daily/2015/12/PREdm20151218000000120IMPGS01GL.nc
Processing ../../../datasets/GIRAFE/daily/2015/12/PREdm20151219000000120IMPGS01GL.nc
Processing ../../../datasets/GIRAFE/daily/2015/12/PREdm20151220000000120IMPGS01GL.nc
Processing ../../../datasets/GIRAFE/daily/2015/12/PREdm20151221000000120IMPGS01GL.nc
Processing ../../../datasets/GIRAFE/daily/2015/12/PREdm20151222000000120IMPGS01GL.nc
Processing ../../../datasets/GIRAFE/daily/2015/12/PREdm20151223000000120IMPGS01GL.nc
Processing ../../../datasets/GIRAFE/daily/2015/12/PREdm20151224000000120IMPGS01GL.nc
Processing ../../../datasets/GIRAFE/daily/2015/12/PREdm20151225000000120IMPGS01GL.nc
Processing ../../../datasets/GIRAFE/daily/2015/12/PREdm20151226000000120IMPGS01GL.nc
Processing ../../../datasets/GIRAFE/daily/2015/12/PREdm20151227000000120IMPGS01GL.nc
Processing ../../../datasets/GIRAFE/daily/2015/12/PREdm20151228000000120IMPGS01GL.nc
Processing ../../../datasets/GIRAFE/daily/2015/12/PREdm20151229000000120IMPGS01GL.nc
Processing ../../../datasets/GIRAFE/daily/2015/12/PREdm20151230000000120IMPGS01GL.nc
Processing ../../../datasets/GIRAFE/daily/2015/12/PREdm20151231000000120IMPGS01GL.nc
Processing ../../../datasets/GIRAFE/daily/2016/01/PREdm20160101000000120IMPGS01GL.nc
Processing ../../../datasets/GIRAFE/daily/2016/01/PREdm20160102000000120IMPGS01GL.nc
Processing ../../../datasets/GIRAFE/daily/2016/01/PREdm20160103000000120IMPGS01GL.nc
Processing ../../../datasets/GIRAFE/daily/2016/01/PREdm20160104000000120IMPGS01GL.nc
Processing ../../../datasets/GIRAFE/daily/2016/01/PREdm20160105000000120IMPGS01GL.nc
Processing ../../../datasets/GIRAFE/daily/2016/01/PREdm20160106000000120IMPGS01GL.nc
Processing ../../../datasets/GIRAFE/daily/2016/01/PREdm20160107000000120IMPGS01GL.nc
Processing ../../../datasets/GIRAFE/daily/2016/01/PREdm20160108000000120IMPGS01GL.nc
Processing ../../../datasets/GIRAFE/daily/2016/01/PREdm20160109000000120IMPGS01GL.nc
Processing ../../../datasets/GIRAFE/daily/2016/01/PREdm20160110000000120IMPGS01GL.nc
Processing ../../../datasets/GIRAFE/daily/2016/01/PREdm20160111000000120IMPGS01GL.nc
Processing ../../../datasets/GIRAFE/daily/2016/01/PREdm20160112000000120IMPGS01GL.nc
Processing ../../../datasets/GIRAFE/daily/2016/01/PREdm20160113000000120IMPGS01GL.nc
Processing ../../../datasets/GIRAFE/daily/2016/01/PREdm20160114000000120IMPGS01GL.nc
Processing ../../../datasets/GIRAFE/daily/2016/01/PREdm20160115000000120IMPGS01GL.nc
Processing ../../../datasets/GIRAFE/daily/2016/01/PREdm20160116000000120IMPGS01GL.nc
Processing ../../../datasets/GIRAFE/daily/2016/01/PREdm20160117000000120IMPGS01GL.nc
Processing ../../../datasets/GIRAFE/daily/2016/01/PREdm20160118000000120IMPGS01GL.nc
Processing ../../../datasets/GIRAFE/daily/2016/01/PREdm20160119000000120IMPGS01GL.nc
Processing ../../../datasets/GIRAFE/daily/2016/01/PREdm20160120000000120IMPGS01GL.nc
Processing ../../../datasets/GIRAFE/daily/2016/01/PREdm20160121000000120IMPGS01GL.nc
Processing ../../../datasets/GIRAFE/daily/2016/01/PREdm20160122000000120IMPGS01GL.nc
Processing ../../../datasets/GIRAFE/daily/2016/01/PREdm20160123000000120IMPGS01GL.nc
Processing ../../../datasets/GIRAFE/daily/2016/01/PREdm20160124000000120IMPGS01GL.nc
Processing ../../../datasets/GIRAFE/daily/2016/01/PREdm20160125000000120IMPGS01GL.nc
Processing ../../../datasets/GIRAFE/daily/2016/01/PREdm20160126000000120IMPGS01GL.nc
Processing ../../../datasets/GIRAFE/daily/2016/01/PREdm20160127000000120IMPGS01GL.nc
Processing ../../../datasets/GIRAFE/daily/2016/01/PREdm20160128000000120IMPGS01GL.nc
Processing ../../../datasets/GIRAFE/daily/2016/01/PREdm20160129000000120IMPGS01GL.nc
Processing ../../../datasets/GIRAFE/daily/2016/01/PREdm20160130000000120IMPGS01GL.nc
Processing ../../../datasets/GIRAFE/daily/2016/01/PREdm20160131000000120IMPGS01GL.nc
Processing ../../../datasets/GIRAFE/daily/2016/02/PREdm20160201000000120IMPGS01GL.nc
Processing ../../../datasets/GIRAFE/daily/2016/02/PREdm20160202000000120IMPGS01GL.nc
Processing ../../../datasets/GIRAFE/daily/2016/02/PREdm20160203000000120IMPGS01GL.nc
Processing ../../../datasets/GIRAFE/daily/2016/02/PREdm20160204000000120IMPGS01GL.nc
Processing ../../../datasets/GIRAFE/daily/2016/02/PREdm20160205000000120IMPGS01GL.nc
Processing ../../../datasets/GIRAFE/daily/2016/02/PREdm20160206000000120IMPGS01GL.nc
Processing ../../../datasets/GIRAFE/daily/2016/02/PREdm20160207000000120IMPGS01GL.nc
Processing ../../../datasets/GIRAFE/daily/2016/02/PREdm20160208000000120IMPGS01GL.nc
Processing ../../../datasets/GIRAFE/daily/2016/02/PREdm20160209000000120IMPGS01GL.nc
Processing ../../../datasets/GIRAFE/daily/2016/02/PREdm20160210000000120IMPGS01GL.nc
Processing ../../../datasets/GIRAFE/daily/2016/02/PREdm20160211000000120IMPGS01GL.nc
Processing ../../../datasets/GIRAFE/daily/2016/02/PREdm20160212000000120IMPGS01GL.nc
Processing ../../../datasets/GIRAFE/daily/2016/02/PREdm20160213000000120IMPGS01GL.nc
Processing ../../../datasets/GIRAFE/daily/2016/02/PREdm20160214000000120IMPGS01GL.nc
Processing ../../../datasets/GIRAFE/daily/2016/02/PREdm20160215000000120IMPGS01GL.nc
Processing ../../../datasets/GIRAFE/daily/2016/02/PREdm20160216000000120IMPGS01GL.nc
Processing ../../../datasets/GIRAFE/daily/2016/02/PREdm20160217000000120IMPGS01GL.nc
Processing ../../../datasets/GIRAFE/daily/2016/02/PREdm20160218000000120IMPGS01GL.nc
Processing ../../../datasets/GIRAFE/daily/2016/02/PREdm20160219000000120IMPGS01GL.nc
Processing ../../../datasets/GIRAFE/daily/2016/02/PREdm20160220000000120IMPGS01GL.nc
Processing ../../../datasets/GIRAFE/daily/2016/02/PREdm20160221000000120IMPGS01GL.nc
Processing ../../../datasets/GIRAFE/daily/2016/02/PREdm20160222000000120IMPGS01GL.nc
Processing ../../../datasets/GIRAFE/daily/2016/02/PREdm20160223000000120IMPGS01GL.nc
Processing ../../../datasets/GIRAFE/daily/2016/02/PREdm20160224000000120IMPGS01GL.nc
Processing ../../../datasets/GIRAFE/daily/2016/02/PREdm20160225000000120IMPGS01GL.nc
Processing ../../../datasets/GIRAFE/daily/2016/02/PREdm20160226000000120IMPGS01GL.nc
Processing ../../../datasets/GIRAFE/daily/2016/02/PREdm20160227000000120IMPGS01GL.nc
Processing ../../../datasets/GIRAFE/daily/2016/02/PREdm20160228000000120IMPGS01GL.nc
Processing ../../../datasets/GIRAFE/daily/2016/02/PREdm20160229000000120IMPGS01GL.nc
Processing ../../../datasets/GIRAFE/daily/2016/03/PREdm20160301000000120IMPGS01GL.nc
Processing ../../../datasets/GIRAFE/daily/2016/03/PREdm20160302000000120IMPGS01GL.nc
Processing ../../../datasets/GIRAFE/daily/2016/03/PREdm20160303000000120IMPGS01GL.nc
Processing ../../../datasets/GIRAFE/daily/2016/03/PREdm20160304000000120IMPGS01GL.nc
Processing ../../../datasets/GIRAFE/daily/2016/03/PREdm20160305000000120IMPGS01GL.nc
Processing ../../../datasets/GIRAFE/daily/2016/03/PREdm20160306000000120IMPGS01GL.nc
Processing ../../../datasets/GIRAFE/daily/2016/03/PREdm20160307000000120IMPGS01GL.nc
Processing ../../../datasets/GIRAFE/daily/2016/03/PREdm20160308000000120IMPGS01GL.nc
Processing ../../../datasets/GIRAFE/daily/2016/03/PREdm20160309000000120IMPGS01GL.nc
Processing ../../../datasets/GIRAFE/daily/2016/03/PREdm20160310000000120IMPGS01GL.nc
Processing ../../../datasets/GIRAFE/daily/2016/03/PREdm20160311000000120IMPGS01GL.nc
Processing ../../../datasets/GIRAFE/daily/2016/03/PREdm20160312000000120IMPGS01GL.nc
Processing ../../../datasets/GIRAFE/daily/2016/03/PREdm20160313000000120IMPGS01GL.nc
Processing ../../../datasets/GIRAFE/daily/2016/03/PREdm20160314000000120IMPGS01GL.nc
Processing ../../../datasets/GIRAFE/daily/2016/03/PREdm20160315000000120IMPGS01GL.nc
Processing ../../../datasets/GIRAFE/daily/2016/03/PREdm20160316000000120IMPGS01GL.nc
Processing ../../../datasets/GIRAFE/daily/2016/03/PREdm20160317000000120IMPGS01GL.nc
Processing ../../../datasets/GIRAFE/daily/2016/03/PREdm20160318000000120IMPGS01GL.nc
Processing ../../../datasets/GIRAFE/daily/2016/03/PREdm20160319000000120IMPGS01GL.nc
Processing ../../../datasets/GIRAFE/daily/2016/03/PREdm20160320000000120IMPGS01GL.nc
Processing ../../../datasets/GIRAFE/daily/2016/03/PREdm20160321000000120IMPGS01GL.nc
Processing ../../../datasets/GIRAFE/daily/2016/03/PREdm20160322000000120IMPGS01GL.nc
Processing ../../../datasets/GIRAFE/daily/2016/03/PREdm20160323000000120IMPGS01GL.nc
Processing ../../../datasets/GIRAFE/daily/2016/03/PREdm20160324000000120IMPGS01GL.nc
Processing ../../../datasets/GIRAFE/daily/2016/03/PREdm20160325000000120IMPGS01GL.nc
Processing ../../../datasets/GIRAFE/daily/2016/03/PREdm20160326000000120IMPGS01GL.nc
Processing ../../../datasets/GIRAFE/daily/2016/03/PREdm20160327000000120IMPGS01GL.nc
Processing ../../../datasets/GIRAFE/daily/2016/03/PREdm20160328000000120IMPGS01GL.nc
Processing ../../../datasets/GIRAFE/daily/2016/03/PREdm20160329000000120IMPGS01GL.nc
Processing ../../../datasets/GIRAFE/daily/2016/03/PREdm20160330000000120IMPGS01GL.nc
Processing ../../../datasets/GIRAFE/daily/2016/03/PREdm20160331000000120IMPGS01GL.nc
Processing ../../../datasets/GIRAFE/daily/2016/04/PREdm20160401000000120IMPGS01GL.nc
Processing ../../../datasets/GIRAFE/daily/2016/04/PREdm20160402000000120IMPGS01GL.nc
Processing ../../../datasets/GIRAFE/daily/2016/04/PREdm20160403000000120IMPGS01GL.nc
Processing ../../../datasets/GIRAFE/daily/2016/04/PREdm20160404000000120IMPGS01GL.nc
Processing ../../../datasets/GIRAFE/daily/2016/04/PREdm20160405000000120IMPGS01GL.nc
Processing ../../../datasets/GIRAFE/daily/2016/04/PREdm20160406000000120IMPGS01GL.nc
Processing ../../../datasets/GIRAFE/daily/2016/04/PREdm20160407000000120IMPGS01GL.nc
Processing ../../../datasets/GIRAFE/daily/2016/04/PREdm20160408000000120IMPGS01GL.nc
Processing ../../../datasets/GIRAFE/daily/2016/04/PREdm20160409000000120IMPGS01GL.nc
Processing ../../../datasets/GIRAFE/daily/2016/04/PREdm20160410000000120IMPGS01GL.nc
Processing ../../../datasets/GIRAFE/daily/2016/04/PREdm20160411000000120IMPGS01GL.nc
Processing ../../../datasets/GIRAFE/daily/2016/04/PREdm20160412000000120IMPGS01GL.nc
Processing ../../../datasets/GIRAFE/daily/2016/04/PREdm20160413000000120IMPGS01GL.nc
Processing ../../../datasets/GIRAFE/daily/2016/04/PREdm20160414000000120IMPGS01GL.nc
Processing ../../../datasets/GIRAFE/daily/2016/04/PREdm20160415000000120IMPGS01GL.nc
Processing ../../../datasets/GIRAFE/daily/2016/04/PREdm20160416000000120IMPGS01GL.nc
Processing ../../../datasets/GIRAFE/daily/2016/04/PREdm20160417000000120IMPGS01GL.nc
Processing ../../../datasets/GIRAFE/daily/2016/04/PREdm20160418000000120IMPGS01GL.nc
Processing ../../../datasets/GIRAFE/daily/2016/04/PREdm20160419000000120IMPGS01GL.nc
Processing ../../../datasets/GIRAFE/daily/2016/04/PREdm20160420000000120IMPGS01GL.nc
Processing ../../../datasets/GIRAFE/daily/2016/04/PREdm20160421000000120IMPGS01GL.nc
Processing ../../../datasets/GIRAFE/daily/2016/04/PREdm20160422000000120IMPGS01GL.nc
Processing ../../../datasets/GIRAFE/daily/2016/04/PREdm20160423000000120IMPGS01GL.nc
Processing ../../../datasets/GIRAFE/daily/2016/04/PREdm20160424000000120IMPGS01GL.nc
Processing ../../../datasets/GIRAFE/daily/2016/04/PREdm20160425000000120IMPGS01GL.nc
Processing ../../../datasets/GIRAFE/daily/2016/04/PREdm20160426000000120IMPGS01GL.nc
Processing ../../../datasets/GIRAFE/daily/2016/04/PREdm20160427000000120IMPGS01GL.nc
Processing ../../../datasets/GIRAFE/daily/2016/04/PREdm20160428000000120IMPGS01GL.nc
Processing ../../../datasets/GIRAFE/daily/2016/04/PREdm20160429000000120IMPGS01GL.nc
Processing ../../../datasets/GIRAFE/daily/2016/04/PREdm20160430000000120IMPGS01GL.nc
Processing ../../../datasets/GIRAFE/daily/2016/05/PREdm20160501000000120IMPGS01GL.nc
Processing ../../../datasets/GIRAFE/daily/2016/05/PREdm20160502000000120IMPGS01GL.nc
Processing ../../../datasets/GIRAFE/daily/2016/05/PREdm20160503000000120IMPGS01GL.nc
Processing ../../../datasets/GIRAFE/daily/2016/05/PREdm20160504000000120IMPGS01GL.nc
Processing ../../../datasets/GIRAFE/daily/2016/05/PREdm20160505000000120IMPGS01GL.nc
Processing ../../../datasets/GIRAFE/daily/2016/05/PREdm20160506000000120IMPGS01GL.nc
Processing ../../../datasets/GIRAFE/daily/2016/05/PREdm20160507000000120IMPGS01GL.nc
Processing ../../../datasets/GIRAFE/daily/2016/05/PREdm20160508000000120IMPGS01GL.nc
Processing ../../../datasets/GIRAFE/daily/2016/05/PREdm20160509000000120IMPGS01GL.nc
Processing ../../../datasets/GIRAFE/daily/2016/05/PREdm20160510000000120IMPGS01GL.nc
Processing ../../../datasets/GIRAFE/daily/2016/05/PREdm20160511000000120IMPGS01GL.nc
Processing ../../../datasets/GIRAFE/daily/2016/05/PREdm20160512000000120IMPGS01GL.nc
Processing ../../../datasets/GIRAFE/daily/2016/05/PREdm20160513000000120IMPGS01GL.nc
Processing ../../../datasets/GIRAFE/daily/2016/05/PREdm20160514000000120IMPGS01GL.nc
Processing ../../../datasets/GIRAFE/daily/2016/05/PREdm20160515000000120IMPGS01GL.nc
Processing ../../../datasets/GIRAFE/daily/2016/05/PREdm20160516000000120IMPGS01GL.nc
Processing ../../../datasets/GIRAFE/daily/2016/05/PREdm20160517000000120IMPGS01GL.nc
Processing ../../../datasets/GIRAFE/daily/2016/05/PREdm20160518000000120IMPGS01GL.nc
Processing ../../../datasets/GIRAFE/daily/2016/05/PREdm20160519000000120IMPGS01GL.nc
Processing ../../../datasets/GIRAFE/daily/2016/05/PREdm20160520000000120IMPGS01GL.nc
Processing ../../../datasets/GIRAFE/daily/2016/05/PREdm20160521000000120IMPGS01GL.nc
Processing ../../../datasets/GIRAFE/daily/2016/05/PREdm20160522000000120IMPGS01GL.nc
Processing ../../../datasets/GIRAFE/daily/2016/05/PREdm20160523000000120IMPGS01GL.nc
Processing ../../../datasets/GIRAFE/daily/2016/05/PREdm20160524000000120IMPGS01GL.nc
Processing ../../../datasets/GIRAFE/daily/2016/05/PREdm20160525000000120IMPGS01GL.nc
Processing ../../../datasets/GIRAFE/daily/2016/05/PREdm20160526000000120IMPGS01GL.nc
Processing ../../../datasets/GIRAFE/daily/2016/05/PREdm20160527000000120IMPGS01GL.nc
Processing ../../../datasets/GIRAFE/daily/2016/05/PREdm20160528000000120IMPGS01GL.nc
Processing ../../../datasets/GIRAFE/daily/2016/05/PREdm20160529000000120IMPGS01GL.nc
Processing ../../../datasets/GIRAFE/daily/2016/05/PREdm20160530000000120IMPGS01GL.nc
Processing ../../../datasets/GIRAFE/daily/2016/05/PREdm20160531000000120IMPGS01GL.nc
Processing ../../../datasets/GIRAFE/daily/2016/06/PREdm20160601000000120IMPGS01GL.nc
Processing ../../../datasets/GIRAFE/daily/2016/06/PREdm20160602000000120IMPGS01GL.nc
Processing ../../../datasets/GIRAFE/daily/2016/06/PREdm20160603000000120IMPGS01GL.nc
Processing ../../../datasets/GIRAFE/daily/2016/06/PREdm20160604000000120IMPGS01GL.nc
Processing ../../../datasets/GIRAFE/daily/2016/06/PREdm20160605000000120IMPGS01GL.nc
Processing ../../../datasets/GIRAFE/daily/2016/06/PREdm20160606000000120IMPGS01GL.nc
Processing ../../../datasets/GIRAFE/daily/2016/06/PREdm20160607000000120IMPGS01GL.nc
Processing ../../../datasets/GIRAFE/daily/2016/06/PREdm20160608000000120IMPGS01GL.nc
Processing ../../../datasets/GIRAFE/daily/2016/06/PREdm20160609000000120IMPGS01GL.nc
Processing ../../../datasets/GIRAFE/daily/2016/06/PREdm20160610000000120IMPGS01GL.nc
Processing ../../../datasets/GIRAFE/daily/2016/06/PREdm20160611000000120IMPGS01GL.nc
Processing ../../../datasets/GIRAFE/daily/2016/06/PREdm20160612000000120IMPGS01GL.nc
Processing ../../../datasets/GIRAFE/daily/2016/06/PREdm20160613000000120IMPGS01GL.nc
Processing ../../../datasets/GIRAFE/daily/2016/06/PREdm20160614000000120IMPGS01GL.nc
Processing ../../../datasets/GIRAFE/daily/2016/06/PREdm20160615000000120IMPGS01GL.nc
Processing ../../../datasets/GIRAFE/daily/2016/06/PREdm20160616000000120IMPGS01GL.nc
Processing ../../../datasets/GIRAFE/daily/2016/06/PREdm20160617000000120IMPGS01GL.nc
Processing ../../../datasets/GIRAFE/daily/2016/06/PREdm20160618000000120IMPGS01GL.nc
Processing ../../../datasets/GIRAFE/daily/2016/06/PREdm20160619000000120IMPGS01GL.nc
Processing ../../../datasets/GIRAFE/daily/2016/06/PREdm20160620000000120IMPGS01GL.nc
Processing ../../../datasets/GIRAFE/daily/2016/06/PREdm20160621000000120IMPGS01GL.nc
Processing ../../../datasets/GIRAFE/daily/2016/06/PREdm20160622000000120IMPGS01GL.nc
Processing ../../../datasets/GIRAFE/daily/2016/06/PREdm20160623000000120IMPGS01GL.nc
Processing ../../../datasets/GIRAFE/daily/2016/06/PREdm20160624000000120IMPGS01GL.nc
Processing ../../../datasets/GIRAFE/daily/2016/06/PREdm20160625000000120IMPGS01GL.nc
Processing ../../../datasets/GIRAFE/daily/2016/06/PREdm20160626000000120IMPGS01GL.nc
Processing ../../../datasets/GIRAFE/daily/2016/06/PREdm20160627000000120IMPGS01GL.nc
Processing ../../../datasets/GIRAFE/daily/2016/06/PREdm20160628000000120IMPGS01GL.nc
Processing ../../../datasets/GIRAFE/daily/2016/06/PREdm20160629000000120IMPGS01GL.nc
Processing ../../../datasets/GIRAFE/daily/2016/06/PREdm20160630000000120IMPGS01GL.nc
Processing ../../../datasets/GIRAFE/daily/2016/07/PREdm20160701000000120IMPGS01GL.nc
Processing ../../../datasets/GIRAFE/daily/2016/07/PREdm20160702000000120IMPGS01GL.nc
Processing ../../../datasets/GIRAFE/daily/2016/07/PREdm20160703000000120IMPGS01GL.nc
Processing ../../../datasets/GIRAFE/daily/2016/07/PREdm20160704000000120IMPGS01GL.nc
Processing ../../../datasets/GIRAFE/daily/2016/07/PREdm20160705000000120IMPGS01GL.nc
Processing ../../../datasets/GIRAFE/daily/2016/07/PREdm20160706000000120IMPGS01GL.nc
Processing ../../../datasets/GIRAFE/daily/2016/07/PREdm20160707000000120IMPGS01GL.nc
Processing ../../../datasets/GIRAFE/daily/2016/07/PREdm20160708000000120IMPGS01GL.nc
Processing ../../../datasets/GIRAFE/daily/2016/07/PREdm20160709000000120IMPGS01GL.nc
Processing ../../../datasets/GIRAFE/daily/2016/07/PREdm20160710000000120IMPGS01GL.nc
Processing ../../../datasets/GIRAFE/daily/2016/07/PREdm20160711000000120IMPGS01GL.nc
Processing ../../../datasets/GIRAFE/daily/2016/07/PREdm20160712000000120IMPGS01GL.nc
Processing ../../../datasets/GIRAFE/daily/2016/07/PREdm20160713000000120IMPGS01GL.nc
Processing ../../../datasets/GIRAFE/daily/2016/07/PREdm20160714000000120IMPGS01GL.nc
Processing ../../../datasets/GIRAFE/daily/2016/07/PREdm20160715000000120IMPGS01GL.nc
Processing ../../../datasets/GIRAFE/daily/2016/07/PREdm20160716000000120IMPGS01GL.nc
Processing ../../../datasets/GIRAFE/daily/2016/07/PREdm20160717000000120IMPGS01GL.nc
Processing ../../../datasets/GIRAFE/daily/2016/07/PREdm20160718000000120IMPGS01GL.nc
Processing ../../../datasets/GIRAFE/daily/2016/07/PREdm20160719000000120IMPGS01GL.nc
Processing ../../../datasets/GIRAFE/daily/2016/07/PREdm20160720000000120IMPGS01GL.nc
Processing ../../../datasets/GIRAFE/daily/2016/07/PREdm20160721000000120IMPGS01GL.nc
Processing ../../../datasets/GIRAFE/daily/2016/07/PREdm20160722000000120IMPGS01GL.nc
Processing ../../../datasets/GIRAFE/daily/2016/07/PREdm20160723000000120IMPGS01GL.nc
Processing ../../../datasets/GIRAFE/daily/2016/07/PREdm20160724000000120IMPGS01GL.nc
Processing ../../../datasets/GIRAFE/daily/2016/07/PREdm20160725000000120IMPGS01GL.nc
Processing ../../../datasets/GIRAFE/daily/2016/07/PREdm20160726000000120IMPGS01GL.nc
Processing ../../../datasets/GIRAFE/daily/2016/07/PREdm20160727000000120IMPGS01GL.nc
Processing ../../../datasets/GIRAFE/daily/2016/07/PREdm20160728000000120IMPGS01GL.nc
Processing ../../../datasets/GIRAFE/daily/2016/07/PREdm20160729000000120IMPGS01GL.nc
Processing ../../../datasets/GIRAFE/daily/2016/07/PREdm20160730000000120IMPGS01GL.nc
Processing ../../../datasets/GIRAFE/daily/2016/07/PREdm20160731000000120IMPGS01GL.nc
Processing ../../../datasets/GIRAFE/daily/2016/08/PREdm20160801000000120IMPGS01GL.nc
Processing ../../../datasets/GIRAFE/daily/2016/08/PREdm20160802000000120IMPGS01GL.nc
Processing ../../../datasets/GIRAFE/daily/2016/08/PREdm20160803000000120IMPGS01GL.nc
Processing ../../../datasets/GIRAFE/daily/2016/08/PREdm20160804000000120IMPGS01GL.nc
Processing ../../../datasets/GIRAFE/daily/2016/08/PREdm20160805000000120IMPGS01GL.nc
Processing ../../../datasets/GIRAFE/daily/2016/08/PREdm20160806000000120IMPGS01GL.nc
Processing ../../../datasets/GIRAFE/daily/2016/08/PREdm20160807000000120IMPGS01GL.nc
Processing ../../../datasets/GIRAFE/daily/2016/08/PREdm20160808000000120IMPGS01GL.nc
Processing ../../../datasets/GIRAFE/daily/2016/08/PREdm20160809000000120IMPGS01GL.nc
Processing ../../../datasets/GIRAFE/daily/2016/08/PREdm20160810000000120IMPGS01GL.nc
Processing ../../../datasets/GIRAFE/daily/2016/08/PREdm20160811000000120IMPGS01GL.nc
Processing ../../../datasets/GIRAFE/daily/2016/08/PREdm20160812000000120IMPGS01GL.nc
Processing ../../../datasets/GIRAFE/daily/2016/08/PREdm20160813000000120IMPGS01GL.nc
Processing ../../../datasets/GIRAFE/daily/2016/08/PREdm20160814000000120IMPGS01GL.nc
Processing ../../../datasets/GIRAFE/daily/2016/08/PREdm20160815000000120IMPGS01GL.nc
Processing ../../../datasets/GIRAFE/daily/2016/08/PREdm20160816000000120IMPGS01GL.nc
Processing ../../../datasets/GIRAFE/daily/2016/08/PREdm20160817000000120IMPGS01GL.nc
Processing ../../../datasets/GIRAFE/daily/2016/08/PREdm20160818000000120IMPGS01GL.nc
Processing ../../../datasets/GIRAFE/daily/2016/08/PREdm20160819000000120IMPGS01GL.nc
Processing ../../../datasets/GIRAFE/daily/2016/08/PREdm20160820000000120IMPGS01GL.nc
Processing ../../../datasets/GIRAFE/daily/2016/08/PREdm20160821000000120IMPGS01GL.nc
Processing ../../../datasets/GIRAFE/daily/2016/08/PREdm20160822000000120IMPGS01GL.nc
Processing ../../../datasets/GIRAFE/daily/2016/08/PREdm20160823000000120IMPGS01GL.nc
Processing ../../../datasets/GIRAFE/daily/2016/08/PREdm20160824000000120IMPGS01GL.nc
Processing ../../../datasets/GIRAFE/daily/2016/08/PREdm20160825000000120IMPGS01GL.nc
Processing ../../../datasets/GIRAFE/daily/2016/08/PREdm20160826000000120IMPGS01GL.nc
Processing ../../../datasets/GIRAFE/daily/2016/08/PREdm20160827000000120IMPGS01GL.nc
Processing ../../../datasets/GIRAFE/daily/2016/08/PREdm20160828000000120IMPGS01GL.nc
Processing ../../../datasets/GIRAFE/daily/2016/08/PREdm20160829000000120IMPGS01GL.nc
Processing ../../../datasets/GIRAFE/daily/2016/08/PREdm20160830000000120IMPGS01GL.nc
Processing ../../../datasets/GIRAFE/daily/2016/08/PREdm20160831000000120IMPGS01GL.nc
Processing ../../../datasets/GIRAFE/daily/2016/09/PREdm20160901000000120IMPGS01GL.nc
Processing ../../../datasets/GIRAFE/daily/2016/09/PREdm20160902000000120IMPGS01GL.nc
Processing ../../../datasets/GIRAFE/daily/2016/09/PREdm20160903000000120IMPGS01GL.nc
Processing ../../../datasets/GIRAFE/daily/2016/09/PREdm20160904000000120IMPGS01GL.nc
Processing ../../../datasets/GIRAFE/daily/2016/09/PREdm20160905000000120IMPGS01GL.nc
Processing ../../../datasets/GIRAFE/daily/2016/09/PREdm20160906000000120IMPGS01GL.nc
Processing ../../../datasets/GIRAFE/daily/2016/09/PREdm20160907000000120IMPGS01GL.nc
Processing ../../../datasets/GIRAFE/daily/2016/09/PREdm20160908000000120IMPGS01GL.nc
Processing ../../../datasets/GIRAFE/daily/2016/09/PREdm20160909000000120IMPGS01GL.nc
Processing ../../../datasets/GIRAFE/daily/2016/09/PREdm20160910000000120IMPGS01GL.nc
Processing ../../../datasets/GIRAFE/daily/2016/09/PREdm20160911000000120IMPGS01GL.nc
Processing ../../../datasets/GIRAFE/daily/2016/09/PREdm20160912000000120IMPGS01GL.nc
Processing ../../../datasets/GIRAFE/daily/2016/09/PREdm20160913000000120IMPGS01GL.nc
Processing ../../../datasets/GIRAFE/daily/2016/09/PREdm20160914000000120IMPGS01GL.nc
Processing ../../../datasets/GIRAFE/daily/2016/09/PREdm20160915000000120IMPGS01GL.nc
Processing ../../../datasets/GIRAFE/daily/2016/09/PREdm20160916000000120IMPGS01GL.nc
Processing ../../../datasets/GIRAFE/daily/2016/09/PREdm20160917000000120IMPGS01GL.nc
Processing ../../../datasets/GIRAFE/daily/2016/09/PREdm20160918000000120IMPGS01GL.nc
Processing ../../../datasets/GIRAFE/daily/2016/09/PREdm20160919000000120IMPGS01GL.nc
Processing ../../../datasets/GIRAFE/daily/2016/09/PREdm20160920000000120IMPGS01GL.nc
Processing ../../../datasets/GIRAFE/daily/2016/09/PREdm20160921000000120IMPGS01GL.nc
Processing ../../../datasets/GIRAFE/daily/2016/09/PREdm20160922000000120IMPGS01GL.nc
Processing ../../../datasets/GIRAFE/daily/2016/09/PREdm20160923000000120IMPGS01GL.nc
Processing ../../../datasets/GIRAFE/daily/2016/09/PREdm20160924000000120IMPGS01GL.nc
Processing ../../../datasets/GIRAFE/daily/2016/09/PREdm20160925000000120IMPGS01GL.nc
Processing ../../../datasets/GIRAFE/daily/2016/09/PREdm20160926000000120IMPGS01GL.nc
Processing ../../../datasets/GIRAFE/daily/2016/09/PREdm20160927000000120IMPGS01GL.nc
Processing ../../../datasets/GIRAFE/daily/2016/09/PREdm20160928000000120IMPGS01GL.nc
Processing ../../../datasets/GIRAFE/daily/2016/09/PREdm20160929000000120IMPGS01GL.nc
Processing ../../../datasets/GIRAFE/daily/2016/09/PREdm20160930000000120IMPGS01GL.nc
Processing ../../../datasets/GIRAFE/daily/2016/10/PREdm20161001000000120IMPGS01GL.nc
Processing ../../../datasets/GIRAFE/daily/2016/10/PREdm20161002000000120IMPGS01GL.nc
Processing ../../../datasets/GIRAFE/daily/2016/10/PREdm20161003000000120IMPGS01GL.nc
Processing ../../../datasets/GIRAFE/daily/2016/10/PREdm20161004000000120IMPGS01GL.nc
Processing ../../../datasets/GIRAFE/daily/2016/10/PREdm20161005000000120IMPGS01GL.nc
Processing ../../../datasets/GIRAFE/daily/2016/10/PREdm20161006000000120IMPGS01GL.nc
Processing ../../../datasets/GIRAFE/daily/2016/10/PREdm20161007000000120IMPGS01GL.nc
Processing ../../../datasets/GIRAFE/daily/2016/10/PREdm20161008000000120IMPGS01GL.nc
Processing ../../../datasets/GIRAFE/daily/2016/10/PREdm20161009000000120IMPGS01GL.nc
Processing ../../../datasets/GIRAFE/daily/2016/10/PREdm20161010000000120IMPGS01GL.nc
Processing ../../../datasets/GIRAFE/daily/2016/10/PREdm20161011000000120IMPGS01GL.nc
Processing ../../../datasets/GIRAFE/daily/2016/10/PREdm20161012000000120IMPGS01GL.nc
Processing ../../../datasets/GIRAFE/daily/2016/10/PREdm20161013000000120IMPGS01GL.nc
Processing ../../../datasets/GIRAFE/daily/2016/10/PREdm20161014000000120IMPGS01GL.nc
Processing ../../../datasets/GIRAFE/daily/2016/10/PREdm20161015000000120IMPGS01GL.nc
Processing ../../../datasets/GIRAFE/daily/2016/10/PREdm20161016000000120IMPGS01GL.nc
Processing ../../../datasets/GIRAFE/daily/2016/10/PREdm20161017000000120IMPGS01GL.nc
Processing ../../../datasets/GIRAFE/daily/2016/10/PREdm20161018000000120IMPGS01GL.nc
Processing ../../../datasets/GIRAFE/daily/2016/10/PREdm20161019000000120IMPGS01GL.nc
Processing ../../../datasets/GIRAFE/daily/2016/10/PREdm20161020000000120IMPGS01GL.nc
Processing ../../../datasets/GIRAFE/daily/2016/10/PREdm20161021000000120IMPGS01GL.nc
Processing ../../../datasets/GIRAFE/daily/2016/10/PREdm20161022000000120IMPGS01GL.nc
Processing ../../../datasets/GIRAFE/daily/2016/10/PREdm20161023000000120IMPGS01GL.nc
Processing ../../../datasets/GIRAFE/daily/2016/10/PREdm20161024000000120IMPGS01GL.nc
Processing ../../../datasets/GIRAFE/daily/2016/10/PREdm20161025000000120IMPGS01GL.nc
Processing ../../../datasets/GIRAFE/daily/2016/10/PREdm20161026000000120IMPGS01GL.nc
Processing ../../../datasets/GIRAFE/daily/2016/10/PREdm20161027000000120IMPGS01GL.nc
Processing ../../../datasets/GIRAFE/daily/2016/10/PREdm20161028000000120IMPGS01GL.nc
Processing ../../../datasets/GIRAFE/daily/2016/10/PREdm20161029000000120IMPGS01GL.nc
Processing ../../../datasets/GIRAFE/daily/2016/10/PREdm20161030000000120IMPGS01GL.nc
Processing ../../../datasets/GIRAFE/daily/2016/10/PREdm20161031000000120IMPGS01GL.nc
Processing ../../../datasets/GIRAFE/daily/2016/11/PREdm20161101000000120IMPGS01GL.nc
Processing ../../../datasets/GIRAFE/daily/2016/11/PREdm20161102000000120IMPGS01GL.nc
Processing ../../../datasets/GIRAFE/daily/2016/11/PREdm20161103000000120IMPGS01GL.nc
Processing ../../../datasets/GIRAFE/daily/2016/11/PREdm20161104000000120IMPGS01GL.nc
Processing ../../../datasets/GIRAFE/daily/2016/11/PREdm20161105000000120IMPGS01GL.nc
Processing ../../../datasets/GIRAFE/daily/2016/11/PREdm20161106000000120IMPGS01GL.nc
Processing ../../../datasets/GIRAFE/daily/2016/11/PREdm20161107000000120IMPGS01GL.nc
Processing ../../../datasets/GIRAFE/daily/2016/11/PREdm20161108000000120IMPGS01GL.nc
Processing ../../../datasets/GIRAFE/daily/2016/11/PREdm20161109000000120IMPGS01GL.nc
Processing ../../../datasets/GIRAFE/daily/2016/11/PREdm20161110000000120IMPGS01GL.nc
Processing ../../../datasets/GIRAFE/daily/2016/11/PREdm20161111000000120IMPGS01GL.nc
Processing ../../../datasets/GIRAFE/daily/2016/11/PREdm20161112000000120IMPGS01GL.nc
Processing ../../../datasets/GIRAFE/daily/2016/11/PREdm20161113000000120IMPGS01GL.nc
Processing ../../../datasets/GIRAFE/daily/2016/11/PREdm20161114000000120IMPGS01GL.nc
Processing ../../../datasets/GIRAFE/daily/2016/11/PREdm20161115000000120IMPGS01GL.nc
Processing ../../../datasets/GIRAFE/daily/2016/11/PREdm20161116000000120IMPGS01GL.nc
Processing ../../../datasets/GIRAFE/daily/2016/11/PREdm20161117000000120IMPGS01GL.nc
Processing ../../../datasets/GIRAFE/daily/2016/11/PREdm20161118000000120IMPGS01GL.nc
Processing ../../../datasets/GIRAFE/daily/2016/11/PREdm20161119000000120IMPGS01GL.nc
Processing ../../../datasets/GIRAFE/daily/2016/11/PREdm20161120000000120IMPGS01GL.nc
Processing ../../../datasets/GIRAFE/daily/2016/11/PREdm20161121000000120IMPGS01GL.nc
Processing ../../../datasets/GIRAFE/daily/2016/11/PREdm20161122000000120IMPGS01GL.nc
Processing ../../../datasets/GIRAFE/daily/2016/11/PREdm20161123000000120IMPGS01GL.nc
Processing ../../../datasets/GIRAFE/daily/2016/11/PREdm20161124000000120IMPGS01GL.nc
Processing ../../../datasets/GIRAFE/daily/2016/11/PREdm20161125000000120IMPGS01GL.nc
Processing ../../../datasets/GIRAFE/daily/2016/11/PREdm20161126000000120IMPGS01GL.nc
Processing ../../../datasets/GIRAFE/daily/2016/11/PREdm20161127000000120IMPGS01GL.nc
Processing ../../../datasets/GIRAFE/daily/2016/11/PREdm20161128000000120IMPGS01GL.nc
Processing ../../../datasets/GIRAFE/daily/2016/11/PREdm20161129000000120IMPGS01GL.nc
Processing ../../../datasets/GIRAFE/daily/2016/11/PREdm20161130000000120IMPGS01GL.nc
Processing ../../../datasets/GIRAFE/daily/2016/12/PREdm20161201000000120IMPGS01GL.nc
Processing ../../../datasets/GIRAFE/daily/2016/12/PREdm20161202000000120IMPGS01GL.nc
Processing ../../../datasets/GIRAFE/daily/2016/12/PREdm20161203000000120IMPGS01GL.nc
Processing ../../../datasets/GIRAFE/daily/2016/12/PREdm20161204000000120IMPGS01GL.nc
Processing ../../../datasets/GIRAFE/daily/2016/12/PREdm20161205000000120IMPGS01GL.nc
Processing ../../../datasets/GIRAFE/daily/2016/12/PREdm20161206000000120IMPGS01GL.nc
Processing ../../../datasets/GIRAFE/daily/2016/12/PREdm20161207000000120IMPGS01GL.nc
Processing ../../../datasets/GIRAFE/daily/2016/12/PREdm20161208000000120IMPGS01GL.nc
Processing ../../../datasets/GIRAFE/daily/2016/12/PREdm20161209000000120IMPGS01GL.nc
Processing ../../../datasets/GIRAFE/daily/2016/12/PREdm20161210000000120IMPGS01GL.nc
Processing ../../../datasets/GIRAFE/daily/2016/12/PREdm20161211000000120IMPGS01GL.nc
Processing ../../../datasets/GIRAFE/daily/2016/12/PREdm20161212000000120IMPGS01GL.nc
Processing ../../../datasets/GIRAFE/daily/2016/12/PREdm20161213000000120IMPGS01GL.nc
Processing ../../../datasets/GIRAFE/daily/2016/12/PREdm20161214000000120IMPGS01GL.nc
Processing ../../../datasets/GIRAFE/daily/2016/12/PREdm20161215000000120IMPGS01GL.nc
Processing ../../../datasets/GIRAFE/daily/2016/12/PREdm20161216000000120IMPGS01GL.nc
Processing ../../../datasets/GIRAFE/daily/2016/12/PREdm20161217000000120IMPGS01GL.nc
Processing ../../../datasets/GIRAFE/daily/2016/12/PREdm20161218000000120IMPGS01GL.nc
Processing ../../../datasets/GIRAFE/daily/2016/12/PREdm20161219000000120IMPGS01GL.nc
Processing ../../../datasets/GIRAFE/daily/2016/12/PREdm20161220000000120IMPGS01GL.nc
Processing ../../../datasets/GIRAFE/daily/2016/12/PREdm20161221000000120IMPGS01GL.nc
Processing ../../../datasets/GIRAFE/daily/2016/12/PREdm20161222000000120IMPGS01GL.nc
Processing ../../../datasets/GIRAFE/daily/2016/12/PREdm20161223000000120IMPGS01GL.nc
Processing ../../../datasets/GIRAFE/daily/2016/12/PREdm20161224000000120IMPGS01GL.nc
Processing ../../../datasets/GIRAFE/daily/2016/12/PREdm20161225000000120IMPGS01GL.nc
Processing ../../../datasets/GIRAFE/daily/2016/12/PREdm20161226000000120IMPGS01GL.nc
Processing ../../../datasets/GIRAFE/daily/2016/12/PREdm20161227000000120IMPGS01GL.nc
Processing ../../../datasets/GIRAFE/daily/2016/12/PREdm20161228000000120IMPGS01GL.nc
Processing ../../../datasets/GIRAFE/daily/2016/12/PREdm20161229000000120IMPGS01GL.nc
Processing ../../../datasets/GIRAFE/daily/2016/12/PREdm20161230000000120IMPGS01GL.nc
Processing ../../../datasets/GIRAFE/daily/2016/12/PREdm20161231000000120IMPGS01GL.nc
Processing ../../../datasets/GIRAFE/daily/2017/01/PREdm20170101000000120IMPGS01GL.nc
Processing ../../../datasets/GIRAFE/daily/2017/01/PREdm20170102000000120IMPGS01GL.nc
Processing ../../../datasets/GIRAFE/daily/2017/01/PREdm20170103000000120IMPGS01GL.nc
Processing ../../../datasets/GIRAFE/daily/2017/01/PREdm20170104000000120IMPGS01GL.nc
Processing ../../../datasets/GIRAFE/daily/2017/01/PREdm20170105000000120IMPGS01GL.nc
Processing ../../../datasets/GIRAFE/daily/2017/01/PREdm20170106000000120IMPGS01GL.nc
Processing ../../../datasets/GIRAFE/daily/2017/01/PREdm20170107000000120IMPGS01GL.nc
Processing ../../../datasets/GIRAFE/daily/2017/01/PREdm20170108000000120IMPGS01GL.nc
Processing ../../../datasets/GIRAFE/daily/2017/01/PREdm20170109000000120IMPGS01GL.nc
Processing ../../../datasets/GIRAFE/daily/2017/01/PREdm20170110000000120IMPGS01GL.nc
Processing ../../../datasets/GIRAFE/daily/2017/01/PREdm20170111000000120IMPGS01GL.nc
Processing ../../../datasets/GIRAFE/daily/2017/01/PREdm20170112000000120IMPGS01GL.nc
Processing ../../../datasets/GIRAFE/daily/2017/01/PREdm20170113000000120IMPGS01GL.nc
Processing ../../../datasets/GIRAFE/daily/2017/01/PREdm20170114000000120IMPGS01GL.nc
Processing ../../../datasets/GIRAFE/daily/2017/01/PREdm20170115000000120IMPGS01GL.nc
Processing ../../../datasets/GIRAFE/daily/2017/01/PREdm20170116000000120IMPGS01GL.nc
Processing ../../../datasets/GIRAFE/daily/2017/01/PREdm20170117000000120IMPGS01GL.nc
Processing ../../../datasets/GIRAFE/daily/2017/01/PREdm20170118000000120IMPGS01GL.nc
Processing ../../../datasets/GIRAFE/daily/2017/01/PREdm20170119000000120IMPGS01GL.nc
Processing ../../../datasets/GIRAFE/daily/2017/01/PREdm20170120000000120IMPGS01GL.nc
Processing ../../../datasets/GIRAFE/daily/2017/01/PREdm20170121000000120IMPGS01GL.nc
Processing ../../../datasets/GIRAFE/daily/2017/01/PREdm20170122000000120IMPGS01GL.nc
Processing ../../../datasets/GIRAFE/daily/2017/01/PREdm20170123000000120IMPGS01GL.nc
Processing ../../../datasets/GIRAFE/daily/2017/01/PREdm20170124000000120IMPGS01GL.nc
Processing ../../../datasets/GIRAFE/daily/2017/01/PREdm20170125000000120IMPGS01GL.nc
Processing ../../../datasets/GIRAFE/daily/2017/01/PREdm20170126000000120IMPGS01GL.nc
Processing ../../../datasets/GIRAFE/daily/2017/01/PREdm20170127000000120IMPGS01GL.nc
Processing ../../../datasets/GIRAFE/daily/2017/01/PREdm20170128000000120IMPGS01GL.nc
Processing ../../../datasets/GIRAFE/daily/2017/01/PREdm20170129000000120IMPGS01GL.nc
Processing ../../../datasets/GIRAFE/daily/2017/01/PREdm20170130000000120IMPGS01GL.nc
Processing ../../../datasets/GIRAFE/daily/2017/01/PREdm20170131000000120IMPGS01GL.nc
Processing ../../../datasets/GIRAFE/daily/2017/02/PREdm20170201000000120IMPGS01GL.nc
Processing ../../../datasets/GIRAFE/daily/2017/02/PREdm20170202000000120IMPGS01GL.nc
Processing ../../../datasets/GIRAFE/daily/2017/02/PREdm20170203000000120IMPGS01GL.nc
Processing ../../../datasets/GIRAFE/daily/2017/02/PREdm20170204000000120IMPGS01GL.nc
Processing ../../../datasets/GIRAFE/daily/2017/02/PREdm20170205000000120IMPGS01GL.nc
Processing ../../../datasets/GIRAFE/daily/2017/02/PREdm20170206000000120IMPGS01GL.nc
Processing ../../../datasets/GIRAFE/daily/2017/02/PREdm20170207000000120IMPGS01GL.nc
Processing ../../../datasets/GIRAFE/daily/2017/02/PREdm20170208000000120IMPGS01GL.nc
Processing ../../../datasets/GIRAFE/daily/2017/02/PREdm20170209000000120IMPGS01GL.nc
Processing ../../../datasets/GIRAFE/daily/2017/02/PREdm20170210000000120IMPGS01GL.nc
Processing ../../../datasets/GIRAFE/daily/2017/02/PREdm20170211000000120IMPGS01GL.nc
Processing ../../../datasets/GIRAFE/daily/2017/02/PREdm20170212000000120IMPGS01GL.nc
Processing ../../../datasets/GIRAFE/daily/2017/02/PREdm20170213000000120IMPGS01GL.nc
Processing ../../../datasets/GIRAFE/daily/2017/02/PREdm20170214000000120IMPGS01GL.nc
Processing ../../../datasets/GIRAFE/daily/2017/02/PREdm20170215000000120IMPGS01GL.nc
Processing ../../../datasets/GIRAFE/daily/2017/02/PREdm20170216000000120IMPGS01GL.nc
Processing ../../../datasets/GIRAFE/daily/2017/02/PREdm20170217000000120IMPGS01GL.nc
Processing ../../../datasets/GIRAFE/daily/2017/02/PREdm20170218000000120IMPGS01GL.nc
Processing ../../../datasets/GIRAFE/daily/2017/02/PREdm20170219000000120IMPGS01GL.nc
Processing ../../../datasets/GIRAFE/daily/2017/02/PREdm20170220000000120IMPGS01GL.nc
Processing ../../../datasets/GIRAFE/daily/2017/02/PREdm20170221000000120IMPGS01GL.nc
Processing ../../../datasets/GIRAFE/daily/2017/02/PREdm20170222000000120IMPGS01GL.nc
Processing ../../../datasets/GIRAFE/daily/2017/02/PREdm20170223000000120IMPGS01GL.nc
Processing ../../../datasets/GIRAFE/daily/2017/02/PREdm20170224000000120IMPGS01GL.nc
Processing ../../../datasets/GIRAFE/daily/2017/02/PREdm20170225000000120IMPGS01GL.nc
Processing ../../../datasets/GIRAFE/daily/2017/02/PREdm20170226000000120IMPGS01GL.nc
Processing ../../../datasets/GIRAFE/daily/2017/02/PREdm20170227000000120IMPGS01GL.nc
Processing ../../../datasets/GIRAFE/daily/2017/02/PREdm20170228000000120IMPGS01GL.nc
Processing ../../../datasets/GIRAFE/daily/2017/03/PREdm20170301000000120IMPGS01GL.nc
Processing ../../../datasets/GIRAFE/daily/2017/03/PREdm20170302000000120IMPGS01GL.nc
Processing ../../../datasets/GIRAFE/daily/2017/03/PREdm20170303000000120IMPGS01GL.nc
Processing ../../../datasets/GIRAFE/daily/2017/03/PREdm20170304000000120IMPGS01GL.nc
Processing ../../../datasets/GIRAFE/daily/2017/03/PREdm20170305000000120IMPGS01GL.nc
Processing ../../../datasets/GIRAFE/daily/2017/03/PREdm20170306000000120IMPGS01GL.nc
Processing ../../../datasets/GIRAFE/daily/2017/03/PREdm20170307000000120IMPGS01GL.nc
Processing ../../../datasets/GIRAFE/daily/2017/03/PREdm20170308000000120IMPGS01GL.nc
Processing ../../../datasets/GIRAFE/daily/2017/03/PREdm20170309000000120IMPGS01GL.nc
Processing ../../../datasets/GIRAFE/daily/2017/03/PREdm20170310000000120IMPGS01GL.nc
Processing ../../../datasets/GIRAFE/daily/2017/03/PREdm20170311000000120IMPGS01GL.nc
Processing ../../../datasets/GIRAFE/daily/2017/03/PREdm20170312000000120IMPGS01GL.nc
Processing ../../../datasets/GIRAFE/daily/2017/03/PREdm20170313000000120IMPGS01GL.nc
Processing ../../../datasets/GIRAFE/daily/2017/03/PREdm20170314000000120IMPGS01GL.nc
Processing ../../../datasets/GIRAFE/daily/2017/03/PREdm20170315000000120IMPGS01GL.nc
Processing ../../../datasets/GIRAFE/daily/2017/03/PREdm20170316000000120IMPGS01GL.nc
Processing ../../../datasets/GIRAFE/daily/2017/03/PREdm20170317000000120IMPGS01GL.nc
Processing ../../../datasets/GIRAFE/daily/2017/03/PREdm20170318000000120IMPGS01GL.nc
Processing ../../../datasets/GIRAFE/daily/2017/03/PREdm20170319000000120IMPGS01GL.nc
Processing ../../../datasets/GIRAFE/daily/2017/03/PREdm20170320000000120IMPGS01GL.nc
Processing ../../../datasets/GIRAFE/daily/2017/03/PREdm20170321000000120IMPGS01GL.nc
Processing ../../../datasets/GIRAFE/daily/2017/03/PREdm20170322000000120IMPGS01GL.nc
Processing ../../../datasets/GIRAFE/daily/2017/03/PREdm20170323000000120IMPGS01GL.nc
Processing ../../../datasets/GIRAFE/daily/2017/03/PREdm20170324000000120IMPGS01GL.nc
Processing ../../../datasets/GIRAFE/daily/2017/03/PREdm20170325000000120IMPGS01GL.nc
Processing ../../../datasets/GIRAFE/daily/2017/03/PREdm20170326000000120IMPGS01GL.nc
Processing ../../../datasets/GIRAFE/daily/2017/03/PREdm20170327000000120IMPGS01GL.nc
Processing ../../../datasets/GIRAFE/daily/2017/03/PREdm20170328000000120IMPGS01GL.nc
Processing ../../../datasets/GIRAFE/daily/2017/03/PREdm20170329000000120IMPGS01GL.nc
Processing ../../../datasets/GIRAFE/daily/2017/03/PREdm20170330000000120IMPGS01GL.nc
Processing ../../../datasets/GIRAFE/daily/2017/03/PREdm20170331000000120IMPGS01GL.nc
Processing ../../../datasets/GIRAFE/daily/2017/04/PREdm20170401000000120IMPGS01GL.nc
Processing ../../../datasets/GIRAFE/daily/2017/04/PREdm20170402000000120IMPGS01GL.nc
Processing ../../../datasets/GIRAFE/daily/2017/04/PREdm20170403000000120IMPGS01GL.nc
Processing ../../../datasets/GIRAFE/daily/2017/04/PREdm20170404000000120IMPGS01GL.nc
Processing ../../../datasets/GIRAFE/daily/2017/04/PREdm20170405000000120IMPGS01GL.nc
Processing ../../../datasets/GIRAFE/daily/2017/04/PREdm20170406000000120IMPGS01GL.nc
Processing ../../../datasets/GIRAFE/daily/2017/04/PREdm20170407000000120IMPGS01GL.nc
Processing ../../../datasets/GIRAFE/daily/2017/04/PREdm20170408000000120IMPGS01GL.nc
Processing ../../../datasets/GIRAFE/daily/2017/04/PREdm20170409000000120IMPGS01GL.nc
Processing ../../../datasets/GIRAFE/daily/2017/04/PREdm20170410000000120IMPGS01GL.nc
Processing ../../../datasets/GIRAFE/daily/2017/04/PREdm20170411000000120IMPGS01GL.nc
Processing ../../../datasets/GIRAFE/daily/2017/04/PREdm20170412000000120IMPGS01GL.nc
Processing ../../../datasets/GIRAFE/daily/2017/04/PREdm20170413000000120IMPGS01GL.nc
Processing ../../../datasets/GIRAFE/daily/2017/04/PREdm20170414000000120IMPGS01GL.nc
Processing ../../../datasets/GIRAFE/daily/2017/04/PREdm20170415000000120IMPGS01GL.nc
Processing ../../../datasets/GIRAFE/daily/2017/04/PREdm20170416000000120IMPGS01GL.nc
Processing ../../../datasets/GIRAFE/daily/2017/04/PREdm20170417000000120IMPGS01GL.nc
Processing ../../../datasets/GIRAFE/daily/2017/04/PREdm20170418000000120IMPGS01GL.nc
Processing ../../../datasets/GIRAFE/daily/2017/04/PREdm20170419000000120IMPGS01GL.nc
Processing ../../../datasets/GIRAFE/daily/2017/04/PREdm20170420000000120IMPGS01GL.nc
Processing ../../../datasets/GIRAFE/daily/2017/04/PREdm20170421000000120IMPGS01GL.nc
Processing ../../../datasets/GIRAFE/daily/2017/04/PREdm20170422000000120IMPGS01GL.nc
Processing ../../../datasets/GIRAFE/daily/2017/04/PREdm20170423000000120IMPGS01GL.nc
Processing ../../../datasets/GIRAFE/daily/2017/04/PREdm20170424000000120IMPGS01GL.nc
Processing ../../../datasets/GIRAFE/daily/2017/04/PREdm20170425000000120IMPGS01GL.nc
Processing ../../../datasets/GIRAFE/daily/2017/04/PREdm20170426000000120IMPGS01GL.nc
Processing ../../../datasets/GIRAFE/daily/2017/04/PREdm20170427000000120IMPGS01GL.nc
Processing ../../../datasets/GIRAFE/daily/2017/04/PREdm20170428000000120IMPGS01GL.nc
Processing ../../../datasets/GIRAFE/daily/2017/04/PREdm20170429000000120IMPGS01GL.nc
Processing ../../../datasets/GIRAFE/daily/2017/04/PREdm20170430000000120IMPGS01GL.nc
Processing ../../../datasets/GIRAFE/daily/2017/05/PREdm20170501000000120IMPGS01GL.nc
Processing ../../../datasets/GIRAFE/daily/2017/05/PREdm20170502000000120IMPGS01GL.nc
Processing ../../../datasets/GIRAFE/daily/2017/05/PREdm20170503000000120IMPGS01GL.nc
Processing ../../../datasets/GIRAFE/daily/2017/05/PREdm20170504000000120IMPGS01GL.nc
Processing ../../../datasets/GIRAFE/daily/2017/05/PREdm20170505000000120IMPGS01GL.nc
Processing ../../../datasets/GIRAFE/daily/2017/05/PREdm20170506000000120IMPGS01GL.nc
Processing ../../../datasets/GIRAFE/daily/2017/05/PREdm20170507000000120IMPGS01GL.nc
Processing ../../../datasets/GIRAFE/daily/2017/05/PREdm20170508000000120IMPGS01GL.nc
Processing ../../../datasets/GIRAFE/daily/2017/05/PREdm20170509000000120IMPGS01GL.nc
Processing ../../../datasets/GIRAFE/daily/2017/05/PREdm20170510000000120IMPGS01GL.nc
Processing ../../../datasets/GIRAFE/daily/2017/05/PREdm20170511000000120IMPGS01GL.nc
Processing ../../../datasets/GIRAFE/daily/2017/05/PREdm20170512000000120IMPGS01GL.nc
Processing ../../../datasets/GIRAFE/daily/2017/05/PREdm20170513000000120IMPGS01GL.nc
Processing ../../../datasets/GIRAFE/daily/2017/05/PREdm20170514000000120IMPGS01GL.nc
Processing ../../../datasets/GIRAFE/daily/2017/05/PREdm20170515000000120IMPGS01GL.nc
Processing ../../../datasets/GIRAFE/daily/2017/05/PREdm20170516000000120IMPGS01GL.nc
Processing ../../../datasets/GIRAFE/daily/2017/05/PREdm20170517000000120IMPGS01GL.nc
Processing ../../../datasets/GIRAFE/daily/2017/05/PREdm20170518000000120IMPGS01GL.nc
Processing ../../../datasets/GIRAFE/daily/2017/05/PREdm20170519000000120IMPGS01GL.nc
Processing ../../../datasets/GIRAFE/daily/2017/05/PREdm20170520000000120IMPGS01GL.nc
Processing ../../../datasets/GIRAFE/daily/2017/05/PREdm20170521000000120IMPGS01GL.nc
Processing ../../../datasets/GIRAFE/daily/2017/05/PREdm20170522000000120IMPGS01GL.nc
Processing ../../../datasets/GIRAFE/daily/2017/05/PREdm20170523000000120IMPGS01GL.nc
Processing ../../../datasets/GIRAFE/daily/2017/05/PREdm20170524000000120IMPGS01GL.nc
Processing ../../../datasets/GIRAFE/daily/2017/05/PREdm20170525000000120IMPGS01GL.nc
Processing ../../../datasets/GIRAFE/daily/2017/05/PREdm20170526000000120IMPGS01GL.nc
Processing ../../../datasets/GIRAFE/daily/2017/05/PREdm20170527000000120IMPGS01GL.nc
Processing ../../../datasets/GIRAFE/daily/2017/05/PREdm20170528000000120IMPGS01GL.nc
Processing ../../../datasets/GIRAFE/daily/2017/05/PREdm20170529000000120IMPGS01GL.nc
Processing ../../../datasets/GIRAFE/daily/2017/05/PREdm20170530000000120IMPGS01GL.nc
Processing ../../../datasets/GIRAFE/daily/2017/05/PREdm20170531000000120IMPGS01GL.nc
Processing ../../../datasets/GIRAFE/daily/2017/06/PREdm20170601000000120IMPGS01GL.nc
Processing ../../../datasets/GIRAFE/daily/2017/06/PREdm20170602000000120IMPGS01GL.nc
Processing ../../../datasets/GIRAFE/daily/2017/06/PREdm20170603000000120IMPGS01GL.nc
Processing ../../../datasets/GIRAFE/daily/2017/06/PREdm20170604000000120IMPGS01GL.nc
Processing ../../../datasets/GIRAFE/daily/2017/06/PREdm20170605000000120IMPGS01GL.nc
Processing ../../../datasets/GIRAFE/daily/2017/06/PREdm20170606000000120IMPGS01GL.nc
Processing ../../../datasets/GIRAFE/daily/2017/06/PREdm20170607000000120IMPGS01GL.nc
Processing ../../../datasets/GIRAFE/daily/2017/06/PREdm20170608000000120IMPGS01GL.nc
Processing ../../../datasets/GIRAFE/daily/2017/06/PREdm20170609000000120IMPGS01GL.nc
Processing ../../../datasets/GIRAFE/daily/2017/06/PREdm20170610000000120IMPGS01GL.nc
Processing ../../../datasets/GIRAFE/daily/2017/06/PREdm20170611000000120IMPGS01GL.nc
Processing ../../../datasets/GIRAFE/daily/2017/06/PREdm20170612000000120IMPGS01GL.nc
Processing ../../../datasets/GIRAFE/daily/2017/06/PREdm20170613000000120IMPGS01GL.nc
Processing ../../../datasets/GIRAFE/daily/2017/06/PREdm20170614000000120IMPGS01GL.nc
Processing ../../../datasets/GIRAFE/daily/2017/06/PREdm20170615000000120IMPGS01GL.nc
Processing ../../../datasets/GIRAFE/daily/2017/06/PREdm20170616000000120IMPGS01GL.nc
Processing ../../../datasets/GIRAFE/daily/2017/06/PREdm20170617000000120IMPGS01GL.nc
Processing ../../../datasets/GIRAFE/daily/2017/06/PREdm20170618000000120IMPGS01GL.nc
Processing ../../../datasets/GIRAFE/daily/2017/06/PREdm20170619000000120IMPGS01GL.nc
Processing ../../../datasets/GIRAFE/daily/2017/06/PREdm20170620000000120IMPGS01GL.nc
Processing ../../../datasets/GIRAFE/daily/2017/06/PREdm20170621000000120IMPGS01GL.nc
Processing ../../../datasets/GIRAFE/daily/2017/06/PREdm20170622000000120IMPGS01GL.nc
Processing ../../../datasets/GIRAFE/daily/2017/06/PREdm20170623000000120IMPGS01GL.nc
Processing ../../../datasets/GIRAFE/daily/2017/06/PREdm20170624000000120IMPGS01GL.nc
Processing ../../../datasets/GIRAFE/daily/2017/06/PREdm20170625000000120IMPGS01GL.nc
Processing ../../../datasets/GIRAFE/daily/2017/06/PREdm20170626000000120IMPGS01GL.nc
Processing ../../../datasets/GIRAFE/daily/2017/06/PREdm20170627000000120IMPGS01GL.nc
Processing ../../../datasets/GIRAFE/daily/2017/06/PREdm20170628000000120IMPGS01GL.nc
Processing ../../../datasets/GIRAFE/daily/2017/06/PREdm20170629000000120IMPGS01GL.nc
Processing ../../../datasets/GIRAFE/daily/2017/06/PREdm20170630000000120IMPGS01GL.nc
Processing ../../../datasets/GIRAFE/daily/2017/07/PREdm20170701000000120IMPGS01GL.nc
Processing ../../../datasets/GIRAFE/daily/2017/07/PREdm20170702000000120IMPGS01GL.nc
Processing ../../../datasets/GIRAFE/daily/2017/07/PREdm20170703000000120IMPGS01GL.nc
Processing ../../../datasets/GIRAFE/daily/2017/07/PREdm20170704000000120IMPGS01GL.nc
Processing ../../../datasets/GIRAFE/daily/2017/07/PREdm20170705000000120IMPGS01GL.nc
Processing ../../../datasets/GIRAFE/daily/2017/07/PREdm20170706000000120IMPGS01GL.nc
Processing ../../../datasets/GIRAFE/daily/2017/07/PREdm20170707000000120IMPGS01GL.nc
Processing ../../../datasets/GIRAFE/daily/2017/07/PREdm20170708000000120IMPGS01GL.nc
Processing ../../../datasets/GIRAFE/daily/2017/07/PREdm20170709000000120IMPGS01GL.nc
Processing ../../../datasets/GIRAFE/daily/2017/07/PREdm20170710000000120IMPGS01GL.nc
Processing ../../../datasets/GIRAFE/daily/2017/07/PREdm20170711000000120IMPGS01GL.nc
Processing ../../../datasets/GIRAFE/daily/2017/07/PREdm20170712000000120IMPGS01GL.nc
Processing ../../../datasets/GIRAFE/daily/2017/07/PREdm20170713000000120IMPGS01GL.nc
Processing ../../../datasets/GIRAFE/daily/2017/07/PREdm20170714000000120IMPGS01GL.nc
Processing ../../../datasets/GIRAFE/daily/2017/07/PREdm20170715000000120IMPGS01GL.nc
Processing ../../../datasets/GIRAFE/daily/2017/07/PREdm20170716000000120IMPGS01GL.nc
Processing ../../../datasets/GIRAFE/daily/2017/07/PREdm20170717000000120IMPGS01GL.nc
Processing ../../../datasets/GIRAFE/daily/2017/07/PREdm20170718000000120IMPGS01GL.nc
Processing ../../../datasets/GIRAFE/daily/2017/07/PREdm20170719000000120IMPGS01GL.nc
Processing ../../../datasets/GIRAFE/daily/2017/07/PREdm20170720000000120IMPGS01GL.nc
Processing ../../../datasets/GIRAFE/daily/2017/07/PREdm20170721000000120IMPGS01GL.nc
Processing ../../../datasets/GIRAFE/daily/2017/07/PREdm20170722000000120IMPGS01GL.nc
Processing ../../../datasets/GIRAFE/daily/2017/07/PREdm20170723000000120IMPGS01GL.nc
Processing ../../../datasets/GIRAFE/daily/2017/07/PREdm20170724000000120IMPGS01GL.nc
Processing ../../../datasets/GIRAFE/daily/2017/07/PREdm20170725000000120IMPGS01GL.nc
Processing ../../../datasets/GIRAFE/daily/2017/07/PREdm20170726000000120IMPGS01GL.nc
Processing ../../../datasets/GIRAFE/daily/2017/07/PREdm20170727000000120IMPGS01GL.nc
Processing ../../../datasets/GIRAFE/daily/2017/07/PREdm20170728000000120IMPGS01GL.nc
Processing ../../../datasets/GIRAFE/daily/2017/07/PREdm20170729000000120IMPGS01GL.nc
Processing ../../../datasets/GIRAFE/daily/2017/07/PREdm20170730000000120IMPGS01GL.nc
Processing ../../../datasets/GIRAFE/daily/2017/07/PREdm20170731000000120IMPGS01GL.nc
Processing ../../../datasets/GIRAFE/daily/2017/08/PREdm20170801000000120IMPGS01GL.nc
Processing ../../../datasets/GIRAFE/daily/2017/08/PREdm20170802000000120IMPGS01GL.nc
Processing ../../../datasets/GIRAFE/daily/2017/08/PREdm20170803000000120IMPGS01GL.nc
Processing ../../../datasets/GIRAFE/daily/2017/08/PREdm20170804000000120IMPGS01GL.nc
Processing ../../../datasets/GIRAFE/daily/2017/08/PREdm20170805000000120IMPGS01GL.nc
Processing ../../../datasets/GIRAFE/daily/2017/08/PREdm20170806000000120IMPGS01GL.nc
Processing ../../../datasets/GIRAFE/daily/2017/08/PREdm20170807000000120IMPGS01GL.nc
Processing ../../../datasets/GIRAFE/daily/2017/08/PREdm20170808000000120IMPGS01GL.nc
Processing ../../../datasets/GIRAFE/daily/2017/08/PREdm20170809000000120IMPGS01GL.nc
Processing ../../../datasets/GIRAFE/daily/2017/08/PREdm20170810000000120IMPGS01GL.nc
Processing ../../../datasets/GIRAFE/daily/2017/08/PREdm20170811000000120IMPGS01GL.nc
Processing ../../../datasets/GIRAFE/daily/2017/08/PREdm20170812000000120IMPGS01GL.nc
Processing ../../../datasets/GIRAFE/daily/2017/08/PREdm20170813000000120IMPGS01GL.nc
Processing ../../../datasets/GIRAFE/daily/2017/08/PREdm20170814000000120IMPGS01GL.nc
Processing ../../../datasets/GIRAFE/daily/2017/08/PREdm20170815000000120IMPGS01GL.nc
Processing ../../../datasets/GIRAFE/daily/2017/08/PREdm20170816000000120IMPGS01GL.nc
Processing ../../../datasets/GIRAFE/daily/2017/08/PREdm20170817000000120IMPGS01GL.nc
Processing ../../../datasets/GIRAFE/daily/2017/08/PREdm20170818000000120IMPGS01GL.nc
Processing ../../../datasets/GIRAFE/daily/2017/08/PREdm20170819000000120IMPGS01GL.nc
Processing ../../../datasets/GIRAFE/daily/2017/08/PREdm20170820000000120IMPGS01GL.nc
Processing ../../../datasets/GIRAFE/daily/2017/08/PREdm20170821000000120IMPGS01GL.nc
Processing ../../../datasets/GIRAFE/daily/2017/08/PREdm20170822000000120IMPGS01GL.nc
Processing ../../../datasets/GIRAFE/daily/2017/08/PREdm20170823000000120IMPGS01GL.nc
Processing ../../../datasets/GIRAFE/daily/2017/08/PREdm20170824000000120IMPGS01GL.nc
Processing ../../../datasets/GIRAFE/daily/2017/08/PREdm20170825000000120IMPGS01GL.nc
Processing ../../../datasets/GIRAFE/daily/2017/08/PREdm20170826000000120IMPGS01GL.nc
Processing ../../../datasets/GIRAFE/daily/2017/08/PREdm20170827000000120IMPGS01GL.nc
Processing ../../../datasets/GIRAFE/daily/2017/08/PREdm20170828000000120IMPGS01GL.nc
Processing ../../../datasets/GIRAFE/daily/2017/08/PREdm20170829000000120IMPGS01GL.nc
Processing ../../../datasets/GIRAFE/daily/2017/08/PREdm20170830000000120IMPGS01GL.nc
Processing ../../../datasets/GIRAFE/daily/2017/08/PREdm20170831000000120IMPGS01GL.nc
Processing ../../../datasets/GIRAFE/daily/2017/09/PREdm20170901000000120IMPGS01GL.nc
Processing ../../../datasets/GIRAFE/daily/2017/09/PREdm20170902000000120IMPGS01GL.nc
Processing ../../../datasets/GIRAFE/daily/2017/09/PREdm20170903000000120IMPGS01GL.nc
Processing ../../../datasets/GIRAFE/daily/2017/09/PREdm20170904000000120IMPGS01GL.nc
Processing ../../../datasets/GIRAFE/daily/2017/09/PREdm20170905000000120IMPGS01GL.nc
Processing ../../../datasets/GIRAFE/daily/2017/09/PREdm20170906000000120IMPGS01GL.nc
Processing ../../../datasets/GIRAFE/daily/2017/09/PREdm20170907000000120IMPGS01GL.nc
Processing ../../../datasets/GIRAFE/daily/2017/09/PREdm20170908000000120IMPGS01GL.nc
Processing ../../../datasets/GIRAFE/daily/2017/09/PREdm20170909000000120IMPGS01GL.nc
Processing ../../../datasets/GIRAFE/daily/2017/09/PREdm20170910000000120IMPGS01GL.nc
Processing ../../../datasets/GIRAFE/daily/2017/09/PREdm20170911000000120IMPGS01GL.nc
Processing ../../../datasets/GIRAFE/daily/2017/09/PREdm20170912000000120IMPGS01GL.nc
Processing ../../../datasets/GIRAFE/daily/2017/09/PREdm20170913000000120IMPGS01GL.nc
Processing ../../../datasets/GIRAFE/daily/2017/09/PREdm20170914000000120IMPGS01GL.nc
Processing ../../../datasets/GIRAFE/daily/2017/09/PREdm20170915000000120IMPGS01GL.nc
Processing ../../../datasets/GIRAFE/daily/2017/09/PREdm20170916000000120IMPGS01GL.nc
Processing ../../../datasets/GIRAFE/daily/2017/09/PREdm20170917000000120IMPGS01GL.nc
Processing ../../../datasets/GIRAFE/daily/2017/09/PREdm20170918000000120IMPGS01GL.nc
Processing ../../../datasets/GIRAFE/daily/2017/09/PREdm20170919000000120IMPGS01GL.nc
Processing ../../../datasets/GIRAFE/daily/2017/09/PREdm20170920000000120IMPGS01GL.nc
Processing ../../../datasets/GIRAFE/daily/2017/09/PREdm20170921000000120IMPGS01GL.nc
Processing ../../../datasets/GIRAFE/daily/2017/09/PREdm20170922000000120IMPGS01GL.nc
Processing ../../../datasets/GIRAFE/daily/2017/09/PREdm20170923000000120IMPGS01GL.nc
Processing ../../../datasets/GIRAFE/daily/2017/09/PREdm20170924000000120IMPGS01GL.nc
Processing ../../../datasets/GIRAFE/daily/2017/09/PREdm20170925000000120IMPGS01GL.nc
Processing ../../../datasets/GIRAFE/daily/2017/09/PREdm20170926000000120IMPGS01GL.nc
Processing ../../../datasets/GIRAFE/daily/2017/09/PREdm20170927000000120IMPGS01GL.nc
Processing ../../../datasets/GIRAFE/daily/2017/09/PREdm20170928000000120IMPGS01GL.nc
Processing ../../../datasets/GIRAFE/daily/2017/09/PREdm20170929000000120IMPGS01GL.nc
Processing ../../../datasets/GIRAFE/daily/2017/09/PREdm20170930000000120IMPGS01GL.nc
Processing ../../../datasets/GIRAFE/daily/2017/10/PREdm20171001000000120IMPGS01GL.nc
Processing ../../../datasets/GIRAFE/daily/2017/10/PREdm20171002000000120IMPGS01GL.nc
Processing ../../../datasets/GIRAFE/daily/2017/10/PREdm20171003000000120IMPGS01GL.nc
Processing ../../../datasets/GIRAFE/daily/2017/10/PREdm20171004000000120IMPGS01GL.nc
Processing ../../../datasets/GIRAFE/daily/2017/10/PREdm20171005000000120IMPGS01GL.nc
Processing ../../../datasets/GIRAFE/daily/2017/10/PREdm20171006000000120IMPGS01GL.nc
Processing ../../../datasets/GIRAFE/daily/2017/10/PREdm20171007000000120IMPGS01GL.nc
Processing ../../../datasets/GIRAFE/daily/2017/10/PREdm20171008000000120IMPGS01GL.nc
Processing ../../../datasets/GIRAFE/daily/2017/10/PREdm20171009000000120IMPGS01GL.nc
Processing ../../../datasets/GIRAFE/daily/2017/10/PREdm20171010000000120IMPGS01GL.nc
Processing ../../../datasets/GIRAFE/daily/2017/10/PREdm20171011000000120IMPGS01GL.nc
Processing ../../../datasets/GIRAFE/daily/2017/10/PREdm20171012000000120IMPGS01GL.nc
Processing ../../../datasets/GIRAFE/daily/2017/10/PREdm20171013000000120IMPGS01GL.nc
Processing ../../../datasets/GIRAFE/daily/2017/10/PREdm20171014000000120IMPGS01GL.nc
Processing ../../../datasets/GIRAFE/daily/2017/10/PREdm20171015000000120IMPGS01GL.nc
Processing ../../../datasets/GIRAFE/daily/2017/10/PREdm20171016000000120IMPGS01GL.nc
Processing ../../../datasets/GIRAFE/daily/2017/10/PREdm20171017000000120IMPGS01GL.nc
Processing ../../../datasets/GIRAFE/daily/2017/10/PREdm20171018000000120IMPGS01GL.nc
Processing ../../../datasets/GIRAFE/daily/2017/10/PREdm20171019000000120IMPGS01GL.nc
Processing ../../../datasets/GIRAFE/daily/2017/10/PREdm20171020000000120IMPGS01GL.nc
Processing ../../../datasets/GIRAFE/daily/2017/10/PREdm20171021000000120IMPGS01GL.nc
Processing ../../../datasets/GIRAFE/daily/2017/10/PREdm20171022000000120IMPGS01GL.nc
Processing ../../../datasets/GIRAFE/daily/2017/10/PREdm20171023000000120IMPGS01GL.nc
Processing ../../../datasets/GIRAFE/daily/2017/10/PREdm20171024000000120IMPGS01GL.nc
Processing ../../../datasets/GIRAFE/daily/2017/10/PREdm20171025000000120IMPGS01GL.nc
Processing ../../../datasets/GIRAFE/daily/2017/10/PREdm20171026000000120IMPGS01GL.nc
Processing ../../../datasets/GIRAFE/daily/2017/10/PREdm20171027000000120IMPGS01GL.nc
Processing ../../../datasets/GIRAFE/daily/2017/10/PREdm20171028000000120IMPGS01GL.nc
Processing ../../../datasets/GIRAFE/daily/2017/10/PREdm20171029000000120IMPGS01GL.nc
Processing ../../../datasets/GIRAFE/daily/2017/10/PREdm20171030000000120IMPGS01GL.nc
Processing ../../../datasets/GIRAFE/daily/2017/10/PREdm20171031000000120IMPGS01GL.nc
Processing ../../../datasets/GIRAFE/daily/2017/11/PREdm20171101000000120IMPGS01GL.nc
Processing ../../../datasets/GIRAFE/daily/2017/11/PREdm20171102000000120IMPGS01GL.nc
Processing ../../../datasets/GIRAFE/daily/2017/11/PREdm20171103000000120IMPGS01GL.nc
Processing ../../../datasets/GIRAFE/daily/2017/11/PREdm20171104000000120IMPGS01GL.nc
Processing ../../../datasets/GIRAFE/daily/2017/11/PREdm20171105000000120IMPGS01GL.nc
Processing ../../../datasets/GIRAFE/daily/2017/11/PREdm20171106000000120IMPGS01GL.nc
Processing ../../../datasets/GIRAFE/daily/2017/11/PREdm20171107000000120IMPGS01GL.nc
Processing ../../../datasets/GIRAFE/daily/2017/11/PREdm20171108000000120IMPGS01GL.nc
Processing ../../../datasets/GIRAFE/daily/2017/11/PREdm20171109000000120IMPGS01GL.nc
Processing ../../../datasets/GIRAFE/daily/2017/11/PREdm20171110000000120IMPGS01GL.nc
Processing ../../../datasets/GIRAFE/daily/2017/11/PREdm20171111000000120IMPGS01GL.nc
Processing ../../../datasets/GIRAFE/daily/2017/11/PREdm20171112000000120IMPGS01GL.nc
Processing ../../../datasets/GIRAFE/daily/2017/11/PREdm20171113000000120IMPGS01GL.nc
Processing ../../../datasets/GIRAFE/daily/2017/11/PREdm20171114000000120IMPGS01GL.nc
Processing ../../../datasets/GIRAFE/daily/2017/11/PREdm20171115000000120IMPGS01GL.nc
Processing ../../../datasets/GIRAFE/daily/2017/11/PREdm20171116000000120IMPGS01GL.nc
Processing ../../../datasets/GIRAFE/daily/2017/11/PREdm20171117000000120IMPGS01GL.nc
Processing ../../../datasets/GIRAFE/daily/2017/11/PREdm20171118000000120IMPGS01GL.nc
Processing ../../../datasets/GIRAFE/daily/2017/11/PREdm20171119000000120IMPGS01GL.nc
Processing ../../../datasets/GIRAFE/daily/2017/11/PREdm20171120000000120IMPGS01GL.nc
Processing ../../../datasets/GIRAFE/daily/2017/11/PREdm20171121000000120IMPGS01GL.nc
Processing ../../../datasets/GIRAFE/daily/2017/11/PREdm20171122000000120IMPGS01GL.nc
Processing ../../../datasets/GIRAFE/daily/2017/11/PREdm20171123000000120IMPGS01GL.nc
Processing ../../../datasets/GIRAFE/daily/2017/11/PREdm20171124000000120IMPGS01GL.nc
Processing ../../../datasets/GIRAFE/daily/2017/11/PREdm20171125000000120IMPGS01GL.nc
Processing ../../../datasets/GIRAFE/daily/2017/11/PREdm20171126000000120IMPGS01GL.nc
Processing ../../../datasets/GIRAFE/daily/2017/11/PREdm20171127000000120IMPGS01GL.nc
Processing ../../../datasets/GIRAFE/daily/2017/11/PREdm20171128000000120IMPGS01GL.nc
Processing ../../../datasets/GIRAFE/daily/2017/11/PREdm20171129000000120IMPGS01GL.nc
Processing ../../../datasets/GIRAFE/daily/2017/11/PREdm20171130000000120IMPGS01GL.nc
Processing ../../../datasets/GIRAFE/daily/2017/12/PREdm20171201000000120IMPGS01GL.nc
Processing ../../../datasets/GIRAFE/daily/2017/12/PREdm20171202000000120IMPGS01GL.nc
Processing ../../../datasets/GIRAFE/daily/2017/12/PREdm20171203000000120IMPGS01GL.nc
Processing ../../../datasets/GIRAFE/daily/2017/12/PREdm20171204000000120IMPGS01GL.nc
Processing ../../../datasets/GIRAFE/daily/2017/12/PREdm20171205000000120IMPGS01GL.nc
Processing ../../../datasets/GIRAFE/daily/2017/12/PREdm20171206000000120IMPGS01GL.nc
Processing ../../../datasets/GIRAFE/daily/2017/12/PREdm20171207000000120IMPGS01GL.nc
Processing ../../../datasets/GIRAFE/daily/2017/12/PREdm20171208000000120IMPGS01GL.nc
Processing ../../../datasets/GIRAFE/daily/2017/12/PREdm20171209000000120IMPGS01GL.nc
Processing ../../../datasets/GIRAFE/daily/2017/12/PREdm20171210000000120IMPGS01GL.nc
Processing ../../../datasets/GIRAFE/daily/2017/12/PREdm20171211000000120IMPGS01GL.nc
Processing ../../../datasets/GIRAFE/daily/2017/12/PREdm20171212000000120IMPGS01GL.nc
Processing ../../../datasets/GIRAFE/daily/2017/12/PREdm20171213000000120IMPGS01GL.nc
Processing ../../../datasets/GIRAFE/daily/2017/12/PREdm20171214000000120IMPGS01GL.nc
Processing ../../../datasets/GIRAFE/daily/2017/12/PREdm20171215000000120IMPGS01GL.nc
Processing ../../../datasets/GIRAFE/daily/2017/12/PREdm20171216000000120IMPGS01GL.nc
Processing ../../../datasets/GIRAFE/daily/2017/12/PREdm20171217000000120IMPGS01GL.nc
Processing ../../../datasets/GIRAFE/daily/2017/12/PREdm20171218000000120IMPGS01GL.nc
Processing ../../../datasets/GIRAFE/daily/2017/12/PREdm20171219000000120IMPGS01GL.nc
Processing ../../../datasets/GIRAFE/daily/2017/12/PREdm20171220000000120IMPGS01GL.nc
Processing ../../../datasets/GIRAFE/daily/2017/12/PREdm20171221000000120IMPGS01GL.nc
Processing ../../../datasets/GIRAFE/daily/2017/12/PREdm20171222000000120IMPGS01GL.nc
Processing ../../../datasets/GIRAFE/daily/2017/12/PREdm20171223000000120IMPGS01GL.nc
Processing ../../../datasets/GIRAFE/daily/2017/12/PREdm20171224000000120IMPGS01GL.nc
Processing ../../../datasets/GIRAFE/daily/2017/12/PREdm20171225000000120IMPGS01GL.nc
Processing ../../../datasets/GIRAFE/daily/2017/12/PREdm20171226000000120IMPGS01GL.nc
Processing ../../../datasets/GIRAFE/daily/2017/12/PREdm20171227000000120IMPGS01GL.nc
Processing ../../../datasets/GIRAFE/daily/2017/12/PREdm20171228000000120IMPGS01GL.nc
Processing ../../../datasets/GIRAFE/daily/2017/12/PREdm20171229000000120IMPGS01GL.nc
Processing ../../../datasets/GIRAFE/daily/2017/12/PREdm20171230000000120IMPGS01GL.nc
Processing ../../../datasets/GIRAFE/daily/2017/12/PREdm20171231000000120IMPGS01GL.nc
Processing ../../../datasets/GIRAFE/daily/2018/01/PREdm20180101000000120IMPGS01GL.nc
Processing ../../../datasets/GIRAFE/daily/2018/01/PREdm20180102000000120IMPGS01GL.nc
Processing ../../../datasets/GIRAFE/daily/2018/01/PREdm20180103000000120IMPGS01GL.nc
Processing ../../../datasets/GIRAFE/daily/2018/01/PREdm20180104000000120IMPGS01GL.nc
Processing ../../../datasets/GIRAFE/daily/2018/01/PREdm20180105000000120IMPGS01GL.nc
Processing ../../../datasets/GIRAFE/daily/2018/01/PREdm20180106000000120IMPGS01GL.nc
Processing ../../../datasets/GIRAFE/daily/2018/01/PREdm20180107000000120IMPGS01GL.nc
Processing ../../../datasets/GIRAFE/daily/2018/01/PREdm20180108000000120IMPGS01GL.nc
Processing ../../../datasets/GIRAFE/daily/2018/01/PREdm20180109000000120IMPGS01GL.nc
Processing ../../../datasets/GIRAFE/daily/2018/01/PREdm20180110000000120IMPGS01GL.nc
Processing ../../../datasets/GIRAFE/daily/2018/01/PREdm20180111000000120IMPGS01GL.nc
Processing ../../../datasets/GIRAFE/daily/2018/01/PREdm20180112000000120IMPGS01GL.nc
Processing ../../../datasets/GIRAFE/daily/2018/01/PREdm20180113000000120IMPGS01GL.nc
Processing ../../../datasets/GIRAFE/daily/2018/01/PREdm20180114000000120IMPGS01GL.nc
Processing ../../../datasets/GIRAFE/daily/2018/01/PREdm20180115000000120IMPGS01GL.nc
Processing ../../../datasets/GIRAFE/daily/2018/01/PREdm20180116000000120IMPGS01GL.nc
Processing ../../../datasets/GIRAFE/daily/2018/01/PREdm20180117000000120IMPGS01GL.nc
Processing ../../../datasets/GIRAFE/daily/2018/01/PREdm20180118000000120IMPGS01GL.nc
Processing ../../../datasets/GIRAFE/daily/2018/01/PREdm20180119000000120IMPGS01GL.nc
Processing ../../../datasets/GIRAFE/daily/2018/01/PREdm20180120000000120IMPGS01GL.nc
Processing ../../../datasets/GIRAFE/daily/2018/01/PREdm20180121000000120IMPGS01GL.nc
Processing ../../../datasets/GIRAFE/daily/2018/01/PREdm20180122000000120IMPGS01GL.nc
Processing ../../../datasets/GIRAFE/daily/2018/01/PREdm20180123000000120IMPGS01GL.nc
Processing ../../../datasets/GIRAFE/daily/2018/01/PREdm20180124000000120IMPGS01GL.nc
Processing ../../../datasets/GIRAFE/daily/2018/01/PREdm20180125000000120IMPGS01GL.nc
Processing ../../../datasets/GIRAFE/daily/2018/01/PREdm20180126000000120IMPGS01GL.nc
Processing ../../../datasets/GIRAFE/daily/2018/01/PREdm20180127000000120IMPGS01GL.nc
Processing ../../../datasets/GIRAFE/daily/2018/01/PREdm20180128000000120IMPGS01GL.nc
Processing ../../../datasets/GIRAFE/daily/2018/01/PREdm20180129000000120IMPGS01GL.nc
Processing ../../../datasets/GIRAFE/daily/2018/01/PREdm20180130000000120IMPGS01GL.nc
Processing ../../../datasets/GIRAFE/daily/2018/01/PREdm20180131000000120IMPGS01GL.nc
Processing ../../../datasets/GIRAFE/daily/2018/02/PREdm20180201000000120IMPGS01GL.nc
Processing ../../../datasets/GIRAFE/daily/2018/02/PREdm20180202000000120IMPGS01GL.nc
Processing ../../../datasets/GIRAFE/daily/2018/02/PREdm20180203000000120IMPGS01GL.nc
Processing ../../../datasets/GIRAFE/daily/2018/02/PREdm20180204000000120IMPGS01GL.nc
Processing ../../../datasets/GIRAFE/daily/2018/02/PREdm20180205000000120IMPGS01GL.nc
Processing ../../../datasets/GIRAFE/daily/2018/02/PREdm20180206000000120IMPGS01GL.nc
Processing ../../../datasets/GIRAFE/daily/2018/02/PREdm20180207000000120IMPGS01GL.nc
Processing ../../../datasets/GIRAFE/daily/2018/02/PREdm20180208000000120IMPGS01GL.nc
Processing ../../../datasets/GIRAFE/daily/2018/02/PREdm20180209000000120IMPGS01GL.nc
Processing ../../../datasets/GIRAFE/daily/2018/02/PREdm20180210000000120IMPGS01GL.nc
Processing ../../../datasets/GIRAFE/daily/2018/02/PREdm20180211000000120IMPGS01GL.nc
Processing ../../../datasets/GIRAFE/daily/2018/02/PREdm20180212000000120IMPGS01GL.nc
Processing ../../../datasets/GIRAFE/daily/2018/02/PREdm20180213000000120IMPGS01GL.nc
Processing ../../../datasets/GIRAFE/daily/2018/02/PREdm20180214000000120IMPGS01GL.nc
Processing ../../../datasets/GIRAFE/daily/2018/02/PREdm20180215000000120IMPGS01GL.nc
Processing ../../../datasets/GIRAFE/daily/2018/02/PREdm20180216000000120IMPGS01GL.nc
Processing ../../../datasets/GIRAFE/daily/2018/02/PREdm20180217000000120IMPGS01GL.nc
Processing ../../../datasets/GIRAFE/daily/2018/02/PREdm20180218000000120IMPGS01GL.nc
Processing ../../../datasets/GIRAFE/daily/2018/02/PREdm20180219000000120IMPGS01GL.nc
Processing ../../../datasets/GIRAFE/daily/2018/02/PREdm20180220000000120IMPGS01GL.nc
Processing ../../../datasets/GIRAFE/daily/2018/02/PREdm20180221000000120IMPGS01GL.nc
Processing ../../../datasets/GIRAFE/daily/2018/02/PREdm20180222000000120IMPGS01GL.nc
Processing ../../../datasets/GIRAFE/daily/2018/02/PREdm20180223000000120IMPGS01GL.nc
Processing ../../../datasets/GIRAFE/daily/2018/02/PREdm20180224000000120IMPGS01GL.nc
Processing ../../../datasets/GIRAFE/daily/2018/02/PREdm20180225000000120IMPGS01GL.nc
Processing ../../../datasets/GIRAFE/daily/2018/02/PREdm20180226000000120IMPGS01GL.nc
Processing ../../../datasets/GIRAFE/daily/2018/02/PREdm20180227000000120IMPGS01GL.nc
Processing ../../../datasets/GIRAFE/daily/2018/02/PREdm20180228000000120IMPGS01GL.nc
Processing ../../../datasets/GIRAFE/daily/2018/03/PREdm20180301000000120IMPGS01GL.nc
Processing ../../../datasets/GIRAFE/daily/2018/03/PREdm20180302000000120IMPGS01GL.nc
Processing ../../../datasets/GIRAFE/daily/2018/03/PREdm20180303000000120IMPGS01GL.nc
Processing ../../../datasets/GIRAFE/daily/2018/03/PREdm20180304000000120IMPGS01GL.nc
Processing ../../../datasets/GIRAFE/daily/2018/03/PREdm20180305000000120IMPGS01GL.nc
Processing ../../../datasets/GIRAFE/daily/2018/03/PREdm20180306000000120IMPGS01GL.nc
Processing ../../../datasets/GIRAFE/daily/2018/03/PREdm20180307000000120IMPGS01GL.nc
Processing ../../../datasets/GIRAFE/daily/2018/03/PREdm20180308000000120IMPGS01GL.nc
Processing ../../../datasets/GIRAFE/daily/2018/03/PREdm20180309000000120IMPGS01GL.nc
Processing ../../../datasets/GIRAFE/daily/2018/03/PREdm20180310000000120IMPGS01GL.nc
Processing ../../../datasets/GIRAFE/daily/2018/03/PREdm20180311000000120IMPGS01GL.nc
Processing ../../../datasets/GIRAFE/daily/2018/03/PREdm20180312000000120IMPGS01GL.nc
Processing ../../../datasets/GIRAFE/daily/2018/03/PREdm20180313000000120IMPGS01GL.nc
Processing ../../../datasets/GIRAFE/daily/2018/03/PREdm20180314000000120IMPGS01GL.nc
Processing ../../../datasets/GIRAFE/daily/2018/03/PREdm20180315000000120IMPGS01GL.nc
Processing ../../../datasets/GIRAFE/daily/2018/03/PREdm20180316000000120IMPGS01GL.nc
Processing ../../../datasets/GIRAFE/daily/2018/03/PREdm20180317000000120IMPGS01GL.nc
Processing ../../../datasets/GIRAFE/daily/2018/03/PREdm20180318000000120IMPGS01GL.nc
Processing ../../../datasets/GIRAFE/daily/2018/03/PREdm20180319000000120IMPGS01GL.nc
Processing ../../../datasets/GIRAFE/daily/2018/03/PREdm20180320000000120IMPGS01GL.nc
Processing ../../../datasets/GIRAFE/daily/2018/03/PREdm20180321000000120IMPGS01GL.nc
Processing ../../../datasets/GIRAFE/daily/2018/03/PREdm20180322000000120IMPGS01GL.nc
Processing ../../../datasets/GIRAFE/daily/2018/03/PREdm20180323000000120IMPGS01GL.nc
Processing ../../../datasets/GIRAFE/daily/2018/03/PREdm20180324000000120IMPGS01GL.nc
Processing ../../../datasets/GIRAFE/daily/2018/03/PREdm20180325000000120IMPGS01GL.nc
Processing ../../../datasets/GIRAFE/daily/2018/03/PREdm20180326000000120IMPGS01GL.nc
Processing ../../../datasets/GIRAFE/daily/2018/03/PREdm20180327000000120IMPGS01GL.nc
Processing ../../../datasets/GIRAFE/daily/2018/03/PREdm20180328000000120IMPGS01GL.nc
Processing ../../../datasets/GIRAFE/daily/2018/03/PREdm20180329000000120IMPGS01GL.nc
Processing ../../../datasets/GIRAFE/daily/2018/03/PREdm20180330000000120IMPGS01GL.nc
Processing ../../../datasets/GIRAFE/daily/2018/03/PREdm20180331000000120IMPGS01GL.nc
Processing ../../../datasets/GIRAFE/daily/2018/04/PREdm20180401000000120IMPGS01GL.nc
Processing ../../../datasets/GIRAFE/daily/2018/04/PREdm20180402000000120IMPGS01GL.nc
Processing ../../../datasets/GIRAFE/daily/2018/04/PREdm20180403000000120IMPGS01GL.nc
Processing ../../../datasets/GIRAFE/daily/2018/04/PREdm20180404000000120IMPGS01GL.nc
Processing ../../../datasets/GIRAFE/daily/2018/04/PREdm20180405000000120IMPGS01GL.nc
Processing ../../../datasets/GIRAFE/daily/2018/04/PREdm20180406000000120IMPGS01GL.nc
Processing ../../../datasets/GIRAFE/daily/2018/04/PREdm20180407000000120IMPGS01GL.nc
Processing ../../../datasets/GIRAFE/daily/2018/04/PREdm20180408000000120IMPGS01GL.nc
Processing ../../../datasets/GIRAFE/daily/2018/04/PREdm20180409000000120IMPGS01GL.nc
Processing ../../../datasets/GIRAFE/daily/2018/04/PREdm20180410000000120IMPGS01GL.nc
Processing ../../../datasets/GIRAFE/daily/2018/04/PREdm20180411000000120IMPGS01GL.nc
Processing ../../../datasets/GIRAFE/daily/2018/04/PREdm20180412000000120IMPGS01GL.nc
Processing ../../../datasets/GIRAFE/daily/2018/04/PREdm20180413000000120IMPGS01GL.nc
Processing ../../../datasets/GIRAFE/daily/2018/04/PREdm20180414000000120IMPGS01GL.nc
Processing ../../../datasets/GIRAFE/daily/2018/04/PREdm20180415000000120IMPGS01GL.nc
Processing ../../../datasets/GIRAFE/daily/2018/04/PREdm20180416000000120IMPGS01GL.nc
Processing ../../../datasets/GIRAFE/daily/2018/04/PREdm20180417000000120IMPGS01GL.nc
Processing ../../../datasets/GIRAFE/daily/2018/04/PREdm20180418000000120IMPGS01GL.nc
Processing ../../../datasets/GIRAFE/daily/2018/04/PREdm20180419000000120IMPGS01GL.nc
Processing ../../../datasets/GIRAFE/daily/2018/04/PREdm20180420000000120IMPGS01GL.nc
Processing ../../../datasets/GIRAFE/daily/2018/04/PREdm20180421000000120IMPGS01GL.nc
Processing ../../../datasets/GIRAFE/daily/2018/04/PREdm20180422000000120IMPGS01GL.nc
Processing ../../../datasets/GIRAFE/daily/2018/04/PREdm20180423000000120IMPGS01GL.nc
Processing ../../../datasets/GIRAFE/daily/2018/04/PREdm20180424000000120IMPGS01GL.nc
Processing ../../../datasets/GIRAFE/daily/2018/04/PREdm20180425000000120IMPGS01GL.nc
Processing ../../../datasets/GIRAFE/daily/2018/04/PREdm20180426000000120IMPGS01GL.nc
Processing ../../../datasets/GIRAFE/daily/2018/04/PREdm20180427000000120IMPGS01GL.nc
Processing ../../../datasets/GIRAFE/daily/2018/04/PREdm20180428000000120IMPGS01GL.nc
Processing ../../../datasets/GIRAFE/daily/2018/04/PREdm20180429000000120IMPGS01GL.nc
Processing ../../../datasets/GIRAFE/daily/2018/04/PREdm20180430000000120IMPGS01GL.nc
Processing ../../../datasets/GIRAFE/daily/2018/05/PREdm20180501000000120IMPGS01GL.nc
Processing ../../../datasets/GIRAFE/daily/2018/05/PREdm20180502000000120IMPGS01GL.nc
Processing ../../../datasets/GIRAFE/daily/2018/05/PREdm20180503000000120IMPGS01GL.nc
Processing ../../../datasets/GIRAFE/daily/2018/05/PREdm20180504000000120IMPGS01GL.nc
Processing ../../../datasets/GIRAFE/daily/2018/05/PREdm20180505000000120IMPGS01GL.nc
Processing ../../../datasets/GIRAFE/daily/2018/05/PREdm20180506000000120IMPGS01GL.nc
Processing ../../../datasets/GIRAFE/daily/2018/05/PREdm20180507000000120IMPGS01GL.nc
Processing ../../../datasets/GIRAFE/daily/2018/05/PREdm20180508000000120IMPGS01GL.nc
Processing ../../../datasets/GIRAFE/daily/2018/05/PREdm20180509000000120IMPGS01GL.nc
Processing ../../../datasets/GIRAFE/daily/2018/05/PREdm20180510000000120IMPGS01GL.nc
Processing ../../../datasets/GIRAFE/daily/2018/05/PREdm20180511000000120IMPGS01GL.nc
Processing ../../../datasets/GIRAFE/daily/2018/05/PREdm20180512000000120IMPGS01GL.nc
Processing ../../../datasets/GIRAFE/daily/2018/05/PREdm20180513000000120IMPGS01GL.nc
Processing ../../../datasets/GIRAFE/daily/2018/05/PREdm20180514000000120IMPGS01GL.nc
Processing ../../../datasets/GIRAFE/daily/2018/05/PREdm20180515000000120IMPGS01GL.nc
Processing ../../../datasets/GIRAFE/daily/2018/05/PREdm20180516000000120IMPGS01GL.nc
Processing ../../../datasets/GIRAFE/daily/2018/05/PREdm20180517000000120IMPGS01GL.nc
Processing ../../../datasets/GIRAFE/daily/2018/05/PREdm20180518000000120IMPGS01GL.nc
Processing ../../../datasets/GIRAFE/daily/2018/05/PREdm20180519000000120IMPGS01GL.nc
Processing ../../../datasets/GIRAFE/daily/2018/05/PREdm20180520000000120IMPGS01GL.nc
Processing ../../../datasets/GIRAFE/daily/2018/05/PREdm20180521000000120IMPGS01GL.nc
Processing ../../../datasets/GIRAFE/daily/2018/05/PREdm20180522000000120IMPGS01GL.nc
Processing ../../../datasets/GIRAFE/daily/2018/05/PREdm20180523000000120IMPGS01GL.nc
Processing ../../../datasets/GIRAFE/daily/2018/05/PREdm20180524000000120IMPGS01GL.nc
Processing ../../../datasets/GIRAFE/daily/2018/05/PREdm20180525000000120IMPGS01GL.nc
Processing ../../../datasets/GIRAFE/daily/2018/05/PREdm20180526000000120IMPGS01GL.nc
Processing ../../../datasets/GIRAFE/daily/2018/05/PREdm20180527000000120IMPGS01GL.nc
Processing ../../../datasets/GIRAFE/daily/2018/05/PREdm20180528000000120IMPGS01GL.nc
Processing ../../../datasets/GIRAFE/daily/2018/05/PREdm20180529000000120IMPGS01GL.nc
Processing ../../../datasets/GIRAFE/daily/2018/05/PREdm20180530000000120IMPGS01GL.nc
Processing ../../../datasets/GIRAFE/daily/2018/05/PREdm20180531000000120IMPGS01GL.nc
Processing ../../../datasets/GIRAFE/daily/2018/06/PREdm20180601000000120IMPGS01GL.nc
Processing ../../../datasets/GIRAFE/daily/2018/06/PREdm20180602000000120IMPGS01GL.nc
Processing ../../../datasets/GIRAFE/daily/2018/06/PREdm20180603000000120IMPGS01GL.nc
Processing ../../../datasets/GIRAFE/daily/2018/06/PREdm20180604000000120IMPGS01GL.nc
Processing ../../../datasets/GIRAFE/daily/2018/06/PREdm20180605000000120IMPGS01GL.nc
Processing ../../../datasets/GIRAFE/daily/2018/06/PREdm20180606000000120IMPGS01GL.nc
Processing ../../../datasets/GIRAFE/daily/2018/06/PREdm20180607000000120IMPGS01GL.nc
Processing ../../../datasets/GIRAFE/daily/2018/06/PREdm20180608000000120IMPGS01GL.nc
Processing ../../../datasets/GIRAFE/daily/2018/06/PREdm20180609000000120IMPGS01GL.nc
Processing ../../../datasets/GIRAFE/daily/2018/06/PREdm20180610000000120IMPGS01GL.nc
Processing ../../../datasets/GIRAFE/daily/2018/06/PREdm20180611000000120IMPGS01GL.nc
Processing ../../../datasets/GIRAFE/daily/2018/06/PREdm20180612000000120IMPGS01GL.nc
Processing ../../../datasets/GIRAFE/daily/2018/06/PREdm20180613000000120IMPGS01GL.nc
Processing ../../../datasets/GIRAFE/daily/2018/06/PREdm20180614000000120IMPGS01GL.nc
Processing ../../../datasets/GIRAFE/daily/2018/06/PREdm20180615000000120IMPGS01GL.nc
Processing ../../../datasets/GIRAFE/daily/2018/06/PREdm20180616000000120IMPGS01GL.nc
Processing ../../../datasets/GIRAFE/daily/2018/06/PREdm20180617000000120IMPGS01GL.nc
Processing ../../../datasets/GIRAFE/daily/2018/06/PREdm20180618000000120IMPGS01GL.nc
Processing ../../../datasets/GIRAFE/daily/2018/06/PREdm20180619000000120IMPGS01GL.nc
Processing ../../../datasets/GIRAFE/daily/2018/06/PREdm20180620000000120IMPGS01GL.nc
Processing ../../../datasets/GIRAFE/daily/2018/06/PREdm20180621000000120IMPGS01GL.nc
Processing ../../../datasets/GIRAFE/daily/2018/06/PREdm20180622000000120IMPGS01GL.nc
Processing ../../../datasets/GIRAFE/daily/2018/06/PREdm20180623000000120IMPGS01GL.nc
Processing ../../../datasets/GIRAFE/daily/2018/06/PREdm20180624000000120IMPGS01GL.nc
Processing ../../../datasets/GIRAFE/daily/2018/06/PREdm20180625000000120IMPGS01GL.nc
Processing ../../../datasets/GIRAFE/daily/2018/06/PREdm20180626000000120IMPGS01GL.nc
Processing ../../../datasets/GIRAFE/daily/2018/06/PREdm20180627000000120IMPGS01GL.nc
Processing ../../../datasets/GIRAFE/daily/2018/06/PREdm20180628000000120IMPGS01GL.nc
Processing ../../../datasets/GIRAFE/daily/2018/06/PREdm20180629000000120IMPGS01GL.nc
Processing ../../../datasets/GIRAFE/daily/2018/06/PREdm20180630000000120IMPGS01GL.nc
Processing ../../../datasets/GIRAFE/daily/2018/07/PREdm20180701000000120IMPGS01GL.nc
Processing ../../../datasets/GIRAFE/daily/2018/07/PREdm20180702000000120IMPGS01GL.nc
Processing ../../../datasets/GIRAFE/daily/2018/07/PREdm20180703000000120IMPGS01GL.nc
Processing ../../../datasets/GIRAFE/daily/2018/07/PREdm20180704000000120IMPGS01GL.nc
Processing ../../../datasets/GIRAFE/daily/2018/07/PREdm20180705000000120IMPGS01GL.nc
Processing ../../../datasets/GIRAFE/daily/2018/07/PREdm20180706000000120IMPGS01GL.nc
Processing ../../../datasets/GIRAFE/daily/2018/07/PREdm20180707000000120IMPGS01GL.nc
Processing ../../../datasets/GIRAFE/daily/2018/07/PREdm20180708000000120IMPGS01GL.nc
Processing ../../../datasets/GIRAFE/daily/2018/07/PREdm20180709000000120IMPGS01GL.nc
Processing ../../../datasets/GIRAFE/daily/2018/07/PREdm20180710000000120IMPGS01GL.nc
Processing ../../../datasets/GIRAFE/daily/2018/07/PREdm20180711000000120IMPGS01GL.nc
Processing ../../../datasets/GIRAFE/daily/2018/07/PREdm20180712000000120IMPGS01GL.nc
Processing ../../../datasets/GIRAFE/daily/2018/07/PREdm20180713000000120IMPGS01GL.nc
Processing ../../../datasets/GIRAFE/daily/2018/07/PREdm20180714000000120IMPGS01GL.nc
Processing ../../../datasets/GIRAFE/daily/2018/07/PREdm20180715000000120IMPGS01GL.nc
Processing ../../../datasets/GIRAFE/daily/2018/07/PREdm20180716000000120IMPGS01GL.nc
Processing ../../../datasets/GIRAFE/daily/2018/07/PREdm20180717000000120IMPGS01GL.nc
Processing ../../../datasets/GIRAFE/daily/2018/07/PREdm20180718000000120IMPGS01GL.nc
Processing ../../../datasets/GIRAFE/daily/2018/07/PREdm20180719000000120IMPGS01GL.nc
Processing ../../../datasets/GIRAFE/daily/2018/07/PREdm20180720000000120IMPGS01GL.nc
Processing ../../../datasets/GIRAFE/daily/2018/07/PREdm20180721000000120IMPGS01GL.nc
Processing ../../../datasets/GIRAFE/daily/2018/07/PREdm20180722000000120IMPGS01GL.nc
Processing ../../../datasets/GIRAFE/daily/2018/07/PREdm20180723000000120IMPGS01GL.nc
Processing ../../../datasets/GIRAFE/daily/2018/07/PREdm20180724000000120IMPGS01GL.nc
Processing ../../../datasets/GIRAFE/daily/2018/07/PREdm20180725000000120IMPGS01GL.nc
Processing ../../../datasets/GIRAFE/daily/2018/07/PREdm20180726000000120IMPGS01GL.nc
Processing ../../../datasets/GIRAFE/daily/2018/07/PREdm20180727000000120IMPGS01GL.nc
Processing ../../../datasets/GIRAFE/daily/2018/07/PREdm20180728000000120IMPGS01GL.nc
Processing ../../../datasets/GIRAFE/daily/2018/07/PREdm20180729000000120IMPGS01GL.nc
Processing ../../../datasets/GIRAFE/daily/2018/07/PREdm20180730000000120IMPGS01GL.nc
Processing ../../../datasets/GIRAFE/daily/2018/07/PREdm20180731000000120IMPGS01GL.nc
Processing ../../../datasets/GIRAFE/daily/2018/08/PREdm20180801000000120IMPGS01GL.nc
Processing ../../../datasets/GIRAFE/daily/2018/08/PREdm20180802000000120IMPGS01GL.nc
Processing ../../../datasets/GIRAFE/daily/2018/08/PREdm20180803000000120IMPGS01GL.nc
Processing ../../../datasets/GIRAFE/daily/2018/08/PREdm20180804000000120IMPGS01GL.nc
Processing ../../../datasets/GIRAFE/daily/2018/08/PREdm20180805000000120IMPGS01GL.nc
Processing ../../../datasets/GIRAFE/daily/2018/08/PREdm20180806000000120IMPGS01GL.nc
Processing ../../../datasets/GIRAFE/daily/2018/08/PREdm20180807000000120IMPGS01GL.nc
Processing ../../../datasets/GIRAFE/daily/2018/08/PREdm20180808000000120IMPGS01GL.nc
Processing ../../../datasets/GIRAFE/daily/2018/08/PREdm20180809000000120IMPGS01GL.nc
Processing ../../../datasets/GIRAFE/daily/2018/08/PREdm20180810000000120IMPGS01GL.nc
Processing ../../../datasets/GIRAFE/daily/2018/08/PREdm20180811000000120IMPGS01GL.nc
Processing ../../../datasets/GIRAFE/daily/2018/08/PREdm20180812000000120IMPGS01GL.nc
Processing ../../../datasets/GIRAFE/daily/2018/08/PREdm20180813000000120IMPGS01GL.nc
Processing ../../../datasets/GIRAFE/daily/2018/08/PREdm20180814000000120IMPGS01GL.nc
Processing ../../../datasets/GIRAFE/daily/2018/08/PREdm20180815000000120IMPGS01GL.nc
Processing ../../../datasets/GIRAFE/daily/2018/08/PREdm20180816000000120IMPGS01GL.nc
Processing ../../../datasets/GIRAFE/daily/2018/08/PREdm20180817000000120IMPGS01GL.nc
Processing ../../../datasets/GIRAFE/daily/2018/08/PREdm20180818000000120IMPGS01GL.nc
Processing ../../../datasets/GIRAFE/daily/2018/08/PREdm20180819000000120IMPGS01GL.nc
Processing ../../../datasets/GIRAFE/daily/2018/08/PREdm20180820000000120IMPGS01GL.nc
Processing ../../../datasets/GIRAFE/daily/2018/08/PREdm20180821000000120IMPGS01GL.nc
Processing ../../../datasets/GIRAFE/daily/2018/08/PREdm20180822000000120IMPGS01GL.nc
Processing ../../../datasets/GIRAFE/daily/2018/08/PREdm20180823000000120IMPGS01GL.nc
Processing ../../../datasets/GIRAFE/daily/2018/08/PREdm20180824000000120IMPGS01GL.nc
Processing ../../../datasets/GIRAFE/daily/2018/08/PREdm20180825000000120IMPGS01GL.nc
Processing ../../../datasets/GIRAFE/daily/2018/08/PREdm20180826000000120IMPGS01GL.nc
Processing ../../../datasets/GIRAFE/daily/2018/08/PREdm20180827000000120IMPGS01GL.nc
Processing ../../../datasets/GIRAFE/daily/2018/08/PREdm20180828000000120IMPGS01GL.nc
Processing ../../../datasets/GIRAFE/daily/2018/08/PREdm20180829000000120IMPGS01GL.nc
Processing ../../../datasets/GIRAFE/daily/2018/08/PREdm20180830000000120IMPGS01GL.nc
Processing ../../../datasets/GIRAFE/daily/2018/08/PREdm20180831000000120IMPGS01GL.nc
Processing ../../../datasets/GIRAFE/daily/2018/09/PREdm20180901000000120IMPGS01GL.nc
Processing ../../../datasets/GIRAFE/daily/2018/09/PREdm20180902000000120IMPGS01GL.nc
Processing ../../../datasets/GIRAFE/daily/2018/09/PREdm20180903000000120IMPGS01GL.nc
Processing ../../../datasets/GIRAFE/daily/2018/09/PREdm20180904000000120IMPGS01GL.nc
Processing ../../../datasets/GIRAFE/daily/2018/09/PREdm20180905000000120IMPGS01GL.nc
Processing ../../../datasets/GIRAFE/daily/2018/09/PREdm20180906000000120IMPGS01GL.nc
Processing ../../../datasets/GIRAFE/daily/2018/09/PREdm20180907000000120IMPGS01GL.nc
Processing ../../../datasets/GIRAFE/daily/2018/09/PREdm20180908000000120IMPGS01GL.nc
Processing ../../../datasets/GIRAFE/daily/2018/09/PREdm20180909000000120IMPGS01GL.nc
Processing ../../../datasets/GIRAFE/daily/2018/09/PREdm20180910000000120IMPGS01GL.nc
Processing ../../../datasets/GIRAFE/daily/2018/09/PREdm20180911000000120IMPGS01GL.nc
Processing ../../../datasets/GIRAFE/daily/2018/09/PREdm20180912000000120IMPGS01GL.nc
Processing ../../../datasets/GIRAFE/daily/2018/09/PREdm20180913000000120IMPGS01GL.nc
Processing ../../../datasets/GIRAFE/daily/2018/09/PREdm20180914000000120IMPGS01GL.nc
Processing ../../../datasets/GIRAFE/daily/2018/09/PREdm20180915000000120IMPGS01GL.nc
Processing ../../../datasets/GIRAFE/daily/2018/09/PREdm20180916000000120IMPGS01GL.nc
Processing ../../../datasets/GIRAFE/daily/2018/09/PREdm20180917000000120IMPGS01GL.nc
Processing ../../../datasets/GIRAFE/daily/2018/09/PREdm20180918000000120IMPGS01GL.nc
Processing ../../../datasets/GIRAFE/daily/2018/09/PREdm20180919000000120IMPGS01GL.nc
Processing ../../../datasets/GIRAFE/daily/2018/09/PREdm20180920000000120IMPGS01GL.nc
Processing ../../../datasets/GIRAFE/daily/2018/09/PREdm20180921000000120IMPGS01GL.nc
Processing ../../../datasets/GIRAFE/daily/2018/09/PREdm20180922000000120IMPGS01GL.nc
Processing ../../../datasets/GIRAFE/daily/2018/09/PREdm20180923000000120IMPGS01GL.nc
Processing ../../../datasets/GIRAFE/daily/2018/09/PREdm20180924000000120IMPGS01GL.nc
Processing ../../../datasets/GIRAFE/daily/2018/09/PREdm20180925000000120IMPGS01GL.nc
Processing ../../../datasets/GIRAFE/daily/2018/09/PREdm20180926000000120IMPGS01GL.nc
Processing ../../../datasets/GIRAFE/daily/2018/09/PREdm20180927000000120IMPGS01GL.nc
Processing ../../../datasets/GIRAFE/daily/2018/09/PREdm20180928000000120IMPGS01GL.nc
Processing ../../../datasets/GIRAFE/daily/2018/09/PREdm20180929000000120IMPGS01GL.nc
Processing ../../../datasets/GIRAFE/daily/2018/09/PREdm20180930000000120IMPGS01GL.nc
Processing ../../../datasets/GIRAFE/daily/2018/10/PREdm20181001000000120IMPGS01GL.nc
Processing ../../../datasets/GIRAFE/daily/2018/10/PREdm20181002000000120IMPGS01GL.nc
Processing ../../../datasets/GIRAFE/daily/2018/10/PREdm20181003000000120IMPGS01GL.nc
Processing ../../../datasets/GIRAFE/daily/2018/10/PREdm20181004000000120IMPGS01GL.nc
Processing ../../../datasets/GIRAFE/daily/2018/10/PREdm20181005000000120IMPGS01GL.nc
Processing ../../../datasets/GIRAFE/daily/2018/10/PREdm20181006000000120IMPGS01GL.nc
Processing ../../../datasets/GIRAFE/daily/2018/10/PREdm20181007000000120IMPGS01GL.nc
Processing ../../../datasets/GIRAFE/daily/2018/10/PREdm20181008000000120IMPGS01GL.nc
Processing ../../../datasets/GIRAFE/daily/2018/10/PREdm20181009000000120IMPGS01GL.nc
Processing ../../../datasets/GIRAFE/daily/2018/10/PREdm20181010000000120IMPGS01GL.nc
Processing ../../../datasets/GIRAFE/daily/2018/10/PREdm20181011000000120IMPGS01GL.nc
Processing ../../../datasets/GIRAFE/daily/2018/10/PREdm20181012000000120IMPGS01GL.nc
Processing ../../../datasets/GIRAFE/daily/2018/10/PREdm20181013000000120IMPGS01GL.nc
Processing ../../../datasets/GIRAFE/daily/2018/10/PREdm20181014000000120IMPGS01GL.nc
Processing ../../../datasets/GIRAFE/daily/2018/10/PREdm20181015000000120IMPGS01GL.nc
Processing ../../../datasets/GIRAFE/daily/2018/10/PREdm20181016000000120IMPGS01GL.nc
Processing ../../../datasets/GIRAFE/daily/2018/10/PREdm20181017000000120IMPGS01GL.nc
Processing ../../../datasets/GIRAFE/daily/2018/10/PREdm20181018000000120IMPGS01GL.nc
Processing ../../../datasets/GIRAFE/daily/2018/10/PREdm20181019000000120IMPGS01GL.nc
Processing ../../../datasets/GIRAFE/daily/2018/10/PREdm20181020000000120IMPGS01GL.nc
Processing ../../../datasets/GIRAFE/daily/2018/10/PREdm20181021000000120IMPGS01GL.nc
Processing ../../../datasets/GIRAFE/daily/2018/10/PREdm20181022000000120IMPGS01GL.nc
Processing ../../../datasets/GIRAFE/daily/2018/10/PREdm20181023000000120IMPGS01GL.nc
Processing ../../../datasets/GIRAFE/daily/2018/10/PREdm20181024000000120IMPGS01GL.nc
Processing ../../../datasets/GIRAFE/daily/2018/10/PREdm20181025000000120IMPGS01GL.nc
Processing ../../../datasets/GIRAFE/daily/2018/10/PREdm20181026000000120IMPGS01GL.nc
Processing ../../../datasets/GIRAFE/daily/2018/10/PREdm20181027000000120IMPGS01GL.nc
Processing ../../../datasets/GIRAFE/daily/2018/10/PREdm20181028000000120IMPGS01GL.nc
Processing ../../../datasets/GIRAFE/daily/2018/10/PREdm20181029000000120IMPGS01GL.nc
Processing ../../../datasets/GIRAFE/daily/2018/10/PREdm20181030000000120IMPGS01GL.nc
Processing ../../../datasets/GIRAFE/daily/2018/10/PREdm20181031000000120IMPGS01GL.nc
Processing ../../../datasets/GIRAFE/daily/2018/11/PREdm20181101000000120IMPGS01GL.nc
Processing ../../../datasets/GIRAFE/daily/2018/11/PREdm20181102000000120IMPGS01GL.nc
Processing ../../../datasets/GIRAFE/daily/2018/11/PREdm20181103000000120IMPGS01GL.nc
Processing ../../../datasets/GIRAFE/daily/2018/11/PREdm20181104000000120IMPGS01GL.nc
Processing ../../../datasets/GIRAFE/daily/2018/11/PREdm20181105000000120IMPGS01GL.nc
Processing ../../../datasets/GIRAFE/daily/2018/11/PREdm20181106000000120IMPGS01GL.nc
Processing ../../../datasets/GIRAFE/daily/2018/11/PREdm20181107000000120IMPGS01GL.nc
Processing ../../../datasets/GIRAFE/daily/2018/11/PREdm20181108000000120IMPGS01GL.nc
Processing ../../../datasets/GIRAFE/daily/2018/11/PREdm20181109000000120IMPGS01GL.nc
Processing ../../../datasets/GIRAFE/daily/2018/11/PREdm20181110000000120IMPGS01GL.nc
Processing ../../../datasets/GIRAFE/daily/2018/11/PREdm20181111000000120IMPGS01GL.nc
Processing ../../../datasets/GIRAFE/daily/2018/11/PREdm20181112000000120IMPGS01GL.nc
Processing ../../../datasets/GIRAFE/daily/2018/11/PREdm20181113000000120IMPGS01GL.nc
Processing ../../../datasets/GIRAFE/daily/2018/11/PREdm20181114000000120IMPGS01GL.nc
Processing ../../../datasets/GIRAFE/daily/2018/11/PREdm20181115000000120IMPGS01GL.nc
Processing ../../../datasets/GIRAFE/daily/2018/11/PREdm20181116000000120IMPGS01GL.nc
Processing ../../../datasets/GIRAFE/daily/2018/11/PREdm20181117000000120IMPGS01GL.nc
Processing ../../../datasets/GIRAFE/daily/2018/11/PREdm20181118000000120IMPGS01GL.nc
Processing ../../../datasets/GIRAFE/daily/2018/11/PREdm20181119000000120IMPGS01GL.nc
Processing ../../../datasets/GIRAFE/daily/2018/11/PREdm20181120000000120IMPGS01GL.nc
Processing ../../../datasets/GIRAFE/daily/2018/11/PREdm20181121000000120IMPGS01GL.nc
Processing ../../../datasets/GIRAFE/daily/2018/11/PREdm20181122000000120IMPGS01GL.nc
Processing ../../../datasets/GIRAFE/daily/2018/11/PREdm20181123000000120IMPGS01GL.nc
Processing ../../../datasets/GIRAFE/daily/2018/11/PREdm20181124000000120IMPGS01GL.nc
Processing ../../../datasets/GIRAFE/daily/2018/11/PREdm20181125000000120IMPGS01GL.nc
Processing ../../../datasets/GIRAFE/daily/2018/11/PREdm20181126000000120IMPGS01GL.nc
Processing ../../../datasets/GIRAFE/daily/2018/11/PREdm20181127000000120IMPGS01GL.nc
Processing ../../../datasets/GIRAFE/daily/2018/11/PREdm20181128000000120IMPGS01GL.nc
Processing ../../../datasets/GIRAFE/daily/2018/11/PREdm20181129000000120IMPGS01GL.nc
Processing ../../../datasets/GIRAFE/daily/2018/11/PREdm20181130000000120IMPGS01GL.nc
Processing ../../../datasets/GIRAFE/daily/2018/12/PREdm20181201000000120IMPGS01GL.nc
Processing ../../../datasets/GIRAFE/daily/2018/12/PREdm20181202000000120IMPGS01GL.nc
Processing ../../../datasets/GIRAFE/daily/2018/12/PREdm20181203000000120IMPGS01GL.nc
Processing ../../../datasets/GIRAFE/daily/2018/12/PREdm20181204000000120IMPGS01GL.nc
Processing ../../../datasets/GIRAFE/daily/2018/12/PREdm20181205000000120IMPGS01GL.nc
Processing ../../../datasets/GIRAFE/daily/2018/12/PREdm20181206000000120IMPGS01GL.nc
Processing ../../../datasets/GIRAFE/daily/2018/12/PREdm20181207000000120IMPGS01GL.nc
Processing ../../../datasets/GIRAFE/daily/2018/12/PREdm20181208000000120IMPGS01GL.nc
Processing ../../../datasets/GIRAFE/daily/2018/12/PREdm20181209000000120IMPGS01GL.nc
Processing ../../../datasets/GIRAFE/daily/2018/12/PREdm20181210000000120IMPGS01GL.nc
Processing ../../../datasets/GIRAFE/daily/2018/12/PREdm20181211000000120IMPGS01GL.nc
Processing ../../../datasets/GIRAFE/daily/2018/12/PREdm20181212000000120IMPGS01GL.nc
Processing ../../../datasets/GIRAFE/daily/2018/12/PREdm20181213000000120IMPGS01GL.nc
Processing ../../../datasets/GIRAFE/daily/2018/12/PREdm20181214000000120IMPGS01GL.nc
Processing ../../../datasets/GIRAFE/daily/2018/12/PREdm20181215000000120IMPGS01GL.nc
Processing ../../../datasets/GIRAFE/daily/2018/12/PREdm20181216000000120IMPGS01GL.nc
Processing ../../../datasets/GIRAFE/daily/2018/12/PREdm20181217000000120IMPGS01GL.nc
Processing ../../../datasets/GIRAFE/daily/2018/12/PREdm20181218000000120IMPGS01GL.nc
Processing ../../../datasets/GIRAFE/daily/2018/12/PREdm20181219000000120IMPGS01GL.nc
Processing ../../../datasets/GIRAFE/daily/2018/12/PREdm20181220000000120IMPGS01GL.nc
Processing ../../../datasets/GIRAFE/daily/2018/12/PREdm20181221000000120IMPGS01GL.nc
Processing ../../../datasets/GIRAFE/daily/2018/12/PREdm20181222000000120IMPGS01GL.nc
Processing ../../../datasets/GIRAFE/daily/2018/12/PREdm20181223000000120IMPGS01GL.nc
Processing ../../../datasets/GIRAFE/daily/2018/12/PREdm20181224000000120IMPGS01GL.nc
Processing ../../../datasets/GIRAFE/daily/2018/12/PREdm20181225000000120IMPGS01GL.nc
Processing ../../../datasets/GIRAFE/daily/2018/12/PREdm20181226000000120IMPGS01GL.nc
Processing ../../../datasets/GIRAFE/daily/2018/12/PREdm20181227000000120IMPGS01GL.nc
Processing ../../../datasets/GIRAFE/daily/2018/12/PREdm20181228000000120IMPGS01GL.nc
Processing ../../../datasets/GIRAFE/daily/2018/12/PREdm20181229000000120IMPGS01GL.nc
Processing ../../../datasets/GIRAFE/daily/2018/12/PREdm20181230000000120IMPGS01GL.nc
Processing ../../../datasets/GIRAFE/daily/2018/12/PREdm20181231000000120IMPGS01GL.nc
Processing ../../../datasets/GIRAFE/daily/2019/01/PREdm20190101000000120IMPGS01GL.nc
Processing ../../../datasets/GIRAFE/daily/2019/01/PREdm20190102000000120IMPGS01GL.nc
Processing ../../../datasets/GIRAFE/daily/2019/01/PREdm20190103000000120IMPGS01GL.nc
Processing ../../../datasets/GIRAFE/daily/2019/01/PREdm20190104000000120IMPGS01GL.nc
Processing ../../../datasets/GIRAFE/daily/2019/01/PREdm20190105000000120IMPGS01GL.nc
Processing ../../../datasets/GIRAFE/daily/2019/01/PREdm20190106000000120IMPGS01GL.nc
Processing ../../../datasets/GIRAFE/daily/2019/01/PREdm20190107000000120IMPGS01GL.nc
Processing ../../../datasets/GIRAFE/daily/2019/01/PREdm20190108000000120IMPGS01GL.nc
Processing ../../../datasets/GIRAFE/daily/2019/01/PREdm20190109000000120IMPGS01GL.nc
Processing ../../../datasets/GIRAFE/daily/2019/01/PREdm20190110000000120IMPGS01GL.nc
Processing ../../../datasets/GIRAFE/daily/2019/01/PREdm20190111000000120IMPGS01GL.nc
Processing ../../../datasets/GIRAFE/daily/2019/01/PREdm20190112000000120IMPGS01GL.nc
Processing ../../../datasets/GIRAFE/daily/2019/01/PREdm20190113000000120IMPGS01GL.nc
Processing ../../../datasets/GIRAFE/daily/2019/01/PREdm20190114000000120IMPGS01GL.nc
Processing ../../../datasets/GIRAFE/daily/2019/01/PREdm20190115000000120IMPGS01GL.nc
Processing ../../../datasets/GIRAFE/daily/2019/01/PREdm20190116000000120IMPGS01GL.nc
Processing ../../../datasets/GIRAFE/daily/2019/01/PREdm20190117000000120IMPGS01GL.nc
Processing ../../../datasets/GIRAFE/daily/2019/01/PREdm20190118000000120IMPGS01GL.nc
Processing ../../../datasets/GIRAFE/daily/2019/01/PREdm20190119000000120IMPGS01GL.nc
Processing ../../../datasets/GIRAFE/daily/2019/01/PREdm20190120000000120IMPGS01GL.nc
Processing ../../../datasets/GIRAFE/daily/2019/01/PREdm20190121000000120IMPGS01GL.nc
Processing ../../../datasets/GIRAFE/daily/2019/01/PREdm20190122000000120IMPGS01GL.nc
Processing ../../../datasets/GIRAFE/daily/2019/01/PREdm20190123000000120IMPGS01GL.nc
Processing ../../../datasets/GIRAFE/daily/2019/01/PREdm20190124000000120IMPGS01GL.nc
Processing ../../../datasets/GIRAFE/daily/2019/01/PREdm20190125000000120IMPGS01GL.nc
Processing ../../../datasets/GIRAFE/daily/2019/01/PREdm20190126000000120IMPGS01GL.nc
Processing ../../../datasets/GIRAFE/daily/2019/01/PREdm20190127000000120IMPGS01GL.nc
Processing ../../../datasets/GIRAFE/daily/2019/01/PREdm20190128000000120IMPGS01GL.nc
Processing ../../../datasets/GIRAFE/daily/2019/01/PREdm20190129000000120IMPGS01GL.nc
Processing ../../../datasets/GIRAFE/daily/2019/01/PREdm20190130000000120IMPGS01GL.nc
Processing ../../../datasets/GIRAFE/daily/2019/01/PREdm20190131000000120IMPGS01GL.nc
Processing ../../../datasets/GIRAFE/daily/2019/02/PREdm20190201000000120IMPGS01GL.nc
Processing ../../../datasets/GIRAFE/daily/2019/02/PREdm20190202000000120IMPGS01GL.nc
Processing ../../../datasets/GIRAFE/daily/2019/02/PREdm20190203000000120IMPGS01GL.nc
Processing ../../../datasets/GIRAFE/daily/2019/02/PREdm20190204000000120IMPGS01GL.nc
Processing ../../../datasets/GIRAFE/daily/2019/02/PREdm20190205000000120IMPGS01GL.nc
Processing ../../../datasets/GIRAFE/daily/2019/02/PREdm20190206000000120IMPGS01GL.nc
Processing ../../../datasets/GIRAFE/daily/2019/02/PREdm20190207000000120IMPGS01GL.nc
Processing ../../../datasets/GIRAFE/daily/2019/02/PREdm20190208000000120IMPGS01GL.nc
Processing ../../../datasets/GIRAFE/daily/2019/02/PREdm20190209000000120IMPGS01GL.nc
Processing ../../../datasets/GIRAFE/daily/2019/02/PREdm20190210000000120IMPGS01GL.nc
Processing ../../../datasets/GIRAFE/daily/2019/02/PREdm20190211000000120IMPGS01GL.nc
Processing ../../../datasets/GIRAFE/daily/2019/02/PREdm20190212000000120IMPGS01GL.nc
Processing ../../../datasets/GIRAFE/daily/2019/02/PREdm20190213000000120IMPGS01GL.nc
Processing ../../../datasets/GIRAFE/daily/2019/02/PREdm20190214000000120IMPGS01GL.nc
Processing ../../../datasets/GIRAFE/daily/2019/02/PREdm20190215000000120IMPGS01GL.nc
Processing ../../../datasets/GIRAFE/daily/2019/02/PREdm20190216000000120IMPGS01GL.nc
Processing ../../../datasets/GIRAFE/daily/2019/02/PREdm20190217000000120IMPGS01GL.nc
Processing ../../../datasets/GIRAFE/daily/2019/02/PREdm20190218000000120IMPGS01GL.nc
Processing ../../../datasets/GIRAFE/daily/2019/02/PREdm20190219000000120IMPGS01GL.nc
Processing ../../../datasets/GIRAFE/daily/2019/02/PREdm20190220000000120IMPGS01GL.nc
Processing ../../../datasets/GIRAFE/daily/2019/02/PREdm20190221000000120IMPGS01GL.nc
Processing ../../../datasets/GIRAFE/daily/2019/02/PREdm20190222000000120IMPGS01GL.nc
Processing ../../../datasets/GIRAFE/daily/2019/02/PREdm20190223000000120IMPGS01GL.nc
Processing ../../../datasets/GIRAFE/daily/2019/02/PREdm20190224000000120IMPGS01GL.nc
Processing ../../../datasets/GIRAFE/daily/2019/02/PREdm20190225000000120IMPGS01GL.nc
Processing ../../../datasets/GIRAFE/daily/2019/02/PREdm20190226000000120IMPGS01GL.nc
Processing ../../../datasets/GIRAFE/daily/2019/02/PREdm20190227000000120IMPGS01GL.nc
Processing ../../../datasets/GIRAFE/daily/2019/02/PREdm20190228000000120IMPGS01GL.nc
Processing ../../../datasets/GIRAFE/daily/2019/03/PREdm20190301000000120IMPGS01GL.nc
Processing ../../../datasets/GIRAFE/daily/2019/03/PREdm20190302000000120IMPGS01GL.nc
Processing ../../../datasets/GIRAFE/daily/2019/03/PREdm20190303000000120IMPGS01GL.nc
Processing ../../../datasets/GIRAFE/daily/2019/03/PREdm20190304000000120IMPGS01GL.nc
Processing ../../../datasets/GIRAFE/daily/2019/03/PREdm20190305000000120IMPGS01GL.nc
Processing ../../../datasets/GIRAFE/daily/2019/03/PREdm20190306000000120IMPGS01GL.nc
Processing ../../../datasets/GIRAFE/daily/2019/03/PREdm20190307000000120IMPGS01GL.nc
Processing ../../../datasets/GIRAFE/daily/2019/03/PREdm20190308000000120IMPGS01GL.nc
Processing ../../../datasets/GIRAFE/daily/2019/03/PREdm20190309000000120IMPGS01GL.nc
Processing ../../../datasets/GIRAFE/daily/2019/03/PREdm20190310000000120IMPGS01GL.nc
Processing ../../../datasets/GIRAFE/daily/2019/03/PREdm20190311000000120IMPGS01GL.nc
Processing ../../../datasets/GIRAFE/daily/2019/03/PREdm20190312000000120IMPGS01GL.nc
Processing ../../../datasets/GIRAFE/daily/2019/03/PREdm20190313000000120IMPGS01GL.nc
Processing ../../../datasets/GIRAFE/daily/2019/03/PREdm20190314000000120IMPGS01GL.nc
Processing ../../../datasets/GIRAFE/daily/2019/03/PREdm20190315000000120IMPGS01GL.nc
Processing ../../../datasets/GIRAFE/daily/2019/03/PREdm20190316000000120IMPGS01GL.nc
Processing ../../../datasets/GIRAFE/daily/2019/03/PREdm20190317000000120IMPGS01GL.nc
Processing ../../../datasets/GIRAFE/daily/2019/03/PREdm20190318000000120IMPGS01GL.nc
Processing ../../../datasets/GIRAFE/daily/2019/03/PREdm20190319000000120IMPGS01GL.nc
Processing ../../../datasets/GIRAFE/daily/2019/03/PREdm20190320000000120IMPGS01GL.nc
Processing ../../../datasets/GIRAFE/daily/2019/03/PREdm20190321000000120IMPGS01GL.nc
Processing ../../../datasets/GIRAFE/daily/2019/03/PREdm20190322000000120IMPGS01GL.nc
Processing ../../../datasets/GIRAFE/daily/2019/03/PREdm20190323000000120IMPGS01GL.nc
Processing ../../../datasets/GIRAFE/daily/2019/03/PREdm20190324000000120IMPGS01GL.nc
Processing ../../../datasets/GIRAFE/daily/2019/03/PREdm20190325000000120IMPGS01GL.nc
Processing ../../../datasets/GIRAFE/daily/2019/03/PREdm20190326000000120IMPGS01GL.nc
Processing ../../../datasets/GIRAFE/daily/2019/03/PREdm20190327000000120IMPGS01GL.nc
Processing ../../../datasets/GIRAFE/daily/2019/03/PREdm20190328000000120IMPGS01GL.nc
Processing ../../../datasets/GIRAFE/daily/2019/03/PREdm20190329000000120IMPGS01GL.nc
Processing ../../../datasets/GIRAFE/daily/2019/03/PREdm20190330000000120IMPGS01GL.nc
Processing ../../../datasets/GIRAFE/daily/2019/03/PREdm20190331000000120IMPGS01GL.nc
Processing ../../../datasets/GIRAFE/daily/2019/04/PREdm20190401000000120IMPGS01GL.nc
Processing ../../../datasets/GIRAFE/daily/2019/04/PREdm20190402000000120IMPGS01GL.nc
Processing ../../../datasets/GIRAFE/daily/2019/04/PREdm20190403000000120IMPGS01GL.nc
Processing ../../../datasets/GIRAFE/daily/2019/04/PREdm20190404000000120IMPGS01GL.nc
Processing ../../../datasets/GIRAFE/daily/2019/04/PREdm20190405000000120IMPGS01GL.nc
Processing ../../../datasets/GIRAFE/daily/2019/04/PREdm20190406000000120IMPGS01GL.nc
Processing ../../../datasets/GIRAFE/daily/2019/04/PREdm20190407000000120IMPGS01GL.nc
Processing ../../../datasets/GIRAFE/daily/2019/04/PREdm20190408000000120IMPGS01GL.nc
Processing ../../../datasets/GIRAFE/daily/2019/04/PREdm20190409000000120IMPGS01GL.nc
Processing ../../../datasets/GIRAFE/daily/2019/04/PREdm20190410000000120IMPGS01GL.nc
Processing ../../../datasets/GIRAFE/daily/2019/04/PREdm20190411000000120IMPGS01GL.nc
Processing ../../../datasets/GIRAFE/daily/2019/04/PREdm20190412000000120IMPGS01GL.nc
Processing ../../../datasets/GIRAFE/daily/2019/04/PREdm20190413000000120IMPGS01GL.nc
Processing ../../../datasets/GIRAFE/daily/2019/04/PREdm20190414000000120IMPGS01GL.nc
Processing ../../../datasets/GIRAFE/daily/2019/04/PREdm20190415000000120IMPGS01GL.nc
Processing ../../../datasets/GIRAFE/daily/2019/04/PREdm20190416000000120IMPGS01GL.nc
Processing ../../../datasets/GIRAFE/daily/2019/04/PREdm20190417000000120IMPGS01GL.nc
Processing ../../../datasets/GIRAFE/daily/2019/04/PREdm20190418000000120IMPGS01GL.nc
Processing ../../../datasets/GIRAFE/daily/2019/04/PREdm20190419000000120IMPGS01GL.nc
Processing ../../../datasets/GIRAFE/daily/2019/04/PREdm20190420000000120IMPGS01GL.nc
Processing ../../../datasets/GIRAFE/daily/2019/04/PREdm20190421000000120IMPGS01GL.nc
Processing ../../../datasets/GIRAFE/daily/2019/04/PREdm20190422000000120IMPGS01GL.nc
Processing ../../../datasets/GIRAFE/daily/2019/04/PREdm20190423000000120IMPGS01GL.nc
Processing ../../../datasets/GIRAFE/daily/2019/04/PREdm20190424000000120IMPGS01GL.nc
Processing ../../../datasets/GIRAFE/daily/2019/04/PREdm20190425000000120IMPGS01GL.nc
Processing ../../../datasets/GIRAFE/daily/2019/04/PREdm20190426000000120IMPGS01GL.nc
Processing ../../../datasets/GIRAFE/daily/2019/04/PREdm20190427000000120IMPGS01GL.nc
Processing ../../../datasets/GIRAFE/daily/2019/04/PREdm20190428000000120IMPGS01GL.nc
Processing ../../../datasets/GIRAFE/daily/2019/04/PREdm20190429000000120IMPGS01GL.nc
Processing ../../../datasets/GIRAFE/daily/2019/04/PREdm20190430000000120IMPGS01GL.nc
Processing ../../../datasets/GIRAFE/daily/2019/05/PREdm20190501000000120IMPGS01GL.nc
Processing ../../../datasets/GIRAFE/daily/2019/05/PREdm20190502000000120IMPGS01GL.nc
Processing ../../../datasets/GIRAFE/daily/2019/05/PREdm20190503000000120IMPGS01GL.nc
Processing ../../../datasets/GIRAFE/daily/2019/05/PREdm20190504000000120IMPGS01GL.nc
Processing ../../../datasets/GIRAFE/daily/2019/05/PREdm20190505000000120IMPGS01GL.nc
Processing ../../../datasets/GIRAFE/daily/2019/05/PREdm20190506000000120IMPGS01GL.nc
Processing ../../../datasets/GIRAFE/daily/2019/05/PREdm20190507000000120IMPGS01GL.nc
Processing ../../../datasets/GIRAFE/daily/2019/05/PREdm20190508000000120IMPGS01GL.nc
Processing ../../../datasets/GIRAFE/daily/2019/05/PREdm20190509000000120IMPGS01GL.nc
Processing ../../../datasets/GIRAFE/daily/2019/05/PREdm20190510000000120IMPGS01GL.nc
Processing ../../../datasets/GIRAFE/daily/2019/05/PREdm20190511000000120IMPGS01GL.nc
Processing ../../../datasets/GIRAFE/daily/2019/05/PREdm20190512000000120IMPGS01GL.nc
Processing ../../../datasets/GIRAFE/daily/2019/05/PREdm20190513000000120IMPGS01GL.nc
Processing ../../../datasets/GIRAFE/daily/2019/05/PREdm20190514000000120IMPGS01GL.nc
Processing ../../../datasets/GIRAFE/daily/2019/05/PREdm20190515000000120IMPGS01GL.nc
Processing ../../../datasets/GIRAFE/daily/2019/05/PREdm20190516000000120IMPGS01GL.nc
Processing ../../../datasets/GIRAFE/daily/2019/05/PREdm20190517000000120IMPGS01GL.nc
Processing ../../../datasets/GIRAFE/daily/2019/05/PREdm20190518000000120IMPGS01GL.nc
Processing ../../../datasets/GIRAFE/daily/2019/05/PREdm20190519000000120IMPGS01GL.nc
Processing ../../../datasets/GIRAFE/daily/2019/05/PREdm20190520000000120IMPGS01GL.nc
Processing ../../../datasets/GIRAFE/daily/2019/05/PREdm20190521000000120IMPGS01GL.nc
Processing ../../../datasets/GIRAFE/daily/2019/05/PREdm20190522000000120IMPGS01GL.nc
Processing ../../../datasets/GIRAFE/daily/2019/05/PREdm20190523000000120IMPGS01GL.nc
Processing ../../../datasets/GIRAFE/daily/2019/05/PREdm20190524000000120IMPGS01GL.nc
Processing ../../../datasets/GIRAFE/daily/2019/05/PREdm20190525000000120IMPGS01GL.nc
Processing ../../../datasets/GIRAFE/daily/2019/05/PREdm20190526000000120IMPGS01GL.nc
Processing ../../../datasets/GIRAFE/daily/2019/05/PREdm20190527000000120IMPGS01GL.nc
Processing ../../../datasets/GIRAFE/daily/2019/05/PREdm20190528000000120IMPGS01GL.nc
Processing ../../../datasets/GIRAFE/daily/2019/05/PREdm20190529000000120IMPGS01GL.nc
Processing ../../../datasets/GIRAFE/daily/2019/05/PREdm20190530000000120IMPGS01GL.nc
Processing ../../../datasets/GIRAFE/daily/2019/05/PREdm20190531000000120IMPGS01GL.nc
Processing ../../../datasets/GIRAFE/daily/2019/06/PREdm20190601000000120IMPGS01GL.nc
Processing ../../../datasets/GIRAFE/daily/2019/06/PREdm20190602000000120IMPGS01GL.nc
Processing ../../../datasets/GIRAFE/daily/2019/06/PREdm20190603000000120IMPGS01GL.nc
Processing ../../../datasets/GIRAFE/daily/2019/06/PREdm20190604000000120IMPGS01GL.nc
Processing ../../../datasets/GIRAFE/daily/2019/06/PREdm20190605000000120IMPGS01GL.nc
Processing ../../../datasets/GIRAFE/daily/2019/06/PREdm20190606000000120IMPGS01GL.nc
Processing ../../../datasets/GIRAFE/daily/2019/06/PREdm20190607000000120IMPGS01GL.nc
Processing ../../../datasets/GIRAFE/daily/2019/06/PREdm20190608000000120IMPGS01GL.nc
Processing ../../../datasets/GIRAFE/daily/2019/06/PREdm20190609000000120IMPGS01GL.nc
Processing ../../../datasets/GIRAFE/daily/2019/06/PREdm20190610000000120IMPGS01GL.nc
Processing ../../../datasets/GIRAFE/daily/2019/06/PREdm20190611000000120IMPGS01GL.nc
Processing ../../../datasets/GIRAFE/daily/2019/06/PREdm20190612000000120IMPGS01GL.nc
Processing ../../../datasets/GIRAFE/daily/2019/06/PREdm20190613000000120IMPGS01GL.nc
Processing ../../../datasets/GIRAFE/daily/2019/06/PREdm20190614000000120IMPGS01GL.nc
Processing ../../../datasets/GIRAFE/daily/2019/06/PREdm20190615000000120IMPGS01GL.nc
Processing ../../../datasets/GIRAFE/daily/2019/06/PREdm20190616000000120IMPGS01GL.nc
Processing ../../../datasets/GIRAFE/daily/2019/06/PREdm20190617000000120IMPGS01GL.nc
Processing ../../../datasets/GIRAFE/daily/2019/06/PREdm20190618000000120IMPGS01GL.nc
Processing ../../../datasets/GIRAFE/daily/2019/06/PREdm20190619000000120IMPGS01GL.nc
Processing ../../../datasets/GIRAFE/daily/2019/06/PREdm20190620000000120IMPGS01GL.nc
Processing ../../../datasets/GIRAFE/daily/2019/06/PREdm20190621000000120IMPGS01GL.nc
Processing ../../../datasets/GIRAFE/daily/2019/06/PREdm20190622000000120IMPGS01GL.nc
Processing ../../../datasets/GIRAFE/daily/2019/06/PREdm20190623000000120IMPGS01GL.nc
Processing ../../../datasets/GIRAFE/daily/2019/06/PREdm20190624000000120IMPGS01GL.nc
Processing ../../../datasets/GIRAFE/daily/2019/06/PREdm20190625000000120IMPGS01GL.nc
Processing ../../../datasets/GIRAFE/daily/2019/06/PREdm20190626000000120IMPGS01GL.nc
Processing ../../../datasets/GIRAFE/daily/2019/06/PREdm20190627000000120IMPGS01GL.nc
Processing ../../../datasets/GIRAFE/daily/2019/06/PREdm20190628000000120IMPGS01GL.nc
Processing ../../../datasets/GIRAFE/daily/2019/06/PREdm20190629000000120IMPGS01GL.nc
Processing ../../../datasets/GIRAFE/daily/2019/06/PREdm20190630000000120IMPGS01GL.nc
Processing ../../../datasets/GIRAFE/daily/2019/07/PREdm20190701000000120IMPGS01GL.nc
Processing ../../../datasets/GIRAFE/daily/2019/07/PREdm20190702000000120IMPGS01GL.nc
Processing ../../../datasets/GIRAFE/daily/2019/07/PREdm20190703000000120IMPGS01GL.nc
Processing ../../../datasets/GIRAFE/daily/2019/07/PREdm20190704000000120IMPGS01GL.nc
Processing ../../../datasets/GIRAFE/daily/2019/07/PREdm20190705000000120IMPGS01GL.nc
Processing ../../../datasets/GIRAFE/daily/2019/07/PREdm20190706000000120IMPGS01GL.nc
Processing ../../../datasets/GIRAFE/daily/2019/07/PREdm20190707000000120IMPGS01GL.nc
Processing ../../../datasets/GIRAFE/daily/2019/07/PREdm20190708000000120IMPGS01GL.nc
Processing ../../../datasets/GIRAFE/daily/2019/07/PREdm20190709000000120IMPGS01GL.nc
Processing ../../../datasets/GIRAFE/daily/2019/07/PREdm20190710000000120IMPGS01GL.nc
Processing ../../../datasets/GIRAFE/daily/2019/07/PREdm20190711000000120IMPGS01GL.nc
Processing ../../../datasets/GIRAFE/daily/2019/07/PREdm20190712000000120IMPGS01GL.nc
Processing ../../../datasets/GIRAFE/daily/2019/07/PREdm20190713000000120IMPGS01GL.nc
Processing ../../../datasets/GIRAFE/daily/2019/07/PREdm20190714000000120IMPGS01GL.nc
Processing ../../../datasets/GIRAFE/daily/2019/07/PREdm20190715000000120IMPGS01GL.nc
Processing ../../../datasets/GIRAFE/daily/2019/07/PREdm20190716000000120IMPGS01GL.nc
Processing ../../../datasets/GIRAFE/daily/2019/07/PREdm20190717000000120IMPGS01GL.nc
Processing ../../../datasets/GIRAFE/daily/2019/07/PREdm20190718000000120IMPGS01GL.nc
Processing ../../../datasets/GIRAFE/daily/2019/07/PREdm20190719000000120IMPGS01GL.nc
Processing ../../../datasets/GIRAFE/daily/2019/07/PREdm20190720000000120IMPGS01GL.nc
Processing ../../../datasets/GIRAFE/daily/2019/07/PREdm20190721000000120IMPGS01GL.nc
Processing ../../../datasets/GIRAFE/daily/2019/07/PREdm20190722000000120IMPGS01GL.nc
Processing ../../../datasets/GIRAFE/daily/2019/07/PREdm20190723000000120IMPGS01GL.nc
Processing ../../../datasets/GIRAFE/daily/2019/07/PREdm20190724000000120IMPGS01GL.nc
Processing ../../../datasets/GIRAFE/daily/2019/07/PREdm20190725000000120IMPGS01GL.nc
Processing ../../../datasets/GIRAFE/daily/2019/07/PREdm20190726000000120IMPGS01GL.nc
Processing ../../../datasets/GIRAFE/daily/2019/07/PREdm20190727000000120IMPGS01GL.nc
Processing ../../../datasets/GIRAFE/daily/2019/07/PREdm20190728000000120IMPGS01GL.nc
Processing ../../../datasets/GIRAFE/daily/2019/07/PREdm20190729000000120IMPGS01GL.nc
Processing ../../../datasets/GIRAFE/daily/2019/07/PREdm20190730000000120IMPGS01GL.nc
Processing ../../../datasets/GIRAFE/daily/2019/07/PREdm20190731000000120IMPGS01GL.nc
Processing ../../../datasets/GIRAFE/daily/2019/08/PREdm20190801000000120IMPGS01GL.nc
Processing ../../../datasets/GIRAFE/daily/2019/08/PREdm20190802000000120IMPGS01GL.nc
Processing ../../../datasets/GIRAFE/daily/2019/08/PREdm20190803000000120IMPGS01GL.nc
Processing ../../../datasets/GIRAFE/daily/2019/08/PREdm20190804000000120IMPGS01GL.nc
Processing ../../../datasets/GIRAFE/daily/2019/08/PREdm20190805000000120IMPGS01GL.nc
Processing ../../../datasets/GIRAFE/daily/2019/08/PREdm20190806000000120IMPGS01GL.nc
Processing ../../../datasets/GIRAFE/daily/2019/08/PREdm20190807000000120IMPGS01GL.nc
Processing ../../../datasets/GIRAFE/daily/2019/08/PREdm20190808000000120IMPGS01GL.nc
Processing ../../../datasets/GIRAFE/daily/2019/08/PREdm20190809000000120IMPGS01GL.nc
Processing ../../../datasets/GIRAFE/daily/2019/08/PREdm20190810000000120IMPGS01GL.nc
Processing ../../../datasets/GIRAFE/daily/2019/08/PREdm20190811000000120IMPGS01GL.nc
Processing ../../../datasets/GIRAFE/daily/2019/08/PREdm20190812000000120IMPGS01GL.nc
Processing ../../../datasets/GIRAFE/daily/2019/08/PREdm20190813000000120IMPGS01GL.nc
Processing ../../../datasets/GIRAFE/daily/2019/08/PREdm20190814000000120IMPGS01GL.nc
Processing ../../../datasets/GIRAFE/daily/2019/08/PREdm20190815000000120IMPGS01GL.nc
Processing ../../../datasets/GIRAFE/daily/2019/08/PREdm20190816000000120IMPGS01GL.nc
Processing ../../../datasets/GIRAFE/daily/2019/08/PREdm20190817000000120IMPGS01GL.nc
Processing ../../../datasets/GIRAFE/daily/2019/08/PREdm20190818000000120IMPGS01GL.nc
Processing ../../../datasets/GIRAFE/daily/2019/08/PREdm20190819000000120IMPGS01GL.nc
Processing ../../../datasets/GIRAFE/daily/2019/08/PREdm20190820000000120IMPGS01GL.nc
Processing ../../../datasets/GIRAFE/daily/2019/08/PREdm20190821000000120IMPGS01GL.nc
Processing ../../../datasets/GIRAFE/daily/2019/08/PREdm20190822000000120IMPGS01GL.nc
Processing ../../../datasets/GIRAFE/daily/2019/08/PREdm20190823000000120IMPGS01GL.nc
Processing ../../../datasets/GIRAFE/daily/2019/08/PREdm20190824000000120IMPGS01GL.nc
Processing ../../../datasets/GIRAFE/daily/2019/08/PREdm20190825000000120IMPGS01GL.nc
Processing ../../../datasets/GIRAFE/daily/2019/08/PREdm20190826000000120IMPGS01GL.nc
Processing ../../../datasets/GIRAFE/daily/2019/08/PREdm20190827000000120IMPGS01GL.nc
Processing ../../../datasets/GIRAFE/daily/2019/08/PREdm20190828000000120IMPGS01GL.nc
Processing ../../../datasets/GIRAFE/daily/2019/08/PREdm20190829000000120IMPGS01GL.nc
Processing ../../../datasets/GIRAFE/daily/2019/08/PREdm20190830000000120IMPGS01GL.nc
Processing ../../../datasets/GIRAFE/daily/2019/08/PREdm20190831000000120IMPGS01GL.nc
Processing ../../../datasets/GIRAFE/daily/2019/09/PREdm20190901000000120IMPGS01GL.nc
Processing ../../../datasets/GIRAFE/daily/2019/09/PREdm20190902000000120IMPGS01GL.nc
Processing ../../../datasets/GIRAFE/daily/2019/09/PREdm20190903000000120IMPGS01GL.nc
Processing ../../../datasets/GIRAFE/daily/2019/09/PREdm20190904000000120IMPGS01GL.nc
Processing ../../../datasets/GIRAFE/daily/2019/09/PREdm20190905000000120IMPGS01GL.nc
Processing ../../../datasets/GIRAFE/daily/2019/09/PREdm20190906000000120IMPGS01GL.nc
Processing ../../../datasets/GIRAFE/daily/2019/09/PREdm20190907000000120IMPGS01GL.nc
Processing ../../../datasets/GIRAFE/daily/2019/09/PREdm20190908000000120IMPGS01GL.nc
Processing ../../../datasets/GIRAFE/daily/2019/09/PREdm20190909000000120IMPGS01GL.nc
Processing ../../../datasets/GIRAFE/daily/2019/09/PREdm20190910000000120IMPGS01GL.nc
Processing ../../../datasets/GIRAFE/daily/2019/09/PREdm20190911000000120IMPGS01GL.nc
Processing ../../../datasets/GIRAFE/daily/2019/09/PREdm20190912000000120IMPGS01GL.nc
Processing ../../../datasets/GIRAFE/daily/2019/09/PREdm20190913000000120IMPGS01GL.nc
Processing ../../../datasets/GIRAFE/daily/2019/09/PREdm20190914000000120IMPGS01GL.nc
Processing ../../../datasets/GIRAFE/daily/2019/09/PREdm20190915000000120IMPGS01GL.nc
Processing ../../../datasets/GIRAFE/daily/2019/09/PREdm20190916000000120IMPGS01GL.nc
Processing ../../../datasets/GIRAFE/daily/2019/09/PREdm20190917000000120IMPGS01GL.nc
Processing ../../../datasets/GIRAFE/daily/2019/09/PREdm20190918000000120IMPGS01GL.nc
Processing ../../../datasets/GIRAFE/daily/2019/09/PREdm20190919000000120IMPGS01GL.nc
Processing ../../../datasets/GIRAFE/daily/2019/09/PREdm20190920000000120IMPGS01GL.nc
Processing ../../../datasets/GIRAFE/daily/2019/09/PREdm20190921000000120IMPGS01GL.nc
Processing ../../../datasets/GIRAFE/daily/2019/09/PREdm20190922000000120IMPGS01GL.nc
Processing ../../../datasets/GIRAFE/daily/2019/09/PREdm20190923000000120IMPGS01GL.nc
Processing ../../../datasets/GIRAFE/daily/2019/09/PREdm20190924000000120IMPGS01GL.nc
Processing ../../../datasets/GIRAFE/daily/2019/09/PREdm20190925000000120IMPGS01GL.nc
Processing ../../../datasets/GIRAFE/daily/2019/09/PREdm20190926000000120IMPGS01GL.nc
Processing ../../../datasets/GIRAFE/daily/2019/09/PREdm20190927000000120IMPGS01GL.nc
Processing ../../../datasets/GIRAFE/daily/2019/09/PREdm20190928000000120IMPGS01GL.nc
Processing ../../../datasets/GIRAFE/daily/2019/09/PREdm20190929000000120IMPGS01GL.nc
Processing ../../../datasets/GIRAFE/daily/2019/09/PREdm20190930000000120IMPGS01GL.nc
Processing ../../../datasets/GIRAFE/daily/2019/10/PREdm20191001000000120IMPGS01GL.nc
Processing ../../../datasets/GIRAFE/daily/2019/10/PREdm20191002000000120IMPGS01GL.nc
Processing ../../../datasets/GIRAFE/daily/2019/10/PREdm20191003000000120IMPGS01GL.nc
Processing ../../../datasets/GIRAFE/daily/2019/10/PREdm20191004000000120IMPGS01GL.nc
Processing ../../../datasets/GIRAFE/daily/2019/10/PREdm20191005000000120IMPGS01GL.nc
Processing ../../../datasets/GIRAFE/daily/2019/10/PREdm20191006000000120IMPGS01GL.nc
Processing ../../../datasets/GIRAFE/daily/2019/10/PREdm20191007000000120IMPGS01GL.nc
Processing ../../../datasets/GIRAFE/daily/2019/10/PREdm20191008000000120IMPGS01GL.nc
Processing ../../../datasets/GIRAFE/daily/2019/10/PREdm20191009000000120IMPGS01GL.nc
Processing ../../../datasets/GIRAFE/daily/2019/10/PREdm20191010000000120IMPGS01GL.nc
Processing ../../../datasets/GIRAFE/daily/2019/10/PREdm20191011000000120IMPGS01GL.nc
Processing ../../../datasets/GIRAFE/daily/2019/10/PREdm20191012000000120IMPGS01GL.nc
Processing ../../../datasets/GIRAFE/daily/2019/10/PREdm20191013000000120IMPGS01GL.nc
Processing ../../../datasets/GIRAFE/daily/2019/10/PREdm20191014000000120IMPGS01GL.nc
Processing ../../../datasets/GIRAFE/daily/2019/10/PREdm20191015000000120IMPGS01GL.nc
Processing ../../../datasets/GIRAFE/daily/2019/10/PREdm20191016000000120IMPGS01GL.nc
Processing ../../../datasets/GIRAFE/daily/2019/10/PREdm20191017000000120IMPGS01GL.nc
Processing ../../../datasets/GIRAFE/daily/2019/10/PREdm20191018000000120IMPGS01GL.nc
Processing ../../../datasets/GIRAFE/daily/2019/10/PREdm20191019000000120IMPGS01GL.nc
Processing ../../../datasets/GIRAFE/daily/2019/10/PREdm20191020000000120IMPGS01GL.nc
Processing ../../../datasets/GIRAFE/daily/2019/10/PREdm20191021000000120IMPGS01GL.nc
Processing ../../../datasets/GIRAFE/daily/2019/10/PREdm20191022000000120IMPGS01GL.nc
Processing ../../../datasets/GIRAFE/daily/2019/10/PREdm20191023000000120IMPGS01GL.nc
Processing ../../../datasets/GIRAFE/daily/2019/10/PREdm20191024000000120IMPGS01GL.nc
Processing ../../../datasets/GIRAFE/daily/2019/10/PREdm20191025000000120IMPGS01GL.nc
Processing ../../../datasets/GIRAFE/daily/2019/10/PREdm20191026000000120IMPGS01GL.nc
Processing ../../../datasets/GIRAFE/daily/2019/10/PREdm20191027000000120IMPGS01GL.nc
Processing ../../../datasets/GIRAFE/daily/2019/10/PREdm20191028000000120IMPGS01GL.nc
Processing ../../../datasets/GIRAFE/daily/2019/10/PREdm20191029000000120IMPGS01GL.nc
Processing ../../../datasets/GIRAFE/daily/2019/10/PREdm20191030000000120IMPGS01GL.nc
Processing ../../../datasets/GIRAFE/daily/2019/10/PREdm20191031000000120IMPGS01GL.nc
Processing ../../../datasets/GIRAFE/daily/2019/11/PREdm20191101000000120IMPGS01GL.nc
Processing ../../../datasets/GIRAFE/daily/2019/11/PREdm20191102000000120IMPGS01GL.nc
Processing ../../../datasets/GIRAFE/daily/2019/11/PREdm20191103000000120IMPGS01GL.nc
Processing ../../../datasets/GIRAFE/daily/2019/11/PREdm20191104000000120IMPGS01GL.nc
Processing ../../../datasets/GIRAFE/daily/2019/11/PREdm20191105000000120IMPGS01GL.nc
Processing ../../../datasets/GIRAFE/daily/2019/11/PREdm20191106000000120IMPGS01GL.nc
Processing ../../../datasets/GIRAFE/daily/2019/11/PREdm20191107000000120IMPGS01GL.nc
Processing ../../../datasets/GIRAFE/daily/2019/11/PREdm20191108000000120IMPGS01GL.nc
Processing ../../../datasets/GIRAFE/daily/2019/11/PREdm20191109000000120IMPGS01GL.nc
Processing ../../../datasets/GIRAFE/daily/2019/11/PREdm20191110000000120IMPGS01GL.nc
Processing ../../../datasets/GIRAFE/daily/2019/11/PREdm20191111000000120IMPGS01GL.nc
Processing ../../../datasets/GIRAFE/daily/2019/11/PREdm20191112000000120IMPGS01GL.nc
Processing ../../../datasets/GIRAFE/daily/2019/11/PREdm20191113000000120IMPGS01GL.nc
Processing ../../../datasets/GIRAFE/daily/2019/11/PREdm20191114000000120IMPGS01GL.nc
Processing ../../../datasets/GIRAFE/daily/2019/11/PREdm20191115000000120IMPGS01GL.nc
Processing ../../../datasets/GIRAFE/daily/2019/11/PREdm20191116000000120IMPGS01GL.nc
Processing ../../../datasets/GIRAFE/daily/2019/11/PREdm20191117000000120IMPGS01GL.nc
Processing ../../../datasets/GIRAFE/daily/2019/11/PREdm20191118000000120IMPGS01GL.nc
Processing ../../../datasets/GIRAFE/daily/2019/11/PREdm20191119000000120IMPGS01GL.nc
Processing ../../../datasets/GIRAFE/daily/2019/11/PREdm20191120000000120IMPGS01GL.nc
Processing ../../../datasets/GIRAFE/daily/2019/11/PREdm20191121000000120IMPGS01GL.nc
Processing ../../../datasets/GIRAFE/daily/2019/11/PREdm20191122000000120IMPGS01GL.nc
Processing ../../../datasets/GIRAFE/daily/2019/11/PREdm20191123000000120IMPGS01GL.nc
Processing ../../../datasets/GIRAFE/daily/2019/11/PREdm20191124000000120IMPGS01GL.nc
Processing ../../../datasets/GIRAFE/daily/2019/11/PREdm20191125000000120IMPGS01GL.nc
Processing ../../../datasets/GIRAFE/daily/2019/11/PREdm20191126000000120IMPGS01GL.nc
Processing ../../../datasets/GIRAFE/daily/2019/11/PREdm20191127000000120IMPGS01GL.nc
Processing ../../../datasets/GIRAFE/daily/2019/11/PREdm20191128000000120IMPGS01GL.nc
Processing ../../../datasets/GIRAFE/daily/2019/11/PREdm20191129000000120IMPGS01GL.nc
Processing ../../../datasets/GIRAFE/daily/2019/11/PREdm20191130000000120IMPGS01GL.nc
Processing ../../../datasets/GIRAFE/daily/2019/12/PREdm20191201000000120IMPGS01GL.nc
Processing ../../../datasets/GIRAFE/daily/2019/12/PREdm20191202000000120IMPGS01GL.nc
Processing ../../../datasets/GIRAFE/daily/2019/12/PREdm20191203000000120IMPGS01GL.nc
Processing ../../../datasets/GIRAFE/daily/2019/12/PREdm20191204000000120IMPGS01GL.nc
Processing ../../../datasets/GIRAFE/daily/2019/12/PREdm20191205000000120IMPGS01GL.nc
Processing ../../../datasets/GIRAFE/daily/2019/12/PREdm20191206000000120IMPGS01GL.nc
Processing ../../../datasets/GIRAFE/daily/2019/12/PREdm20191207000000120IMPGS01GL.nc
Processing ../../../datasets/GIRAFE/daily/2019/12/PREdm20191208000000120IMPGS01GL.nc
Processing ../../../datasets/GIRAFE/daily/2019/12/PREdm20191209000000120IMPGS01GL.nc
Processing ../../../datasets/GIRAFE/daily/2019/12/PREdm20191210000000120IMPGS01GL.nc
Processing ../../../datasets/GIRAFE/daily/2019/12/PREdm20191211000000120IMPGS01GL.nc
Processing ../../../datasets/GIRAFE/daily/2019/12/PREdm20191212000000120IMPGS01GL.nc
Processing ../../../datasets/GIRAFE/daily/2019/12/PREdm20191213000000120IMPGS01GL.nc
Processing ../../../datasets/GIRAFE/daily/2019/12/PREdm20191214000000120IMPGS01GL.nc
Processing ../../../datasets/GIRAFE/daily/2019/12/PREdm20191215000000120IMPGS01GL.nc
Processing ../../../datasets/GIRAFE/daily/2019/12/PREdm20191216000000120IMPGS01GL.nc
Processing ../../../datasets/GIRAFE/daily/2019/12/PREdm20191217000000120IMPGS01GL.nc
Processing ../../../datasets/GIRAFE/daily/2019/12/PREdm20191218000000120IMPGS01GL.nc
Processing ../../../datasets/GIRAFE/daily/2019/12/PREdm20191219000000120IMPGS01GL.nc
Processing ../../../datasets/GIRAFE/daily/2019/12/PREdm20191220000000120IMPGS01GL.nc
Processing ../../../datasets/GIRAFE/daily/2019/12/PREdm20191221000000120IMPGS01GL.nc
Processing ../../../datasets/GIRAFE/daily/2019/12/PREdm20191222000000120IMPGS01GL.nc
Processing ../../../datasets/GIRAFE/daily/2019/12/PREdm20191223000000120IMPGS01GL.nc
Processing ../../../datasets/GIRAFE/daily/2019/12/PREdm20191224000000120IMPGS01GL.nc
Processing ../../../datasets/GIRAFE/daily/2019/12/PREdm20191225000000120IMPGS01GL.nc
Processing ../../../datasets/GIRAFE/daily/2019/12/PREdm20191226000000120IMPGS01GL.nc
Processing ../../../datasets/GIRAFE/daily/2019/12/PREdm20191227000000120IMPGS01GL.nc
Processing ../../../datasets/GIRAFE/daily/2019/12/PREdm20191228000000120IMPGS01GL.nc
Processing ../../../datasets/GIRAFE/daily/2019/12/PREdm20191229000000120IMPGS01GL.nc
Processing ../../../datasets/GIRAFE/daily/2019/12/PREdm20191230000000120IMPGS01GL.nc
Processing ../../../datasets/GIRAFE/daily/2019/12/PREdm20191231000000120IMPGS01GL.nc
Processing ../../../datasets/GIRAFE/daily/2020/01/PREdm20200101000000120IMPGS01GL.nc
Processing ../../../datasets/GIRAFE/daily/2020/01/PREdm20200102000000120IMPGS01GL.nc
Processing ../../../datasets/GIRAFE/daily/2020/01/PREdm20200103000000120IMPGS01GL.nc
Processing ../../../datasets/GIRAFE/daily/2020/01/PREdm20200104000000120IMPGS01GL.nc
Processing ../../../datasets/GIRAFE/daily/2020/01/PREdm20200105000000120IMPGS01GL.nc
Processing ../../../datasets/GIRAFE/daily/2020/01/PREdm20200106000000120IMPGS01GL.nc
Processing ../../../datasets/GIRAFE/daily/2020/01/PREdm20200107000000120IMPGS01GL.nc
Processing ../../../datasets/GIRAFE/daily/2020/01/PREdm20200108000000120IMPGS01GL.nc
Processing ../../../datasets/GIRAFE/daily/2020/01/PREdm20200109000000120IMPGS01GL.nc
Processing ../../../datasets/GIRAFE/daily/2020/01/PREdm20200110000000120IMPGS01GL.nc
Processing ../../../datasets/GIRAFE/daily/2020/01/PREdm20200111000000120IMPGS01GL.nc
Processing ../../../datasets/GIRAFE/daily/2020/01/PREdm20200112000000120IMPGS01GL.nc
Processing ../../../datasets/GIRAFE/daily/2020/01/PREdm20200113000000120IMPGS01GL.nc
Processing ../../../datasets/GIRAFE/daily/2020/01/PREdm20200114000000120IMPGS01GL.nc
Processing ../../../datasets/GIRAFE/daily/2020/01/PREdm20200115000000120IMPGS01GL.nc
Processing ../../../datasets/GIRAFE/daily/2020/01/PREdm20200116000000120IMPGS01GL.nc
Processing ../../../datasets/GIRAFE/daily/2020/01/PREdm20200117000000120IMPGS01GL.nc
Processing ../../../datasets/GIRAFE/daily/2020/01/PREdm20200118000000120IMPGS01GL.nc
Processing ../../../datasets/GIRAFE/daily/2020/01/PREdm20200119000000120IMPGS01GL.nc
Processing ../../../datasets/GIRAFE/daily/2020/01/PREdm20200120000000120IMPGS01GL.nc
Processing ../../../datasets/GIRAFE/daily/2020/01/PREdm20200121000000120IMPGS01GL.nc
Processing ../../../datasets/GIRAFE/daily/2020/01/PREdm20200122000000120IMPGS01GL.nc
Processing ../../../datasets/GIRAFE/daily/2020/01/PREdm20200123000000120IMPGS01GL.nc
Processing ../../../datasets/GIRAFE/daily/2020/01/PREdm20200124000000120IMPGS01GL.nc
Processing ../../../datasets/GIRAFE/daily/2020/01/PREdm20200125000000120IMPGS01GL.nc
Processing ../../../datasets/GIRAFE/daily/2020/01/PREdm20200126000000120IMPGS01GL.nc
Processing ../../../datasets/GIRAFE/daily/2020/01/PREdm20200127000000120IMPGS01GL.nc
Processing ../../../datasets/GIRAFE/daily/2020/01/PREdm20200128000000120IMPGS01GL.nc
Processing ../../../datasets/GIRAFE/daily/2020/01/PREdm20200129000000120IMPGS01GL.nc
Processing ../../../datasets/GIRAFE/daily/2020/01/PREdm20200130000000120IMPGS01GL.nc
Processing ../../../datasets/GIRAFE/daily/2020/01/PREdm20200131000000120IMPGS01GL.nc
Processing ../../../datasets/GIRAFE/daily/2020/02/PREdm20200201000000120IMPGS01GL.nc
Processing ../../../datasets/GIRAFE/daily/2020/02/PREdm20200202000000120IMPGS01GL.nc
Processing ../../../datasets/GIRAFE/daily/2020/02/PREdm20200203000000120IMPGS01GL.nc
Processing ../../../datasets/GIRAFE/daily/2020/02/PREdm20200204000000120IMPGS01GL.nc
Processing ../../../datasets/GIRAFE/daily/2020/02/PREdm20200205000000120IMPGS01GL.nc
Processing ../../../datasets/GIRAFE/daily/2020/02/PREdm20200206000000120IMPGS01GL.nc
Processing ../../../datasets/GIRAFE/daily/2020/02/PREdm20200207000000120IMPGS01GL.nc
Processing ../../../datasets/GIRAFE/daily/2020/02/PREdm20200208000000120IMPGS01GL.nc
Processing ../../../datasets/GIRAFE/daily/2020/02/PREdm20200209000000120IMPGS01GL.nc
Processing ../../../datasets/GIRAFE/daily/2020/02/PREdm20200210000000120IMPGS01GL.nc
Processing ../../../datasets/GIRAFE/daily/2020/02/PREdm20200211000000120IMPGS01GL.nc
Processing ../../../datasets/GIRAFE/daily/2020/02/PREdm20200212000000120IMPGS01GL.nc
Processing ../../../datasets/GIRAFE/daily/2020/02/PREdm20200213000000120IMPGS01GL.nc
Processing ../../../datasets/GIRAFE/daily/2020/02/PREdm20200214000000120IMPGS01GL.nc
Processing ../../../datasets/GIRAFE/daily/2020/02/PREdm20200215000000120IMPGS01GL.nc
Processing ../../../datasets/GIRAFE/daily/2020/02/PREdm20200216000000120IMPGS01GL.nc
Processing ../../../datasets/GIRAFE/daily/2020/02/PREdm20200217000000120IMPGS01GL.nc
Processing ../../../datasets/GIRAFE/daily/2020/02/PREdm20200218000000120IMPGS01GL.nc
Processing ../../../datasets/GIRAFE/daily/2020/02/PREdm20200219000000120IMPGS01GL.nc
Processing ../../../datasets/GIRAFE/daily/2020/02/PREdm20200220000000120IMPGS01GL.nc
Processing ../../../datasets/GIRAFE/daily/2020/02/PREdm20200221000000120IMPGS01GL.nc
Processing ../../../datasets/GIRAFE/daily/2020/02/PREdm20200222000000120IMPGS01GL.nc
Processing ../../../datasets/GIRAFE/daily/2020/02/PREdm20200223000000120IMPGS01GL.nc
Processing ../../../datasets/GIRAFE/daily/2020/02/PREdm20200224000000120IMPGS01GL.nc
Processing ../../../datasets/GIRAFE/daily/2020/02/PREdm20200225000000120IMPGS01GL.nc
Processing ../../../datasets/GIRAFE/daily/2020/02/PREdm20200226000000120IMPGS01GL.nc
Processing ../../../datasets/GIRAFE/daily/2020/02/PREdm20200227000000120IMPGS01GL.nc
Processing ../../../datasets/GIRAFE/daily/2020/02/PREdm20200228000000120IMPGS01GL.nc
Processing ../../../datasets/GIRAFE/daily/2020/02/PREdm20200229000000120IMPGS01GL.nc
Processing ../../../datasets/GIRAFE/daily/2020/03/PREdm20200301000000120IMPGS01GL.nc
Processing ../../../datasets/GIRAFE/daily/2020/03/PREdm20200302000000120IMPGS01GL.nc
Processing ../../../datasets/GIRAFE/daily/2020/03/PREdm20200303000000120IMPGS01GL.nc
Processing ../../../datasets/GIRAFE/daily/2020/03/PREdm20200304000000120IMPGS01GL.nc
Processing ../../../datasets/GIRAFE/daily/2020/03/PREdm20200305000000120IMPGS01GL.nc
Processing ../../../datasets/GIRAFE/daily/2020/03/PREdm20200306000000120IMPGS01GL.nc
Processing ../../../datasets/GIRAFE/daily/2020/03/PREdm20200307000000120IMPGS01GL.nc
Processing ../../../datasets/GIRAFE/daily/2020/03/PREdm20200308000000120IMPGS01GL.nc
Processing ../../../datasets/GIRAFE/daily/2020/03/PREdm20200309000000120IMPGS01GL.nc
Processing ../../../datasets/GIRAFE/daily/2020/03/PREdm20200310000000120IMPGS01GL.nc
Processing ../../../datasets/GIRAFE/daily/2020/03/PREdm20200311000000120IMPGS01GL.nc
Processing ../../../datasets/GIRAFE/daily/2020/03/PREdm20200312000000120IMPGS01GL.nc
Processing ../../../datasets/GIRAFE/daily/2020/03/PREdm20200313000000120IMPGS01GL.nc
Processing ../../../datasets/GIRAFE/daily/2020/03/PREdm20200314000000120IMPGS01GL.nc
Processing ../../../datasets/GIRAFE/daily/2020/03/PREdm20200315000000120IMPGS01GL.nc
Processing ../../../datasets/GIRAFE/daily/2020/03/PREdm20200316000000120IMPGS01GL.nc
Processing ../../../datasets/GIRAFE/daily/2020/03/PREdm20200317000000120IMPGS01GL.nc
Processing ../../../datasets/GIRAFE/daily/2020/03/PREdm20200318000000120IMPGS01GL.nc
Processing ../../../datasets/GIRAFE/daily/2020/03/PREdm20200319000000120IMPGS01GL.nc
Processing ../../../datasets/GIRAFE/daily/2020/03/PREdm20200320000000120IMPGS01GL.nc
Processing ../../../datasets/GIRAFE/daily/2020/03/PREdm20200321000000120IMPGS01GL.nc
Processing ../../../datasets/GIRAFE/daily/2020/03/PREdm20200322000000120IMPGS01GL.nc
Processing ../../../datasets/GIRAFE/daily/2020/03/PREdm20200323000000120IMPGS01GL.nc
Processing ../../../datasets/GIRAFE/daily/2020/03/PREdm20200324000000120IMPGS01GL.nc
Processing ../../../datasets/GIRAFE/daily/2020/03/PREdm20200325000000120IMPGS01GL.nc
Processing ../../../datasets/GIRAFE/daily/2020/03/PREdm20200326000000120IMPGS01GL.nc
Processing ../../../datasets/GIRAFE/daily/2020/03/PREdm20200327000000120IMPGS01GL.nc
Processing ../../../datasets/GIRAFE/daily/2020/03/PREdm20200328000000120IMPGS01GL.nc
Processing ../../../datasets/GIRAFE/daily/2020/03/PREdm20200329000000120IMPGS01GL.nc
Processing ../../../datasets/GIRAFE/daily/2020/03/PREdm20200330000000120IMPGS01GL.nc
Processing ../../../datasets/GIRAFE/daily/2020/03/PREdm20200331000000120IMPGS01GL.nc
Processing ../../../datasets/GIRAFE/daily/2020/04/PREdm20200401000000120IMPGS01GL.nc
Processing ../../../datasets/GIRAFE/daily/2020/04/PREdm20200402000000120IMPGS01GL.nc
Processing ../../../datasets/GIRAFE/daily/2020/04/PREdm20200403000000120IMPGS01GL.nc
Processing ../../../datasets/GIRAFE/daily/2020/04/PREdm20200404000000120IMPGS01GL.nc
Processing ../../../datasets/GIRAFE/daily/2020/04/PREdm20200405000000120IMPGS01GL.nc
Processing ../../../datasets/GIRAFE/daily/2020/04/PREdm20200406000000120IMPGS01GL.nc
Processing ../../../datasets/GIRAFE/daily/2020/04/PREdm20200407000000120IMPGS01GL.nc
Processing ../../../datasets/GIRAFE/daily/2020/04/PREdm20200408000000120IMPGS01GL.nc
Processing ../../../datasets/GIRAFE/daily/2020/04/PREdm20200409000000120IMPGS01GL.nc
Processing ../../../datasets/GIRAFE/daily/2020/04/PREdm20200410000000120IMPGS01GL.nc
Processing ../../../datasets/GIRAFE/daily/2020/04/PREdm20200411000000120IMPGS01GL.nc
Processing ../../../datasets/GIRAFE/daily/2020/04/PREdm20200412000000120IMPGS01GL.nc
Processing ../../../datasets/GIRAFE/daily/2020/04/PREdm20200413000000120IMPGS01GL.nc
Processing ../../../datasets/GIRAFE/daily/2020/04/PREdm20200414000000120IMPGS01GL.nc
Processing ../../../datasets/GIRAFE/daily/2020/04/PREdm20200415000000120IMPGS01GL.nc
Processing ../../../datasets/GIRAFE/daily/2020/04/PREdm20200416000000120IMPGS01GL.nc
Processing ../../../datasets/GIRAFE/daily/2020/04/PREdm20200417000000120IMPGS01GL.nc
Processing ../../../datasets/GIRAFE/daily/2020/04/PREdm20200418000000120IMPGS01GL.nc
Processing ../../../datasets/GIRAFE/daily/2020/04/PREdm20200419000000120IMPGS01GL.nc
Processing ../../../datasets/GIRAFE/daily/2020/04/PREdm20200420000000120IMPGS01GL.nc
Processing ../../../datasets/GIRAFE/daily/2020/04/PREdm20200421000000120IMPGS01GL.nc
Processing ../../../datasets/GIRAFE/daily/2020/04/PREdm20200422000000120IMPGS01GL.nc
Processing ../../../datasets/GIRAFE/daily/2020/04/PREdm20200423000000120IMPGS01GL.nc
Processing ../../../datasets/GIRAFE/daily/2020/04/PREdm20200424000000120IMPGS01GL.nc
Processing ../../../datasets/GIRAFE/daily/2020/04/PREdm20200425000000120IMPGS01GL.nc
Processing ../../../datasets/GIRAFE/daily/2020/04/PREdm20200426000000120IMPGS01GL.nc
Processing ../../../datasets/GIRAFE/daily/2020/04/PREdm20200427000000120IMPGS01GL.nc
Processing ../../../datasets/GIRAFE/daily/2020/04/PREdm20200428000000120IMPGS01GL.nc
Processing ../../../datasets/GIRAFE/daily/2020/04/PREdm20200429000000120IMPGS01GL.nc
Processing ../../../datasets/GIRAFE/daily/2020/04/PREdm20200430000000120IMPGS01GL.nc
Processing ../../../datasets/GIRAFE/daily/2020/05/PREdm20200501000000120IMPGS01GL.nc
Processing ../../../datasets/GIRAFE/daily/2020/05/PREdm20200502000000120IMPGS01GL.nc
Processing ../../../datasets/GIRAFE/daily/2020/05/PREdm20200503000000120IMPGS01GL.nc
Processing ../../../datasets/GIRAFE/daily/2020/05/PREdm20200504000000120IMPGS01GL.nc
Processing ../../../datasets/GIRAFE/daily/2020/05/PREdm20200505000000120IMPGS01GL.nc
Processing ../../../datasets/GIRAFE/daily/2020/05/PREdm20200506000000120IMPGS01GL.nc
Processing ../../../datasets/GIRAFE/daily/2020/05/PREdm20200507000000120IMPGS01GL.nc
Processing ../../../datasets/GIRAFE/daily/2020/05/PREdm20200508000000120IMPGS01GL.nc
Processing ../../../datasets/GIRAFE/daily/2020/05/PREdm20200509000000120IMPGS01GL.nc
Processing ../../../datasets/GIRAFE/daily/2020/05/PREdm20200510000000120IMPGS01GL.nc
Processing ../../../datasets/GIRAFE/daily/2020/05/PREdm20200511000000120IMPGS01GL.nc
Processing ../../../datasets/GIRAFE/daily/2020/05/PREdm20200512000000120IMPGS01GL.nc
Processing ../../../datasets/GIRAFE/daily/2020/05/PREdm20200513000000120IMPGS01GL.nc
Processing ../../../datasets/GIRAFE/daily/2020/05/PREdm20200514000000120IMPGS01GL.nc
Processing ../../../datasets/GIRAFE/daily/2020/05/PREdm20200515000000120IMPGS01GL.nc
Processing ../../../datasets/GIRAFE/daily/2020/05/PREdm20200516000000120IMPGS01GL.nc
Processing ../../../datasets/GIRAFE/daily/2020/05/PREdm20200517000000120IMPGS01GL.nc
Processing ../../../datasets/GIRAFE/daily/2020/05/PREdm20200518000000120IMPGS01GL.nc
Processing ../../../datasets/GIRAFE/daily/2020/05/PREdm20200519000000120IMPGS01GL.nc
Processing ../../../datasets/GIRAFE/daily/2020/05/PREdm20200520000000120IMPGS01GL.nc
Processing ../../../datasets/GIRAFE/daily/2020/05/PREdm20200521000000120IMPGS01GL.nc
Processing ../../../datasets/GIRAFE/daily/2020/05/PREdm20200522000000120IMPGS01GL.nc
Processing ../../../datasets/GIRAFE/daily/2020/05/PREdm20200523000000120IMPGS01GL.nc
Processing ../../../datasets/GIRAFE/daily/2020/05/PREdm20200524000000120IMPGS01GL.nc
Processing ../../../datasets/GIRAFE/daily/2020/05/PREdm20200525000000120IMPGS01GL.nc
Processing ../../../datasets/GIRAFE/daily/2020/05/PREdm20200526000000120IMPGS01GL.nc
Processing ../../../datasets/GIRAFE/daily/2020/05/PREdm20200527000000120IMPGS01GL.nc
Processing ../../../datasets/GIRAFE/daily/2020/05/PREdm20200528000000120IMPGS01GL.nc
Processing ../../../datasets/GIRAFE/daily/2020/05/PREdm20200529000000120IMPGS01GL.nc
Processing ../../../datasets/GIRAFE/daily/2020/05/PREdm20200530000000120IMPGS01GL.nc
Processing ../../../datasets/GIRAFE/daily/2020/05/PREdm20200531000000120IMPGS01GL.nc
Processing ../../../datasets/GIRAFE/daily/2020/06/PREdm20200601000000120IMPGS01GL.nc
Processing ../../../datasets/GIRAFE/daily/2020/06/PREdm20200602000000120IMPGS01GL.nc
Processing ../../../datasets/GIRAFE/daily/2020/06/PREdm20200603000000120IMPGS01GL.nc
Processing ../../../datasets/GIRAFE/daily/2020/06/PREdm20200604000000120IMPGS01GL.nc
Processing ../../../datasets/GIRAFE/daily/2020/06/PREdm20200605000000120IMPGS01GL.nc
Processing ../../../datasets/GIRAFE/daily/2020/06/PREdm20200606000000120IMPGS01GL.nc
Processing ../../../datasets/GIRAFE/daily/2020/06/PREdm20200607000000120IMPGS01GL.nc
Processing ../../../datasets/GIRAFE/daily/2020/06/PREdm20200608000000120IMPGS01GL.nc
Processing ../../../datasets/GIRAFE/daily/2020/06/PREdm20200609000000120IMPGS01GL.nc
Processing ../../../datasets/GIRAFE/daily/2020/06/PREdm20200610000000120IMPGS01GL.nc
Processing ../../../datasets/GIRAFE/daily/2020/06/PREdm20200611000000120IMPGS01GL.nc
Processing ../../../datasets/GIRAFE/daily/2020/06/PREdm20200612000000120IMPGS01GL.nc
Processing ../../../datasets/GIRAFE/daily/2020/06/PREdm20200613000000120IMPGS01GL.nc
Processing ../../../datasets/GIRAFE/daily/2020/06/PREdm20200614000000120IMPGS01GL.nc
Processing ../../../datasets/GIRAFE/daily/2020/06/PREdm20200615000000120IMPGS01GL.nc
Processing ../../../datasets/GIRAFE/daily/2020/06/PREdm20200616000000120IMPGS01GL.nc
Processing ../../../datasets/GIRAFE/daily/2020/06/PREdm20200617000000120IMPGS01GL.nc
Processing ../../../datasets/GIRAFE/daily/2020/06/PREdm20200618000000120IMPGS01GL.nc
Processing ../../../datasets/GIRAFE/daily/2020/06/PREdm20200619000000120IMPGS01GL.nc
Processing ../../../datasets/GIRAFE/daily/2020/06/PREdm20200620000000120IMPGS01GL.nc
Processing ../../../datasets/GIRAFE/daily/2020/06/PREdm20200621000000120IMPGS01GL.nc
Processing ../../../datasets/GIRAFE/daily/2020/06/PREdm20200622000000120IMPGS01GL.nc
Processing ../../../datasets/GIRAFE/daily/2020/06/PREdm20200623000000120IMPGS01GL.nc
Processing ../../../datasets/GIRAFE/daily/2020/06/PREdm20200624000000120IMPGS01GL.nc
Processing ../../../datasets/GIRAFE/daily/2020/06/PREdm20200625000000120IMPGS01GL.nc
Processing ../../../datasets/GIRAFE/daily/2020/06/PREdm20200626000000120IMPGS01GL.nc
Processing ../../../datasets/GIRAFE/daily/2020/06/PREdm20200627000000120IMPGS01GL.nc
Processing ../../../datasets/GIRAFE/daily/2020/06/PREdm20200628000000120IMPGS01GL.nc
Processing ../../../datasets/GIRAFE/daily/2020/06/PREdm20200629000000120IMPGS01GL.nc
Processing ../../../datasets/GIRAFE/daily/2020/06/PREdm20200630000000120IMPGS01GL.nc
Processing ../../../datasets/GIRAFE/daily/2020/07/PREdm20200701000000120IMPGS01GL.nc
Processing ../../../datasets/GIRAFE/daily/2020/07/PREdm20200702000000120IMPGS01GL.nc
Processing ../../../datasets/GIRAFE/daily/2020/07/PREdm20200703000000120IMPGS01GL.nc
Processing ../../../datasets/GIRAFE/daily/2020/07/PREdm20200704000000120IMPGS01GL.nc
Processing ../../../datasets/GIRAFE/daily/2020/07/PREdm20200705000000120IMPGS01GL.nc
Processing ../../../datasets/GIRAFE/daily/2020/07/PREdm20200706000000120IMPGS01GL.nc
Processing ../../../datasets/GIRAFE/daily/2020/07/PREdm20200707000000120IMPGS01GL.nc
Processing ../../../datasets/GIRAFE/daily/2020/07/PREdm20200708000000120IMPGS01GL.nc
Processing ../../../datasets/GIRAFE/daily/2020/07/PREdm20200709000000120IMPGS01GL.nc
Processing ../../../datasets/GIRAFE/daily/2020/07/PREdm20200710000000120IMPGS01GL.nc
Processing ../../../datasets/GIRAFE/daily/2020/07/PREdm20200711000000120IMPGS01GL.nc
Processing ../../../datasets/GIRAFE/daily/2020/07/PREdm20200712000000120IMPGS01GL.nc
Processing ../../../datasets/GIRAFE/daily/2020/07/PREdm20200713000000120IMPGS01GL.nc
Processing ../../../datasets/GIRAFE/daily/2020/07/PREdm20200714000000120IMPGS01GL.nc
Processing ../../../datasets/GIRAFE/daily/2020/07/PREdm20200715000000120IMPGS01GL.nc
Processing ../../../datasets/GIRAFE/daily/2020/07/PREdm20200716000000120IMPGS01GL.nc
Processing ../../../datasets/GIRAFE/daily/2020/07/PREdm20200717000000120IMPGS01GL.nc
Processing ../../../datasets/GIRAFE/daily/2020/07/PREdm20200718000000120IMPGS01GL.nc
Processing ../../../datasets/GIRAFE/daily/2020/07/PREdm20200719000000120IMPGS01GL.nc
Processing ../../../datasets/GIRAFE/daily/2020/07/PREdm20200720000000120IMPGS01GL.nc
Processing ../../../datasets/GIRAFE/daily/2020/07/PREdm20200721000000120IMPGS01GL.nc
Processing ../../../datasets/GIRAFE/daily/2020/07/PREdm20200722000000120IMPGS01GL.nc
Processing ../../../datasets/GIRAFE/daily/2020/07/PREdm20200723000000120IMPGS01GL.nc
Processing ../../../datasets/GIRAFE/daily/2020/07/PREdm20200724000000120IMPGS01GL.nc
Processing ../../../datasets/GIRAFE/daily/2020/07/PREdm20200725000000120IMPGS01GL.nc
Processing ../../../datasets/GIRAFE/daily/2020/07/PREdm20200726000000120IMPGS01GL.nc
Processing ../../../datasets/GIRAFE/daily/2020/07/PREdm20200727000000120IMPGS01GL.nc
Processing ../../../datasets/GIRAFE/daily/2020/07/PREdm20200728000000120IMPGS01GL.nc
Processing ../../../datasets/GIRAFE/daily/2020/07/PREdm20200729000000120IMPGS01GL.nc
Processing ../../../datasets/GIRAFE/daily/2020/07/PREdm20200730000000120IMPGS01GL.nc
Processing ../../../datasets/GIRAFE/daily/2020/07/PREdm20200731000000120IMPGS01GL.nc
Processing ../../../datasets/GIRAFE/daily/2020/08/PREdm20200801000000120IMPGS01GL.nc
Processing ../../../datasets/GIRAFE/daily/2020/08/PREdm20200802000000120IMPGS01GL.nc
Processing ../../../datasets/GIRAFE/daily/2020/08/PREdm20200803000000120IMPGS01GL.nc
Processing ../../../datasets/GIRAFE/daily/2020/08/PREdm20200804000000120IMPGS01GL.nc
Processing ../../../datasets/GIRAFE/daily/2020/08/PREdm20200805000000120IMPGS01GL.nc
Processing ../../../datasets/GIRAFE/daily/2020/08/PREdm20200806000000120IMPGS01GL.nc
Processing ../../../datasets/GIRAFE/daily/2020/08/PREdm20200807000000120IMPGS01GL.nc
Processing ../../../datasets/GIRAFE/daily/2020/08/PREdm20200808000000120IMPGS01GL.nc
Processing ../../../datasets/GIRAFE/daily/2020/08/PREdm20200809000000120IMPGS01GL.nc
Processing ../../../datasets/GIRAFE/daily/2020/08/PREdm20200810000000120IMPGS01GL.nc
Processing ../../../datasets/GIRAFE/daily/2020/08/PREdm20200811000000120IMPGS01GL.nc
Processing ../../../datasets/GIRAFE/daily/2020/08/PREdm20200812000000120IMPGS01GL.nc
Processing ../../../datasets/GIRAFE/daily/2020/08/PREdm20200813000000120IMPGS01GL.nc
Processing ../../../datasets/GIRAFE/daily/2020/08/PREdm20200814000000120IMPGS01GL.nc
Processing ../../../datasets/GIRAFE/daily/2020/08/PREdm20200815000000120IMPGS01GL.nc
Processing ../../../datasets/GIRAFE/daily/2020/08/PREdm20200816000000120IMPGS01GL.nc
Processing ../../../datasets/GIRAFE/daily/2020/08/PREdm20200817000000120IMPGS01GL.nc
Processing ../../../datasets/GIRAFE/daily/2020/08/PREdm20200818000000120IMPGS01GL.nc
Processing ../../../datasets/GIRAFE/daily/2020/08/PREdm20200819000000120IMPGS01GL.nc
Processing ../../../datasets/GIRAFE/daily/2020/08/PREdm20200820000000120IMPGS01GL.nc
Processing ../../../datasets/GIRAFE/daily/2020/08/PREdm20200821000000120IMPGS01GL.nc
Processing ../../../datasets/GIRAFE/daily/2020/08/PREdm20200822000000120IMPGS01GL.nc
Processing ../../../datasets/GIRAFE/daily/2020/08/PREdm20200823000000120IMPGS01GL.nc
Processing ../../../datasets/GIRAFE/daily/2020/08/PREdm20200824000000120IMPGS01GL.nc
Processing ../../../datasets/GIRAFE/daily/2020/08/PREdm20200825000000120IMPGS01GL.nc
Processing ../../../datasets/GIRAFE/daily/2020/08/PREdm20200826000000120IMPGS01GL.nc
Processing ../../../datasets/GIRAFE/daily/2020/08/PREdm20200827000000120IMPGS01GL.nc
Processing ../../../datasets/GIRAFE/daily/2020/08/PREdm20200828000000120IMPGS01GL.nc
Processing ../../../datasets/GIRAFE/daily/2020/08/PREdm20200829000000120IMPGS01GL.nc
Processing ../../../datasets/GIRAFE/daily/2020/08/PREdm20200830000000120IMPGS01GL.nc
Processing ../../../datasets/GIRAFE/daily/2020/08/PREdm20200831000000120IMPGS01GL.nc
Processing ../../../datasets/GIRAFE/daily/2020/09/PREdm20200901000000120IMPGS01GL.nc
Processing ../../../datasets/GIRAFE/daily/2020/09/PREdm20200902000000120IMPGS01GL.nc
Processing ../../../datasets/GIRAFE/daily/2020/09/PREdm20200903000000120IMPGS01GL.nc
Processing ../../../datasets/GIRAFE/daily/2020/09/PREdm20200904000000120IMPGS01GL.nc
Processing ../../../datasets/GIRAFE/daily/2020/09/PREdm20200905000000120IMPGS01GL.nc
Processing ../../../datasets/GIRAFE/daily/2020/09/PREdm20200906000000120IMPGS01GL.nc
Processing ../../../datasets/GIRAFE/daily/2020/09/PREdm20200907000000120IMPGS01GL.nc
Processing ../../../datasets/GIRAFE/daily/2020/09/PREdm20200908000000120IMPGS01GL.nc
Processing ../../../datasets/GIRAFE/daily/2020/09/PREdm20200909000000120IMPGS01GL.nc
Processing ../../../datasets/GIRAFE/daily/2020/09/PREdm20200910000000120IMPGS01GL.nc
Processing ../../../datasets/GIRAFE/daily/2020/09/PREdm20200911000000120IMPGS01GL.nc
Processing ../../../datasets/GIRAFE/daily/2020/09/PREdm20200912000000120IMPGS01GL.nc
Processing ../../../datasets/GIRAFE/daily/2020/09/PREdm20200913000000120IMPGS01GL.nc
Processing ../../../datasets/GIRAFE/daily/2020/09/PREdm20200914000000120IMPGS01GL.nc
Processing ../../../datasets/GIRAFE/daily/2020/09/PREdm20200915000000120IMPGS01GL.nc
Processing ../../../datasets/GIRAFE/daily/2020/09/PREdm20200916000000120IMPGS01GL.nc
Processing ../../../datasets/GIRAFE/daily/2020/09/PREdm20200917000000120IMPGS01GL.nc
Processing ../../../datasets/GIRAFE/daily/2020/09/PREdm20200918000000120IMPGS01GL.nc
Processing ../../../datasets/GIRAFE/daily/2020/09/PREdm20200919000000120IMPGS01GL.nc
Processing ../../../datasets/GIRAFE/daily/2020/09/PREdm20200920000000120IMPGS01GL.nc
Processing ../../../datasets/GIRAFE/daily/2020/09/PREdm20200921000000120IMPGS01GL.nc
Processing ../../../datasets/GIRAFE/daily/2020/09/PREdm20200922000000120IMPGS01GL.nc
Processing ../../../datasets/GIRAFE/daily/2020/09/PREdm20200923000000120IMPGS01GL.nc
Processing ../../../datasets/GIRAFE/daily/2020/09/PREdm20200924000000120IMPGS01GL.nc
Processing ../../../datasets/GIRAFE/daily/2020/09/PREdm20200925000000120IMPGS01GL.nc
Processing ../../../datasets/GIRAFE/daily/2020/09/PREdm20200926000000120IMPGS01GL.nc
Processing ../../../datasets/GIRAFE/daily/2020/09/PREdm20200927000000120IMPGS01GL.nc
Processing ../../../datasets/GIRAFE/daily/2020/09/PREdm20200928000000120IMPGS01GL.nc
Processing ../../../datasets/GIRAFE/daily/2020/09/PREdm20200929000000120IMPGS01GL.nc
Processing ../../../datasets/GIRAFE/daily/2020/09/PREdm20200930000000120IMPGS01GL.nc
Processing ../../../datasets/GIRAFE/daily/2020/10/PREdm20201001000000120IMPGS01GL.nc
Processing ../../../datasets/GIRAFE/daily/2020/10/PREdm20201002000000120IMPGS01GL.nc
Processing ../../../datasets/GIRAFE/daily/2020/10/PREdm20201003000000120IMPGS01GL.nc
Processing ../../../datasets/GIRAFE/daily/2020/10/PREdm20201004000000120IMPGS01GL.nc
Processing ../../../datasets/GIRAFE/daily/2020/10/PREdm20201005000000120IMPGS01GL.nc
Processing ../../../datasets/GIRAFE/daily/2020/10/PREdm20201006000000120IMPGS01GL.nc
Processing ../../../datasets/GIRAFE/daily/2020/10/PREdm20201007000000120IMPGS01GL.nc
Processing ../../../datasets/GIRAFE/daily/2020/10/PREdm20201008000000120IMPGS01GL.nc
Processing ../../../datasets/GIRAFE/daily/2020/10/PREdm20201009000000120IMPGS01GL.nc
Processing ../../../datasets/GIRAFE/daily/2020/10/PREdm20201010000000120IMPGS01GL.nc
Processing ../../../datasets/GIRAFE/daily/2020/10/PREdm20201011000000120IMPGS01GL.nc
Processing ../../../datasets/GIRAFE/daily/2020/10/PREdm20201012000000120IMPGS01GL.nc
Processing ../../../datasets/GIRAFE/daily/2020/10/PREdm20201013000000120IMPGS01GL.nc
Processing ../../../datasets/GIRAFE/daily/2020/10/PREdm20201014000000120IMPGS01GL.nc
Processing ../../../datasets/GIRAFE/daily/2020/10/PREdm20201015000000120IMPGS01GL.nc
Processing ../../../datasets/GIRAFE/daily/2020/10/PREdm20201016000000120IMPGS01GL.nc
Processing ../../../datasets/GIRAFE/daily/2020/10/PREdm20201017000000120IMPGS01GL.nc
Processing ../../../datasets/GIRAFE/daily/2020/10/PREdm20201018000000120IMPGS01GL.nc
Processing ../../../datasets/GIRAFE/daily/2020/10/PREdm20201019000000120IMPGS01GL.nc
Processing ../../../datasets/GIRAFE/daily/2020/10/PREdm20201020000000120IMPGS01GL.nc
Processing ../../../datasets/GIRAFE/daily/2020/10/PREdm20201021000000120IMPGS01GL.nc
Processing ../../../datasets/GIRAFE/daily/2020/10/PREdm20201022000000120IMPGS01GL.nc
Processing ../../../datasets/GIRAFE/daily/2020/10/PREdm20201023000000120IMPGS01GL.nc
Processing ../../../datasets/GIRAFE/daily/2020/10/PREdm20201024000000120IMPGS01GL.nc
Processing ../../../datasets/GIRAFE/daily/2020/10/PREdm20201025000000120IMPGS01GL.nc
Processing ../../../datasets/GIRAFE/daily/2020/10/PREdm20201026000000120IMPGS01GL.nc
Processing ../../../datasets/GIRAFE/daily/2020/10/PREdm20201027000000120IMPGS01GL.nc
Processing ../../../datasets/GIRAFE/daily/2020/10/PREdm20201028000000120IMPGS01GL.nc
Processing ../../../datasets/GIRAFE/daily/2020/10/PREdm20201029000000120IMPGS01GL.nc
Processing ../../../datasets/GIRAFE/daily/2020/10/PREdm20201030000000120IMPGS01GL.nc
Processing ../../../datasets/GIRAFE/daily/2020/10/PREdm20201031000000120IMPGS01GL.nc
Processing ../../../datasets/GIRAFE/daily/2020/11/PREdm20201101000000120IMPGS01GL.nc
Processing ../../../datasets/GIRAFE/daily/2020/11/PREdm20201102000000120IMPGS01GL.nc
Processing ../../../datasets/GIRAFE/daily/2020/11/PREdm20201103000000120IMPGS01GL.nc
Processing ../../../datasets/GIRAFE/daily/2020/11/PREdm20201104000000120IMPGS01GL.nc
Processing ../../../datasets/GIRAFE/daily/2020/11/PREdm20201105000000120IMPGS01GL.nc
Processing ../../../datasets/GIRAFE/daily/2020/11/PREdm20201106000000120IMPGS01GL.nc
Processing ../../../datasets/GIRAFE/daily/2020/11/PREdm20201107000000120IMPGS01GL.nc
Processing ../../../datasets/GIRAFE/daily/2020/11/PREdm20201108000000120IMPGS01GL.nc
Processing ../../../datasets/GIRAFE/daily/2020/11/PREdm20201109000000120IMPGS01GL.nc
Processing ../../../datasets/GIRAFE/daily/2020/11/PREdm20201110000000120IMPGS01GL.nc
Processing ../../../datasets/GIRAFE/daily/2020/11/PREdm20201111000000120IMPGS01GL.nc
Processing ../../../datasets/GIRAFE/daily/2020/11/PREdm20201112000000120IMPGS01GL.nc
Processing ../../../datasets/GIRAFE/daily/2020/11/PREdm20201113000000120IMPGS01GL.nc
Processing ../../../datasets/GIRAFE/daily/2020/11/PREdm20201114000000120IMPGS01GL.nc
Processing ../../../datasets/GIRAFE/daily/2020/11/PREdm20201115000000120IMPGS01GL.nc
Processing ../../../datasets/GIRAFE/daily/2020/11/PREdm20201116000000120IMPGS01GL.nc
Processing ../../../datasets/GIRAFE/daily/2020/11/PREdm20201117000000120IMPGS01GL.nc
Processing ../../../datasets/GIRAFE/daily/2020/11/PREdm20201118000000120IMPGS01GL.nc
Processing ../../../datasets/GIRAFE/daily/2020/11/PREdm20201119000000120IMPGS01GL.nc
Processing ../../../datasets/GIRAFE/daily/2020/11/PREdm20201120000000120IMPGS01GL.nc
Processing ../../../datasets/GIRAFE/daily/2020/11/PREdm20201121000000120IMPGS01GL.nc
Processing ../../../datasets/GIRAFE/daily/2020/11/PREdm20201122000000120IMPGS01GL.nc
Processing ../../../datasets/GIRAFE/daily/2020/11/PREdm20201123000000120IMPGS01GL.nc
Processing ../../../datasets/GIRAFE/daily/2020/11/PREdm20201124000000120IMPGS01GL.nc
Processing ../../../datasets/GIRAFE/daily/2020/11/PREdm20201125000000120IMPGS01GL.nc
Processing ../../../datasets/GIRAFE/daily/2020/11/PREdm20201126000000120IMPGS01GL.nc
Processing ../../../datasets/GIRAFE/daily/2020/11/PREdm20201127000000120IMPGS01GL.nc
Processing ../../../datasets/GIRAFE/daily/2020/11/PREdm20201128000000120IMPGS01GL.nc
Processing ../../../datasets/GIRAFE/daily/2020/11/PREdm20201129000000120IMPGS01GL.nc
Processing ../../../datasets/GIRAFE/daily/2020/11/PREdm20201130000000120IMPGS01GL.nc
Processing ../../../datasets/GIRAFE/daily/2020/12/PREdm20201201000000120IMPGS01GL.nc
Processing ../../../datasets/GIRAFE/daily/2020/12/PREdm20201202000000120IMPGS01GL.nc
Processing ../../../datasets/GIRAFE/daily/2020/12/PREdm20201203000000120IMPGS01GL.nc
Processing ../../../datasets/GIRAFE/daily/2020/12/PREdm20201204000000120IMPGS01GL.nc
Processing ../../../datasets/GIRAFE/daily/2020/12/PREdm20201205000000120IMPGS01GL.nc
Processing ../../../datasets/GIRAFE/daily/2020/12/PREdm20201206000000120IMPGS01GL.nc
Processing ../../../datasets/GIRAFE/daily/2020/12/PREdm20201207000000120IMPGS01GL.nc
Processing ../../../datasets/GIRAFE/daily/2020/12/PREdm20201208000000120IMPGS01GL.nc
Processing ../../../datasets/GIRAFE/daily/2020/12/PREdm20201209000000120IMPGS01GL.nc
Processing ../../../datasets/GIRAFE/daily/2020/12/PREdm20201210000000120IMPGS01GL.nc
Processing ../../../datasets/GIRAFE/daily/2020/12/PREdm20201211000000120IMPGS01GL.nc
Processing ../../../datasets/GIRAFE/daily/2020/12/PREdm20201212000000120IMPGS01GL.nc
Processing ../../../datasets/GIRAFE/daily/2020/12/PREdm20201213000000120IMPGS01GL.nc
Processing ../../../datasets/GIRAFE/daily/2020/12/PREdm20201214000000120IMPGS01GL.nc
Processing ../../../datasets/GIRAFE/daily/2020/12/PREdm20201215000000120IMPGS01GL.nc
Processing ../../../datasets/GIRAFE/daily/2020/12/PREdm20201216000000120IMPGS01GL.nc
Processing ../../../datasets/GIRAFE/daily/2020/12/PREdm20201217000000120IMPGS01GL.nc
Processing ../../../datasets/GIRAFE/daily/2020/12/PREdm20201218000000120IMPGS01GL.nc
Processing ../../../datasets/GIRAFE/daily/2020/12/PREdm20201219000000120IMPGS01GL.nc
Processing ../../../datasets/GIRAFE/daily/2020/12/PREdm20201220000000120IMPGS01GL.nc
Processing ../../../datasets/GIRAFE/daily/2020/12/PREdm20201221000000120IMPGS01GL.nc
Processing ../../../datasets/GIRAFE/daily/2020/12/PREdm20201222000000120IMPGS01GL.nc
Processing ../../../datasets/GIRAFE/daily/2020/12/PREdm20201223000000120IMPGS01GL.nc
Processing ../../../datasets/GIRAFE/daily/2020/12/PREdm20201224000000120IMPGS01GL.nc
Processing ../../../datasets/GIRAFE/daily/2020/12/PREdm20201225000000120IMPGS01GL.nc
Processing ../../../datasets/GIRAFE/daily/2020/12/PREdm20201226000000120IMPGS01GL.nc
Processing ../../../datasets/GIRAFE/daily/2020/12/PREdm20201227000000120IMPGS01GL.nc
Processing ../../../datasets/GIRAFE/daily/2020/12/PREdm20201228000000120IMPGS01GL.nc
Processing ../../../datasets/GIRAFE/daily/2020/12/PREdm20201229000000120IMPGS01GL.nc
Processing ../../../datasets/GIRAFE/daily/2020/12/PREdm20201230000000120IMPGS01GL.nc
Processing ../../../datasets/GIRAFE/daily/2020/12/PREdm20201231000000120IMPGS01GL.nc
Processing ../../../datasets/GIRAFE/daily/2021/01/PREdm20210101000000120IMPGS01GL.nc
Processing ../../../datasets/GIRAFE/daily/2021/01/PREdm20210102000000120IMPGS01GL.nc
Processing ../../../datasets/GIRAFE/daily/2021/01/PREdm20210103000000120IMPGS01GL.nc
Processing ../../../datasets/GIRAFE/daily/2021/01/PREdm20210104000000120IMPGS01GL.nc
Processing ../../../datasets/GIRAFE/daily/2021/01/PREdm20210105000000120IMPGS01GL.nc
Processing ../../../datasets/GIRAFE/daily/2021/01/PREdm20210106000000120IMPGS01GL.nc
Processing ../../../datasets/GIRAFE/daily/2021/01/PREdm20210107000000120IMPGS01GL.nc
Processing ../../../datasets/GIRAFE/daily/2021/01/PREdm20210108000000120IMPGS01GL.nc
Processing ../../../datasets/GIRAFE/daily/2021/01/PREdm20210109000000120IMPGS01GL.nc
Processing ../../../datasets/GIRAFE/daily/2021/01/PREdm20210110000000120IMPGS01GL.nc
Processing ../../../datasets/GIRAFE/daily/2021/01/PREdm20210111000000120IMPGS01GL.nc
Processing ../../../datasets/GIRAFE/daily/2021/01/PREdm20210112000000120IMPGS01GL.nc
Processing ../../../datasets/GIRAFE/daily/2021/01/PREdm20210113000000120IMPGS01GL.nc
Processing ../../../datasets/GIRAFE/daily/2021/01/PREdm20210114000000120IMPGS01GL.nc
Processing ../../../datasets/GIRAFE/daily/2021/01/PREdm20210115000000120IMPGS01GL.nc
Processing ../../../datasets/GIRAFE/daily/2021/01/PREdm20210116000000120IMPGS01GL.nc
Processing ../../../datasets/GIRAFE/daily/2021/01/PREdm20210117000000120IMPGS01GL.nc
Processing ../../../datasets/GIRAFE/daily/2021/01/PREdm20210118000000120IMPGS01GL.nc
Processing ../../../datasets/GIRAFE/daily/2021/01/PREdm20210119000000120IMPGS01GL.nc
Processing ../../../datasets/GIRAFE/daily/2021/01/PREdm20210120000000120IMPGS01GL.nc
Processing ../../../datasets/GIRAFE/daily/2021/01/PREdm20210121000000120IMPGS01GL.nc
Processing ../../../datasets/GIRAFE/daily/2021/01/PREdm20210122000000120IMPGS01GL.nc
Processing ../../../datasets/GIRAFE/daily/2021/01/PREdm20210123000000120IMPGS01GL.nc
Processing ../../../datasets/GIRAFE/daily/2021/01/PREdm20210124000000120IMPGS01GL.nc
Processing ../../../datasets/GIRAFE/daily/2021/01/PREdm20210125000000120IMPGS01GL.nc
Processing ../../../datasets/GIRAFE/daily/2021/01/PREdm20210126000000120IMPGS01GL.nc
Processing ../../../datasets/GIRAFE/daily/2021/01/PREdm20210127000000120IMPGS01GL.nc
Processing ../../../datasets/GIRAFE/daily/2021/01/PREdm20210128000000120IMPGS01GL.nc
Processing ../../../datasets/GIRAFE/daily/2021/01/PREdm20210129000000120IMPGS01GL.nc
Processing ../../../datasets/GIRAFE/daily/2021/01/PREdm20210130000000120IMPGS01GL.nc
Processing ../../../datasets/GIRAFE/daily/2021/01/PREdm20210131000000120IMPGS01GL.nc
Processing ../../../datasets/GIRAFE/daily/2021/02/PREdm20210201000000120IMPGS01GL.nc
Processing ../../../datasets/GIRAFE/daily/2021/02/PREdm20210202000000120IMPGS01GL.nc
Processing ../../../datasets/GIRAFE/daily/2021/02/PREdm20210203000000120IMPGS01GL.nc
Processing ../../../datasets/GIRAFE/daily/2021/02/PREdm20210204000000120IMPGS01GL.nc
Processing ../../../datasets/GIRAFE/daily/2021/02/PREdm20210205000000120IMPGS01GL.nc
Processing ../../../datasets/GIRAFE/daily/2021/02/PREdm20210206000000120IMPGS01GL.nc
Processing ../../../datasets/GIRAFE/daily/2021/02/PREdm20210207000000120IMPGS01GL.nc
Processing ../../../datasets/GIRAFE/daily/2021/02/PREdm20210208000000120IMPGS01GL.nc
Processing ../../../datasets/GIRAFE/daily/2021/02/PREdm20210209000000120IMPGS01GL.nc
Processing ../../../datasets/GIRAFE/daily/2021/02/PREdm20210210000000120IMPGS01GL.nc
Processing ../../../datasets/GIRAFE/daily/2021/02/PREdm20210211000000120IMPGS01GL.nc
Processing ../../../datasets/GIRAFE/daily/2021/02/PREdm20210212000000120IMPGS01GL.nc
Processing ../../../datasets/GIRAFE/daily/2021/02/PREdm20210213000000120IMPGS01GL.nc
Processing ../../../datasets/GIRAFE/daily/2021/02/PREdm20210214000000120IMPGS01GL.nc
Processing ../../../datasets/GIRAFE/daily/2021/02/PREdm20210215000000120IMPGS01GL.nc
Processing ../../../datasets/GIRAFE/daily/2021/02/PREdm20210216000000120IMPGS01GL.nc
Processing ../../../datasets/GIRAFE/daily/2021/02/PREdm20210217000000120IMPGS01GL.nc
Processing ../../../datasets/GIRAFE/daily/2021/02/PREdm20210218000000120IMPGS01GL.nc
Processing ../../../datasets/GIRAFE/daily/2021/02/PREdm20210219000000120IMPGS01GL.nc
Processing ../../../datasets/GIRAFE/daily/2021/02/PREdm20210220000000120IMPGS01GL.nc
Processing ../../../datasets/GIRAFE/daily/2021/02/PREdm20210221000000120IMPGS01GL.nc
Processing ../../../datasets/GIRAFE/daily/2021/02/PREdm20210222000000120IMPGS01GL.nc
Processing ../../../datasets/GIRAFE/daily/2021/02/PREdm20210223000000120IMPGS01GL.nc
Processing ../../../datasets/GIRAFE/daily/2021/02/PREdm20210224000000120IMPGS01GL.nc
Processing ../../../datasets/GIRAFE/daily/2021/02/PREdm20210225000000120IMPGS01GL.nc
Processing ../../../datasets/GIRAFE/daily/2021/02/PREdm20210226000000120IMPGS01GL.nc
Processing ../../../datasets/GIRAFE/daily/2021/02/PREdm20210227000000120IMPGS01GL.nc
Processing ../../../datasets/GIRAFE/daily/2021/02/PREdm20210228000000120IMPGS01GL.nc
Processing ../../../datasets/GIRAFE/daily/2021/03/PREdm20210301000000120IMPGS01GL.nc
Processing ../../../datasets/GIRAFE/daily/2021/03/PREdm20210302000000120IMPGS01GL.nc
Processing ../../../datasets/GIRAFE/daily/2021/03/PREdm20210303000000120IMPGS01GL.nc
Processing ../../../datasets/GIRAFE/daily/2021/03/PREdm20210304000000120IMPGS01GL.nc
Processing ../../../datasets/GIRAFE/daily/2021/03/PREdm20210305000000120IMPGS01GL.nc
Processing ../../../datasets/GIRAFE/daily/2021/03/PREdm20210306000000120IMPGS01GL.nc
Processing ../../../datasets/GIRAFE/daily/2021/03/PREdm20210307000000120IMPGS01GL.nc
Processing ../../../datasets/GIRAFE/daily/2021/03/PREdm20210308000000120IMPGS01GL.nc
Processing ../../../datasets/GIRAFE/daily/2021/03/PREdm20210309000000120IMPGS01GL.nc
Processing ../../../datasets/GIRAFE/daily/2021/03/PREdm20210310000000120IMPGS01GL.nc
Processing ../../../datasets/GIRAFE/daily/2021/03/PREdm20210311000000120IMPGS01GL.nc
Processing ../../../datasets/GIRAFE/daily/2021/03/PREdm20210312000000120IMPGS01GL.nc
Processing ../../../datasets/GIRAFE/daily/2021/03/PREdm20210313000000120IMPGS01GL.nc
Processing ../../../datasets/GIRAFE/daily/2021/03/PREdm20210314000000120IMPGS01GL.nc
Processing ../../../datasets/GIRAFE/daily/2021/03/PREdm20210315000000120IMPGS01GL.nc
Processing ../../../datasets/GIRAFE/daily/2021/03/PREdm20210316000000120IMPGS01GL.nc
Processing ../../../datasets/GIRAFE/daily/2021/03/PREdm20210317000000120IMPGS01GL.nc
Processing ../../../datasets/GIRAFE/daily/2021/03/PREdm20210318000000120IMPGS01GL.nc
Processing ../../../datasets/GIRAFE/daily/2021/03/PREdm20210319000000120IMPGS01GL.nc
Processing ../../../datasets/GIRAFE/daily/2021/03/PREdm20210320000000120IMPGS01GL.nc
Processing ../../../datasets/GIRAFE/daily/2021/03/PREdm20210321000000120IMPGS01GL.nc
Processing ../../../datasets/GIRAFE/daily/2021/03/PREdm20210322000000120IMPGS01GL.nc
Processing ../../../datasets/GIRAFE/daily/2021/03/PREdm20210323000000120IMPGS01GL.nc
Processing ../../../datasets/GIRAFE/daily/2021/03/PREdm20210324000000120IMPGS01GL.nc
Processing ../../../datasets/GIRAFE/daily/2021/03/PREdm20210325000000120IMPGS01GL.nc
Processing ../../../datasets/GIRAFE/daily/2021/03/PREdm20210326000000120IMPGS01GL.nc
Processing ../../../datasets/GIRAFE/daily/2021/03/PREdm20210327000000120IMPGS01GL.nc
Processing ../../../datasets/GIRAFE/daily/2021/03/PREdm20210328000000120IMPGS01GL.nc
Processing ../../../datasets/GIRAFE/daily/2021/03/PREdm20210329000000120IMPGS01GL.nc
Processing ../../../datasets/GIRAFE/daily/2021/03/PREdm20210330000000120IMPGS01GL.nc
Processing ../../../datasets/GIRAFE/daily/2021/03/PREdm20210331000000120IMPGS01GL.nc
Processing ../../../datasets/GIRAFE/daily/2021/04/PREdm20210401000000120IMPGS01GL.nc
Processing ../../../datasets/GIRAFE/daily/2021/04/PREdm20210402000000120IMPGS01GL.nc
Processing ../../../datasets/GIRAFE/daily/2021/04/PREdm20210403000000120IMPGS01GL.nc
Processing ../../../datasets/GIRAFE/daily/2021/04/PREdm20210404000000120IMPGS01GL.nc
Processing ../../../datasets/GIRAFE/daily/2021/04/PREdm20210405000000120IMPGS01GL.nc
Processing ../../../datasets/GIRAFE/daily/2021/04/PREdm20210406000000120IMPGS01GL.nc
Processing ../../../datasets/GIRAFE/daily/2021/04/PREdm20210407000000120IMPGS01GL.nc
Processing ../../../datasets/GIRAFE/daily/2021/04/PREdm20210408000000120IMPGS01GL.nc
Processing ../../../datasets/GIRAFE/daily/2021/04/PREdm20210409000000120IMPGS01GL.nc
Processing ../../../datasets/GIRAFE/daily/2021/04/PREdm20210410000000120IMPGS01GL.nc
Processing ../../../datasets/GIRAFE/daily/2021/04/PREdm20210411000000120IMPGS01GL.nc
Processing ../../../datasets/GIRAFE/daily/2021/04/PREdm20210412000000120IMPGS01GL.nc
Processing ../../../datasets/GIRAFE/daily/2021/04/PREdm20210413000000120IMPGS01GL.nc
Processing ../../../datasets/GIRAFE/daily/2021/04/PREdm20210414000000120IMPGS01GL.nc
Processing ../../../datasets/GIRAFE/daily/2021/04/PREdm20210415000000120IMPGS01GL.nc
Processing ../../../datasets/GIRAFE/daily/2021/04/PREdm20210416000000120IMPGS01GL.nc
Processing ../../../datasets/GIRAFE/daily/2021/04/PREdm20210417000000120IMPGS01GL.nc
Processing ../../../datasets/GIRAFE/daily/2021/04/PREdm20210418000000120IMPGS01GL.nc
Processing ../../../datasets/GIRAFE/daily/2021/04/PREdm20210419000000120IMPGS01GL.nc
Processing ../../../datasets/GIRAFE/daily/2021/04/PREdm20210420000000120IMPGS01GL.nc
Processing ../../../datasets/GIRAFE/daily/2021/04/PREdm20210421000000120IMPGS01GL.nc
Processing ../../../datasets/GIRAFE/daily/2021/04/PREdm20210422000000120IMPGS01GL.nc
Processing ../../../datasets/GIRAFE/daily/2021/04/PREdm20210423000000120IMPGS01GL.nc
Processing ../../../datasets/GIRAFE/daily/2021/04/PREdm20210424000000120IMPGS01GL.nc
Processing ../../../datasets/GIRAFE/daily/2021/04/PREdm20210425000000120IMPGS01GL.nc
Processing ../../../datasets/GIRAFE/daily/2021/04/PREdm20210426000000120IMPGS01GL.nc
Processing ../../../datasets/GIRAFE/daily/2021/04/PREdm20210427000000120IMPGS01GL.nc
Processing ../../../datasets/GIRAFE/daily/2021/04/PREdm20210428000000120IMPGS01GL.nc
Processing ../../../datasets/GIRAFE/daily/2021/04/PREdm20210429000000120IMPGS01GL.nc
Processing ../../../datasets/GIRAFE/daily/2021/04/PREdm20210430000000120IMPGS01GL.nc
Processing ../../../datasets/GIRAFE/daily/2021/05/PREdm20210501000000120IMPGS01GL.nc
Processing ../../../datasets/GIRAFE/daily/2021/05/PREdm20210502000000120IMPGS01GL.nc
Processing ../../../datasets/GIRAFE/daily/2021/05/PREdm20210503000000120IMPGS01GL.nc
Processing ../../../datasets/GIRAFE/daily/2021/05/PREdm20210504000000120IMPGS01GL.nc
Processing ../../../datasets/GIRAFE/daily/2021/05/PREdm20210505000000120IMPGS01GL.nc
Processing ../../../datasets/GIRAFE/daily/2021/05/PREdm20210506000000120IMPGS01GL.nc
Processing ../../../datasets/GIRAFE/daily/2021/05/PREdm20210507000000120IMPGS01GL.nc
Processing ../../../datasets/GIRAFE/daily/2021/05/PREdm20210508000000120IMPGS01GL.nc
Processing ../../../datasets/GIRAFE/daily/2021/05/PREdm20210509000000120IMPGS01GL.nc
Processing ../../../datasets/GIRAFE/daily/2021/05/PREdm20210510000000120IMPGS01GL.nc
Processing ../../../datasets/GIRAFE/daily/2021/05/PREdm20210511000000120IMPGS01GL.nc
Processing ../../../datasets/GIRAFE/daily/2021/05/PREdm20210512000000120IMPGS01GL.nc
Processing ../../../datasets/GIRAFE/daily/2021/05/PREdm20210513000000120IMPGS01GL.nc
Processing ../../../datasets/GIRAFE/daily/2021/05/PREdm20210514000000120IMPGS01GL.nc
Processing ../../../datasets/GIRAFE/daily/2021/05/PREdm20210515000000120IMPGS01GL.nc
Processing ../../../datasets/GIRAFE/daily/2021/05/PREdm20210516000000120IMPGS01GL.nc
Processing ../../../datasets/GIRAFE/daily/2021/05/PREdm20210517000000120IMPGS01GL.nc
Processing ../../../datasets/GIRAFE/daily/2021/05/PREdm20210518000000120IMPGS01GL.nc
Processing ../../../datasets/GIRAFE/daily/2021/05/PREdm20210519000000120IMPGS01GL.nc
Processing ../../../datasets/GIRAFE/daily/2021/05/PREdm20210520000000120IMPGS01GL.nc
Processing ../../../datasets/GIRAFE/daily/2021/05/PREdm20210521000000120IMPGS01GL.nc
Processing ../../../datasets/GIRAFE/daily/2021/05/PREdm20210522000000120IMPGS01GL.nc
Processing ../../../datasets/GIRAFE/daily/2021/05/PREdm20210523000000120IMPGS01GL.nc
Processing ../../../datasets/GIRAFE/daily/2021/05/PREdm20210524000000120IMPGS01GL.nc
Processing ../../../datasets/GIRAFE/daily/2021/05/PREdm20210525000000120IMPGS01GL.nc
Processing ../../../datasets/GIRAFE/daily/2021/05/PREdm20210526000000120IMPGS01GL.nc
Processing ../../../datasets/GIRAFE/daily/2021/05/PREdm20210527000000120IMPGS01GL.nc
Processing ../../../datasets/GIRAFE/daily/2021/05/PREdm20210528000000120IMPGS01GL.nc
Processing ../../../datasets/GIRAFE/daily/2021/05/PREdm20210529000000120IMPGS01GL.nc
Processing ../../../datasets/GIRAFE/daily/2021/05/PREdm20210530000000120IMPGS01GL.nc
Processing ../../../datasets/GIRAFE/daily/2021/05/PREdm20210531000000120IMPGS01GL.nc
Processing ../../../datasets/GIRAFE/daily/2021/06/PREdm20210601000000120IMPGS01GL.nc
Processing ../../../datasets/GIRAFE/daily/2021/06/PREdm20210602000000120IMPGS01GL.nc
Processing ../../../datasets/GIRAFE/daily/2021/06/PREdm20210603000000120IMPGS01GL.nc
Processing ../../../datasets/GIRAFE/daily/2021/06/PREdm20210604000000120IMPGS01GL.nc
Processing ../../../datasets/GIRAFE/daily/2021/06/PREdm20210605000000120IMPGS01GL.nc
Processing ../../../datasets/GIRAFE/daily/2021/06/PREdm20210606000000120IMPGS01GL.nc
Processing ../../../datasets/GIRAFE/daily/2021/06/PREdm20210607000000120IMPGS01GL.nc
Processing ../../../datasets/GIRAFE/daily/2021/06/PREdm20210608000000120IMPGS01GL.nc
Processing ../../../datasets/GIRAFE/daily/2021/06/PREdm20210609000000120IMPGS01GL.nc
Processing ../../../datasets/GIRAFE/daily/2021/06/PREdm20210610000000120IMPGS01GL.nc
Processing ../../../datasets/GIRAFE/daily/2021/06/PREdm20210611000000120IMPGS01GL.nc
Processing ../../../datasets/GIRAFE/daily/2021/06/PREdm20210612000000120IMPGS01GL.nc
Processing ../../../datasets/GIRAFE/daily/2021/06/PREdm20210613000000120IMPGS01GL.nc
Processing ../../../datasets/GIRAFE/daily/2021/06/PREdm20210614000000120IMPGS01GL.nc
Processing ../../../datasets/GIRAFE/daily/2021/06/PREdm20210615000000120IMPGS01GL.nc
Processing ../../../datasets/GIRAFE/daily/2021/06/PREdm20210616000000120IMPGS01GL.nc
Processing ../../../datasets/GIRAFE/daily/2021/06/PREdm20210617000000120IMPGS01GL.nc
Processing ../../../datasets/GIRAFE/daily/2021/06/PREdm20210618000000120IMPGS01GL.nc
Processing ../../../datasets/GIRAFE/daily/2021/06/PREdm20210619000000120IMPGS01GL.nc
Processing ../../../datasets/GIRAFE/daily/2021/06/PREdm20210620000000120IMPGS01GL.nc
Processing ../../../datasets/GIRAFE/daily/2021/06/PREdm20210621000000120IMPGS01GL.nc
Processing ../../../datasets/GIRAFE/daily/2021/06/PREdm20210622000000120IMPGS01GL.nc
Processing ../../../datasets/GIRAFE/daily/2021/06/PREdm20210623000000120IMPGS01GL.nc
Processing ../../../datasets/GIRAFE/daily/2021/06/PREdm20210624000000120IMPGS01GL.nc
Processing ../../../datasets/GIRAFE/daily/2021/06/PREdm20210625000000120IMPGS01GL.nc
Processing ../../../datasets/GIRAFE/daily/2021/06/PREdm20210626000000120IMPGS01GL.nc
Processing ../../../datasets/GIRAFE/daily/2021/06/PREdm20210627000000120IMPGS01GL.nc
Processing ../../../datasets/GIRAFE/daily/2021/06/PREdm20210628000000120IMPGS01GL.nc
Processing ../../../datasets/GIRAFE/daily/2021/06/PREdm20210629000000120IMPGS01GL.nc
Processing ../../../datasets/GIRAFE/daily/2021/06/PREdm20210630000000120IMPGS01GL.nc
Processing ../../../datasets/GIRAFE/daily/2021/07/PREdm20210701000000120IMPGS01GL.nc
Processing ../../../datasets/GIRAFE/daily/2021/07/PREdm20210702000000120IMPGS01GL.nc
Processing ../../../datasets/GIRAFE/daily/2021/07/PREdm20210703000000120IMPGS01GL.nc
Processing ../../../datasets/GIRAFE/daily/2021/07/PREdm20210704000000120IMPGS01GL.nc
Processing ../../../datasets/GIRAFE/daily/2021/07/PREdm20210705000000120IMPGS01GL.nc
Processing ../../../datasets/GIRAFE/daily/2021/07/PREdm20210706000000120IMPGS01GL.nc
Processing ../../../datasets/GIRAFE/daily/2021/07/PREdm20210707000000120IMPGS01GL.nc
Processing ../../../datasets/GIRAFE/daily/2021/07/PREdm20210708000000120IMPGS01GL.nc
Processing ../../../datasets/GIRAFE/daily/2021/07/PREdm20210709000000120IMPGS01GL.nc
Processing ../../../datasets/GIRAFE/daily/2021/07/PREdm20210710000000120IMPGS01GL.nc
Processing ../../../datasets/GIRAFE/daily/2021/07/PREdm20210711000000120IMPGS01GL.nc
Processing ../../../datasets/GIRAFE/daily/2021/07/PREdm20210712000000120IMPGS01GL.nc
Processing ../../../datasets/GIRAFE/daily/2021/07/PREdm20210713000000120IMPGS01GL.nc
Processing ../../../datasets/GIRAFE/daily/2021/07/PREdm20210714000000120IMPGS01GL.nc
Processing ../../../datasets/GIRAFE/daily/2021/07/PREdm20210715000000120IMPGS01GL.nc
Processing ../../../datasets/GIRAFE/daily/2021/07/PREdm20210716000000120IMPGS01GL.nc
Processing ../../../datasets/GIRAFE/daily/2021/07/PREdm20210717000000120IMPGS01GL.nc
Processing ../../../datasets/GIRAFE/daily/2021/07/PREdm20210718000000120IMPGS01GL.nc
Processing ../../../datasets/GIRAFE/daily/2021/07/PREdm20210719000000120IMPGS01GL.nc
Processing ../../../datasets/GIRAFE/daily/2021/07/PREdm20210720000000120IMPGS01GL.nc
Processing ../../../datasets/GIRAFE/daily/2021/07/PREdm20210721000000120IMPGS01GL.nc
Processing ../../../datasets/GIRAFE/daily/2021/07/PREdm20210722000000120IMPGS01GL.nc
Processing ../../../datasets/GIRAFE/daily/2021/07/PREdm20210723000000120IMPGS01GL.nc
Processing ../../../datasets/GIRAFE/daily/2021/07/PREdm20210724000000120IMPGS01GL.nc
Processing ../../../datasets/GIRAFE/daily/2021/07/PREdm20210725000000120IMPGS01GL.nc
Processing ../../../datasets/GIRAFE/daily/2021/07/PREdm20210726000000120IMPGS01GL.nc
Processing ../../../datasets/GIRAFE/daily/2021/07/PREdm20210727000000120IMPGS01GL.nc
Processing ../../../datasets/GIRAFE/daily/2021/07/PREdm20210728000000120IMPGS01GL.nc
Processing ../../../datasets/GIRAFE/daily/2021/07/PREdm20210729000000120IMPGS01GL.nc
Processing ../../../datasets/GIRAFE/daily/2021/07/PREdm20210730000000120IMPGS01GL.nc
Processing ../../../datasets/GIRAFE/daily/2021/07/PREdm20210731000000120IMPGS01GL.nc
Processing ../../../datasets/GIRAFE/daily/2021/08/PREdm20210801000000120IMPGS01GL.nc
Processing ../../../datasets/GIRAFE/daily/2021/08/PREdm20210802000000120IMPGS01GL.nc
Processing ../../../datasets/GIRAFE/daily/2021/08/PREdm20210803000000120IMPGS01GL.nc
Processing ../../../datasets/GIRAFE/daily/2021/08/PREdm20210804000000120IMPGS01GL.nc
Processing ../../../datasets/GIRAFE/daily/2021/08/PREdm20210805000000120IMPGS01GL.nc
Processing ../../../datasets/GIRAFE/daily/2021/08/PREdm20210806000000120IMPGS01GL.nc
Processing ../../../datasets/GIRAFE/daily/2021/08/PREdm20210807000000120IMPGS01GL.nc
Processing ../../../datasets/GIRAFE/daily/2021/08/PREdm20210808000000120IMPGS01GL.nc
Processing ../../../datasets/GIRAFE/daily/2021/08/PREdm20210809000000120IMPGS01GL.nc
Processing ../../../datasets/GIRAFE/daily/2021/08/PREdm20210810000000120IMPGS01GL.nc
Processing ../../../datasets/GIRAFE/daily/2021/08/PREdm20210811000000120IMPGS01GL.nc
Processing ../../../datasets/GIRAFE/daily/2021/08/PREdm20210812000000120IMPGS01GL.nc
Processing ../../../datasets/GIRAFE/daily/2021/08/PREdm20210813000000120IMPGS01GL.nc
Processing ../../../datasets/GIRAFE/daily/2021/08/PREdm20210814000000120IMPGS01GL.nc
Processing ../../../datasets/GIRAFE/daily/2021/08/PREdm20210815000000120IMPGS01GL.nc
Processing ../../../datasets/GIRAFE/daily/2021/08/PREdm20210816000000120IMPGS01GL.nc
Processing ../../../datasets/GIRAFE/daily/2021/08/PREdm20210817000000120IMPGS01GL.nc
Processing ../../../datasets/GIRAFE/daily/2021/08/PREdm20210818000000120IMPGS01GL.nc
Processing ../../../datasets/GIRAFE/daily/2021/08/PREdm20210819000000120IMPGS01GL.nc
Processing ../../../datasets/GIRAFE/daily/2021/08/PREdm20210820000000120IMPGS01GL.nc
Processing ../../../datasets/GIRAFE/daily/2021/08/PREdm20210821000000120IMPGS01GL.nc
Processing ../../../datasets/GIRAFE/daily/2021/08/PREdm20210822000000120IMPGS01GL.nc
Processing ../../../datasets/GIRAFE/daily/2021/08/PREdm20210823000000120IMPGS01GL.nc
Processing ../../../datasets/GIRAFE/daily/2021/08/PREdm20210824000000120IMPGS01GL.nc
Processing ../../../datasets/GIRAFE/daily/2021/08/PREdm20210825000000120IMPGS01GL.nc
Processing ../../../datasets/GIRAFE/daily/2021/08/PREdm20210826000000120IMPGS01GL.nc
Processing ../../../datasets/GIRAFE/daily/2021/08/PREdm20210827000000120IMPGS01GL.nc
Processing ../../../datasets/GIRAFE/daily/2021/08/PREdm20210828000000120IMPGS01GL.nc
Processing ../../../datasets/GIRAFE/daily/2021/08/PREdm20210829000000120IMPGS01GL.nc
Processing ../../../datasets/GIRAFE/daily/2021/08/PREdm20210830000000120IMPGS01GL.nc
Processing ../../../datasets/GIRAFE/daily/2021/08/PREdm20210831000000120IMPGS01GL.nc
Processing ../../../datasets/GIRAFE/daily/2021/09/PREdm20210901000000120IMPGS01GL.nc
Processing ../../../datasets/GIRAFE/daily/2021/09/PREdm20210902000000120IMPGS01GL.nc
Processing ../../../datasets/GIRAFE/daily/2021/09/PREdm20210903000000120IMPGS01GL.nc
Processing ../../../datasets/GIRAFE/daily/2021/09/PREdm20210904000000120IMPGS01GL.nc
Processing ../../../datasets/GIRAFE/daily/2021/09/PREdm20210905000000120IMPGS01GL.nc
Processing ../../../datasets/GIRAFE/daily/2021/09/PREdm20210906000000120IMPGS01GL.nc
Processing ../../../datasets/GIRAFE/daily/2021/09/PREdm20210907000000120IMPGS01GL.nc
Processing ../../../datasets/GIRAFE/daily/2021/09/PREdm20210908000000120IMPGS01GL.nc
Processing ../../../datasets/GIRAFE/daily/2021/09/PREdm20210909000000120IMPGS01GL.nc
Processing ../../../datasets/GIRAFE/daily/2021/09/PREdm20210910000000120IMPGS01GL.nc
Processing ../../../datasets/GIRAFE/daily/2021/09/PREdm20210911000000120IMPGS01GL.nc
Processing ../../../datasets/GIRAFE/daily/2021/09/PREdm20210912000000120IMPGS01GL.nc
Processing ../../../datasets/GIRAFE/daily/2021/09/PREdm20210913000000120IMPGS01GL.nc
Processing ../../../datasets/GIRAFE/daily/2021/09/PREdm20210914000000120IMPGS01GL.nc
Processing ../../../datasets/GIRAFE/daily/2021/09/PREdm20210915000000120IMPGS01GL.nc
Processing ../../../datasets/GIRAFE/daily/2021/09/PREdm20210916000000120IMPGS01GL.nc
Processing ../../../datasets/GIRAFE/daily/2021/09/PREdm20210917000000120IMPGS01GL.nc
Processing ../../../datasets/GIRAFE/daily/2021/09/PREdm20210918000000120IMPGS01GL.nc
Processing ../../../datasets/GIRAFE/daily/2021/09/PREdm20210919000000120IMPGS01GL.nc
Processing ../../../datasets/GIRAFE/daily/2021/09/PREdm20210920000000120IMPGS01GL.nc
Processing ../../../datasets/GIRAFE/daily/2021/09/PREdm20210921000000120IMPGS01GL.nc
Processing ../../../datasets/GIRAFE/daily/2021/09/PREdm20210922000000120IMPGS01GL.nc
Processing ../../../datasets/GIRAFE/daily/2021/09/PREdm20210923000000120IMPGS01GL.nc
Processing ../../../datasets/GIRAFE/daily/2021/09/PREdm20210924000000120IMPGS01GL.nc
Processing ../../../datasets/GIRAFE/daily/2021/09/PREdm20210925000000120IMPGS01GL.nc
Processing ../../../datasets/GIRAFE/daily/2021/09/PREdm20210926000000120IMPGS01GL.nc
Processing ../../../datasets/GIRAFE/daily/2021/09/PREdm20210927000000120IMPGS01GL.nc
Processing ../../../datasets/GIRAFE/daily/2021/09/PREdm20210928000000120IMPGS01GL.nc
Processing ../../../datasets/GIRAFE/daily/2021/09/PREdm20210929000000120IMPGS01GL.nc
Processing ../../../datasets/GIRAFE/daily/2021/09/PREdm20210930000000120IMPGS01GL.nc
Processing ../../../datasets/GIRAFE/daily/2021/10/PREdm20211001000000120IMPGS01GL.nc
Processing ../../../datasets/GIRAFE/daily/2021/10/PREdm20211002000000120IMPGS01GL.nc
Processing ../../../datasets/GIRAFE/daily/2021/10/PREdm20211003000000120IMPGS01GL.nc
Processing ../../../datasets/GIRAFE/daily/2021/10/PREdm20211004000000120IMPGS01GL.nc
Processing ../../../datasets/GIRAFE/daily/2021/10/PREdm20211005000000120IMPGS01GL.nc
Processing ../../../datasets/GIRAFE/daily/2021/10/PREdm20211006000000120IMPGS01GL.nc
Processing ../../../datasets/GIRAFE/daily/2021/10/PREdm20211007000000120IMPGS01GL.nc
Processing ../../../datasets/GIRAFE/daily/2021/10/PREdm20211008000000120IMPGS01GL.nc
Processing ../../../datasets/GIRAFE/daily/2021/10/PREdm20211009000000120IMPGS01GL.nc
Processing ../../../datasets/GIRAFE/daily/2021/10/PREdm20211010000000120IMPGS01GL.nc
Processing ../../../datasets/GIRAFE/daily/2021/10/PREdm20211011000000120IMPGS01GL.nc
Processing ../../../datasets/GIRAFE/daily/2021/10/PREdm20211012000000120IMPGS01GL.nc
Processing ../../../datasets/GIRAFE/daily/2021/10/PREdm20211013000000120IMPGS01GL.nc
Processing ../../../datasets/GIRAFE/daily/2021/10/PREdm20211014000000120IMPGS01GL.nc
Processing ../../../datasets/GIRAFE/daily/2021/10/PREdm20211015000000120IMPGS01GL.nc
Processing ../../../datasets/GIRAFE/daily/2021/10/PREdm20211016000000120IMPGS01GL.nc
Processing ../../../datasets/GIRAFE/daily/2021/10/PREdm20211017000000120IMPGS01GL.nc
Processing ../../../datasets/GIRAFE/daily/2021/10/PREdm20211018000000120IMPGS01GL.nc
Processing ../../../datasets/GIRAFE/daily/2021/10/PREdm20211019000000120IMPGS01GL.nc
Processing ../../../datasets/GIRAFE/daily/2021/10/PREdm20211020000000120IMPGS01GL.nc
Processing ../../../datasets/GIRAFE/daily/2021/10/PREdm20211021000000120IMPGS01GL.nc
Processing ../../../datasets/GIRAFE/daily/2021/10/PREdm20211022000000120IMPGS01GL.nc
Processing ../../../datasets/GIRAFE/daily/2021/10/PREdm20211023000000120IMPGS01GL.nc
Processing ../../../datasets/GIRAFE/daily/2021/10/PREdm20211024000000120IMPGS01GL.nc
Processing ../../../datasets/GIRAFE/daily/2021/10/PREdm20211025000000120IMPGS01GL.nc
Processing ../../../datasets/GIRAFE/daily/2021/10/PREdm20211026000000120IMPGS01GL.nc
Processing ../../../datasets/GIRAFE/daily/2021/10/PREdm20211027000000120IMPGS01GL.nc
Processing ../../../datasets/GIRAFE/daily/2021/10/PREdm20211028000000120IMPGS01GL.nc
Processing ../../../datasets/GIRAFE/daily/2021/10/PREdm20211029000000120IMPGS01GL.nc
Processing ../../../datasets/GIRAFE/daily/2021/10/PREdm20211030000000120IMPGS01GL.nc
Processing ../../../datasets/GIRAFE/daily/2021/10/PREdm20211031000000120IMPGS01GL.nc
Processing ../../../datasets/GIRAFE/daily/2021/11/PREdm20211101000000120IMPGS01GL.nc
Processing ../../../datasets/GIRAFE/daily/2021/11/PREdm20211102000000120IMPGS01GL.nc
Processing ../../../datasets/GIRAFE/daily/2021/11/PREdm20211103000000120IMPGS01GL.nc
Processing ../../../datasets/GIRAFE/daily/2021/11/PREdm20211104000000120IMPGS01GL.nc
Processing ../../../datasets/GIRAFE/daily/2021/11/PREdm20211105000000120IMPGS01GL.nc
Processing ../../../datasets/GIRAFE/daily/2021/11/PREdm20211106000000120IMPGS01GL.nc
Processing ../../../datasets/GIRAFE/daily/2021/11/PREdm20211107000000120IMPGS01GL.nc
Processing ../../../datasets/GIRAFE/daily/2021/11/PREdm20211108000000120IMPGS01GL.nc
Processing ../../../datasets/GIRAFE/daily/2021/11/PREdm20211109000000120IMPGS01GL.nc
Processing ../../../datasets/GIRAFE/daily/2021/11/PREdm20211110000000120IMPGS01GL.nc
Processing ../../../datasets/GIRAFE/daily/2021/11/PREdm20211111000000120IMPGS01GL.nc
Processing ../../../datasets/GIRAFE/daily/2021/11/PREdm20211112000000120IMPGS01GL.nc
Processing ../../../datasets/GIRAFE/daily/2021/11/PREdm20211113000000120IMPGS01GL.nc
Processing ../../../datasets/GIRAFE/daily/2021/11/PREdm20211114000000120IMPGS01GL.nc
Processing ../../../datasets/GIRAFE/daily/2021/11/PREdm20211115000000120IMPGS01GL.nc
Processing ../../../datasets/GIRAFE/daily/2021/11/PREdm20211116000000120IMPGS01GL.nc
Processing ../../../datasets/GIRAFE/daily/2021/11/PREdm20211117000000120IMPGS01GL.nc
Processing ../../../datasets/GIRAFE/daily/2021/11/PREdm20211118000000120IMPGS01GL.nc
Processing ../../../datasets/GIRAFE/daily/2021/11/PREdm20211119000000120IMPGS01GL.nc
Processing ../../../datasets/GIRAFE/daily/2021/11/PREdm20211120000000120IMPGS01GL.nc
Processing ../../../datasets/GIRAFE/daily/2021/11/PREdm20211121000000120IMPGS01GL.nc
Processing ../../../datasets/GIRAFE/daily/2021/11/PREdm20211122000000120IMPGS01GL.nc
Processing ../../../datasets/GIRAFE/daily/2021/11/PREdm20211123000000120IMPGS01GL.nc
Processing ../../../datasets/GIRAFE/daily/2021/11/PREdm20211124000000120IMPGS01GL.nc
Processing ../../../datasets/GIRAFE/daily/2021/11/PREdm20211125000000120IMPGS01GL.nc
Processing ../../../datasets/GIRAFE/daily/2021/11/PREdm20211126000000120IMPGS01GL.nc
Processing ../../../datasets/GIRAFE/daily/2021/11/PREdm20211127000000120IMPGS01GL.nc
Processing ../../../datasets/GIRAFE/daily/2021/11/PREdm20211128000000120IMPGS01GL.nc
Processing ../../../datasets/GIRAFE/daily/2021/11/PREdm20211129000000120IMPGS01GL.nc
Processing ../../../datasets/GIRAFE/daily/2021/11/PREdm20211130000000120IMPGS01GL.nc
Processing ../../../datasets/GIRAFE/daily/2021/12/PREdm20211201000000120IMPGS01GL.nc
Processing ../../../datasets/GIRAFE/daily/2021/12/PREdm20211202000000120IMPGS01GL.nc
Processing ../../../datasets/GIRAFE/daily/2021/12/PREdm20211203000000120IMPGS01GL.nc
Processing ../../../datasets/GIRAFE/daily/2021/12/PREdm20211204000000120IMPGS01GL.nc
Processing ../../../datasets/GIRAFE/daily/2021/12/PREdm20211205000000120IMPGS01GL.nc
Processing ../../../datasets/GIRAFE/daily/2021/12/PREdm20211206000000120IMPGS01GL.nc
Processing ../../../datasets/GIRAFE/daily/2021/12/PREdm20211207000000120IMPGS01GL.nc
Processing ../../../datasets/GIRAFE/daily/2021/12/PREdm20211208000000120IMPGS01GL.nc
Processing ../../../datasets/GIRAFE/daily/2021/12/PREdm20211209000000120IMPGS01GL.nc
Processing ../../../datasets/GIRAFE/daily/2021/12/PREdm20211210000000120IMPGS01GL.nc
Processing ../../../datasets/GIRAFE/daily/2021/12/PREdm20211211000000120IMPGS01GL.nc
Processing ../../../datasets/GIRAFE/daily/2021/12/PREdm20211212000000120IMPGS01GL.nc
Processing ../../../datasets/GIRAFE/daily/2021/12/PREdm20211213000000120IMPGS01GL.nc
Processing ../../../datasets/GIRAFE/daily/2021/12/PREdm20211214000000120IMPGS01GL.nc
Processing ../../../datasets/GIRAFE/daily/2021/12/PREdm20211215000000120IMPGS01GL.nc
Processing ../../../datasets/GIRAFE/daily/2021/12/PREdm20211216000000120IMPGS01GL.nc
Processing ../../../datasets/GIRAFE/daily/2021/12/PREdm20211217000000120IMPGS01GL.nc
Processing ../../../datasets/GIRAFE/daily/2021/12/PREdm20211218000000120IMPGS01GL.nc
Processing ../../../datasets/GIRAFE/daily/2021/12/PREdm20211219000000120IMPGS01GL.nc
Processing ../../../datasets/GIRAFE/daily/2021/12/PREdm20211220000000120IMPGS01GL.nc
Processing ../../../datasets/GIRAFE/daily/2021/12/PREdm20211221000000120IMPGS01GL.nc
Processing ../../../datasets/GIRAFE/daily/2021/12/PREdm20211222000000120IMPGS01GL.nc
Processing ../../../datasets/GIRAFE/daily/2021/12/PREdm20211223000000120IMPGS01GL.nc
Processing ../../../datasets/GIRAFE/daily/2021/12/PREdm20211224000000120IMPGS01GL.nc
Processing ../../../datasets/GIRAFE/daily/2021/12/PREdm20211225000000120IMPGS01GL.nc
Processing ../../../datasets/GIRAFE/daily/2021/12/PREdm20211226000000120IMPGS01GL.nc
Processing ../../../datasets/GIRAFE/daily/2021/12/PREdm20211227000000120IMPGS01GL.nc
Processing ../../../datasets/GIRAFE/daily/2021/12/PREdm20211228000000120IMPGS01GL.nc
Processing ../../../datasets/GIRAFE/daily/2021/12/PREdm20211229000000120IMPGS01GL.nc
Processing ../../../datasets/GIRAFE/daily/2021/12/PREdm20211230000000120IMPGS01GL.nc
Processing ../../../datasets/GIRAFE/daily/2021/12/PREdm20211231000000120IMPGS01GL.nc
Processing ../../../datasets/GIRAFE/daily/2022/01/PREdm20220101000000120IMPGS01GL.nc
Processing ../../../datasets/GIRAFE/daily/2022/01/PREdm20220102000000120IMPGS01GL.nc
Processing ../../../datasets/GIRAFE/daily/2022/01/PREdm20220103000000120IMPGS01GL.nc
Processing ../../../datasets/GIRAFE/daily/2022/01/PREdm20220104000000120IMPGS01GL.nc
Processing ../../../datasets/GIRAFE/daily/2022/01/PREdm20220105000000120IMPGS01GL.nc
Processing ../../../datasets/GIRAFE/daily/2022/01/PREdm20220106000000120IMPGS01GL.nc
Processing ../../../datasets/GIRAFE/daily/2022/01/PREdm20220107000000120IMPGS01GL.nc
Processing ../../../datasets/GIRAFE/daily/2022/01/PREdm20220108000000120IMPGS01GL.nc
Processing ../../../datasets/GIRAFE/daily/2022/01/PREdm20220109000000120IMPGS01GL.nc
Processing ../../../datasets/GIRAFE/daily/2022/01/PREdm20220110000000120IMPGS01GL.nc
Processing ../../../datasets/GIRAFE/daily/2022/01/PREdm20220111000000120IMPGS01GL.nc
Processing ../../../datasets/GIRAFE/daily/2022/01/PREdm20220112000000120IMPGS01GL.nc
Processing ../../../datasets/GIRAFE/daily/2022/01/PREdm20220113000000120IMPGS01GL.nc
Processing ../../../datasets/GIRAFE/daily/2022/01/PREdm20220114000000120IMPGS01GL.nc
Processing ../../../datasets/GIRAFE/daily/2022/01/PREdm20220115000000120IMPGS01GL.nc
Processing ../../../datasets/GIRAFE/daily/2022/01/PREdm20220116000000120IMPGS01GL.nc
Processing ../../../datasets/GIRAFE/daily/2022/01/PREdm20220117000000120IMPGS01GL.nc
Processing ../../../datasets/GIRAFE/daily/2022/01/PREdm20220118000000120IMPGS01GL.nc
Processing ../../../datasets/GIRAFE/daily/2022/01/PREdm20220119000000120IMPGS01GL.nc
Processing ../../../datasets/GIRAFE/daily/2022/01/PREdm20220120000000120IMPGS01GL.nc
Processing ../../../datasets/GIRAFE/daily/2022/01/PREdm20220121000000120IMPGS01GL.nc
Processing ../../../datasets/GIRAFE/daily/2022/01/PREdm20220122000000120IMPGS01GL.nc
Processing ../../../datasets/GIRAFE/daily/2022/01/PREdm20220123000000120IMPGS01GL.nc
Processing ../../../datasets/GIRAFE/daily/2022/01/PREdm20220124000000120IMPGS01GL.nc
Processing ../../../datasets/GIRAFE/daily/2022/01/PREdm20220125000000120IMPGS01GL.nc
Processing ../../../datasets/GIRAFE/daily/2022/01/PREdm20220126000000120IMPGS01GL.nc
Processing ../../../datasets/GIRAFE/daily/2022/01/PREdm20220127000000120IMPGS01GL.nc
Processing ../../../datasets/GIRAFE/daily/2022/01/PREdm20220128000000120IMPGS01GL.nc
Processing ../../../datasets/GIRAFE/daily/2022/01/PREdm20220129000000120IMPGS01GL.nc
Processing ../../../datasets/GIRAFE/daily/2022/01/PREdm20220130000000120IMPGS01GL.nc
Processing ../../../datasets/GIRAFE/daily/2022/01/PREdm20220131000000120IMPGS01GL.nc
Processing ../../../datasets/GIRAFE/daily/2022/02/PREdm20220201000000120IMPGS01GL.nc
Processing ../../../datasets/GIRAFE/daily/2022/02/PREdm20220202000000120IMPGS01GL.nc
Processing ../../../datasets/GIRAFE/daily/2022/02/PREdm20220203000000120IMPGS01GL.nc
Processing ../../../datasets/GIRAFE/daily/2022/02/PREdm20220204000000120IMPGS01GL.nc
Processing ../../../datasets/GIRAFE/daily/2022/02/PREdm20220205000000120IMPGS01GL.nc
Processing ../../../datasets/GIRAFE/daily/2022/02/PREdm20220206000000120IMPGS01GL.nc
Processing ../../../datasets/GIRAFE/daily/2022/02/PREdm20220207000000120IMPGS01GL.nc
Processing ../../../datasets/GIRAFE/daily/2022/02/PREdm20220208000000120IMPGS01GL.nc
Processing ../../../datasets/GIRAFE/daily/2022/02/PREdm20220209000000120IMPGS01GL.nc
Processing ../../../datasets/GIRAFE/daily/2022/02/PREdm20220210000000120IMPGS01GL.nc
Processing ../../../datasets/GIRAFE/daily/2022/02/PREdm20220211000000120IMPGS01GL.nc
Processing ../../../datasets/GIRAFE/daily/2022/02/PREdm20220212000000120IMPGS01GL.nc
Processing ../../../datasets/GIRAFE/daily/2022/02/PREdm20220213000000120IMPGS01GL.nc
Processing ../../../datasets/GIRAFE/daily/2022/02/PREdm20220214000000120IMPGS01GL.nc
Processing ../../../datasets/GIRAFE/daily/2022/02/PREdm20220215000000120IMPGS01GL.nc
Processing ../../../datasets/GIRAFE/daily/2022/02/PREdm20220216000000120IMPGS01GL.nc
Processing ../../../datasets/GIRAFE/daily/2022/02/PREdm20220217000000120IMPGS01GL.nc
Processing ../../../datasets/GIRAFE/daily/2022/02/PREdm20220218000000120IMPGS01GL.nc
Processing ../../../datasets/GIRAFE/daily/2022/02/PREdm20220219000000120IMPGS01GL.nc
Processing ../../../datasets/GIRAFE/daily/2022/02/PREdm20220220000000120IMPGS01GL.nc
Processing ../../../datasets/GIRAFE/daily/2022/02/PREdm20220221000000120IMPGS01GL.nc
Processing ../../../datasets/GIRAFE/daily/2022/02/PREdm20220222000000120IMPGS01GL.nc
Processing ../../../datasets/GIRAFE/daily/2022/02/PREdm20220223000000120IMPGS01GL.nc
Processing ../../../datasets/GIRAFE/daily/2022/02/PREdm20220224000000120IMPGS01GL.nc
Processing ../../../datasets/GIRAFE/daily/2022/02/PREdm20220225000000120IMPGS01GL.nc
Processing ../../../datasets/GIRAFE/daily/2022/02/PREdm20220226000000120IMPGS01GL.nc
Processing ../../../datasets/GIRAFE/daily/2022/02/PREdm20220227000000120IMPGS01GL.nc
Processing ../../../datasets/GIRAFE/daily/2022/02/PREdm20220228000000120IMPGS01GL.nc
Processing ../../../datasets/GIRAFE/daily/2022/03/PREdm20220301000000120IMPGS01GL.nc
Processing ../../../datasets/GIRAFE/daily/2022/03/PREdm20220302000000120IMPGS01GL.nc
Processing ../../../datasets/GIRAFE/daily/2022/03/PREdm20220303000000120IMPGS01GL.nc
Processing ../../../datasets/GIRAFE/daily/2022/03/PREdm20220304000000120IMPGS01GL.nc
Processing ../../../datasets/GIRAFE/daily/2022/03/PREdm20220305000000120IMPGS01GL.nc
Processing ../../../datasets/GIRAFE/daily/2022/03/PREdm20220306000000120IMPGS01GL.nc
Processing ../../../datasets/GIRAFE/daily/2022/03/PREdm20220307000000120IMPGS01GL.nc
Processing ../../../datasets/GIRAFE/daily/2022/03/PREdm20220308000000120IMPGS01GL.nc
Processing ../../../datasets/GIRAFE/daily/2022/03/PREdm20220309000000120IMPGS01GL.nc
Processing ../../../datasets/GIRAFE/daily/2022/03/PREdm20220310000000120IMPGS01GL.nc
Processing ../../../datasets/GIRAFE/daily/2022/03/PREdm20220311000000120IMPGS01GL.nc
Processing ../../../datasets/GIRAFE/daily/2022/03/PREdm20220312000000120IMPGS01GL.nc
Processing ../../../datasets/GIRAFE/daily/2022/03/PREdm20220313000000120IMPGS01GL.nc
Processing ../../../datasets/GIRAFE/daily/2022/03/PREdm20220314000000120IMPGS01GL.nc
Processing ../../../datasets/GIRAFE/daily/2022/03/PREdm20220315000000120IMPGS01GL.nc
Processing ../../../datasets/GIRAFE/daily/2022/03/PREdm20220316000000120IMPGS01GL.nc
Processing ../../../datasets/GIRAFE/daily/2022/03/PREdm20220317000000120IMPGS01GL.nc
Processing ../../../datasets/GIRAFE/daily/2022/03/PREdm20220318000000120IMPGS01GL.nc
Processing ../../../datasets/GIRAFE/daily/2022/03/PREdm20220319000000120IMPGS01GL.nc
Processing ../../../datasets/GIRAFE/daily/2022/03/PREdm20220320000000120IMPGS01GL.nc
Processing ../../../datasets/GIRAFE/daily/2022/03/PREdm20220321000000120IMPGS01GL.nc
Processing ../../../datasets/GIRAFE/daily/2022/03/PREdm20220322000000120IMPGS01GL.nc
Processing ../../../datasets/GIRAFE/daily/2022/03/PREdm20220323000000120IMPGS01GL.nc
Processing ../../../datasets/GIRAFE/daily/2022/03/PREdm20220324000000120IMPGS01GL.nc
Processing ../../../datasets/GIRAFE/daily/2022/03/PREdm20220325000000120IMPGS01GL.nc
Processing ../../../datasets/GIRAFE/daily/2022/03/PREdm20220326000000120IMPGS01GL.nc
Processing ../../../datasets/GIRAFE/daily/2022/03/PREdm20220327000000120IMPGS01GL.nc
Processing ../../../datasets/GIRAFE/daily/2022/03/PREdm20220328000000120IMPGS01GL.nc
Processing ../../../datasets/GIRAFE/daily/2022/03/PREdm20220329000000120IMPGS01GL.nc
Processing ../../../datasets/GIRAFE/daily/2022/03/PREdm20220330000000120IMPGS01GL.nc
Processing ../../../datasets/GIRAFE/daily/2022/03/PREdm20220331000000120IMPGS01GL.nc
Processing ../../../datasets/GIRAFE/daily/2022/04/PREdm20220401000000120IMPGS01GL.nc
Processing ../../../datasets/GIRAFE/daily/2022/04/PREdm20220402000000120IMPGS01GL.nc
Processing ../../../datasets/GIRAFE/daily/2022/04/PREdm20220403000000120IMPGS01GL.nc
Processing ../../../datasets/GIRAFE/daily/2022/04/PREdm20220404000000120IMPGS01GL.nc
Processing ../../../datasets/GIRAFE/daily/2022/04/PREdm20220405000000120IMPGS01GL.nc
Processing ../../../datasets/GIRAFE/daily/2022/04/PREdm20220406000000120IMPGS01GL.nc
Processing ../../../datasets/GIRAFE/daily/2022/04/PREdm20220407000000120IMPGS01GL.nc
Processing ../../../datasets/GIRAFE/daily/2022/04/PREdm20220408000000120IMPGS01GL.nc
Processing ../../../datasets/GIRAFE/daily/2022/04/PREdm20220409000000120IMPGS01GL.nc
Processing ../../../datasets/GIRAFE/daily/2022/04/PREdm20220410000000120IMPGS01GL.nc
Processing ../../../datasets/GIRAFE/daily/2022/04/PREdm20220411000000120IMPGS01GL.nc
Processing ../../../datasets/GIRAFE/daily/2022/04/PREdm20220412000000120IMPGS01GL.nc
Processing ../../../datasets/GIRAFE/daily/2022/04/PREdm20220413000000120IMPGS01GL.nc
Processing ../../../datasets/GIRAFE/daily/2022/04/PREdm20220414000000120IMPGS01GL.nc
Processing ../../../datasets/GIRAFE/daily/2022/04/PREdm20220415000000120IMPGS01GL.nc
Processing ../../../datasets/GIRAFE/daily/2022/04/PREdm20220416000000120IMPGS01GL.nc
Processing ../../../datasets/GIRAFE/daily/2022/04/PREdm20220417000000120IMPGS01GL.nc
Processing ../../../datasets/GIRAFE/daily/2022/04/PREdm20220418000000120IMPGS01GL.nc
Processing ../../../datasets/GIRAFE/daily/2022/04/PREdm20220419000000120IMPGS01GL.nc
Processing ../../../datasets/GIRAFE/daily/2022/04/PREdm20220420000000120IMPGS01GL.nc
Processing ../../../datasets/GIRAFE/daily/2022/04/PREdm20220421000000120IMPGS01GL.nc
Processing ../../../datasets/GIRAFE/daily/2022/04/PREdm20220422000000120IMPGS01GL.nc
Processing ../../../datasets/GIRAFE/daily/2022/04/PREdm20220423000000120IMPGS01GL.nc
Processing ../../../datasets/GIRAFE/daily/2022/04/PREdm20220424000000120IMPGS01GL.nc
Processing ../../../datasets/GIRAFE/daily/2022/04/PREdm20220425000000120IMPGS01GL.nc
Processing ../../../datasets/GIRAFE/daily/2022/04/PREdm20220426000000120IMPGS01GL.nc
Processing ../../../datasets/GIRAFE/daily/2022/04/PREdm20220427000000120IMPGS01GL.nc
Processing ../../../datasets/GIRAFE/daily/2022/04/PREdm20220428000000120IMPGS01GL.nc
Processing ../../../datasets/GIRAFE/daily/2022/04/PREdm20220429000000120IMPGS01GL.nc
Processing ../../../datasets/GIRAFE/daily/2022/04/PREdm20220430000000120IMPGS01GL.nc
Processing ../../../datasets/GIRAFE/daily/2022/05/PREdm20220501000000120IMPGS01GL.nc
Processing ../../../datasets/GIRAFE/daily/2022/05/PREdm20220502000000120IMPGS01GL.nc
Processing ../../../datasets/GIRAFE/daily/2022/05/PREdm20220503000000120IMPGS01GL.nc
Processing ../../../datasets/GIRAFE/daily/2022/05/PREdm20220504000000120IMPGS01GL.nc
Processing ../../../datasets/GIRAFE/daily/2022/05/PREdm20220505000000120IMPGS01GL.nc
Processing ../../../datasets/GIRAFE/daily/2022/05/PREdm20220506000000120IMPGS01GL.nc
Processing ../../../datasets/GIRAFE/daily/2022/05/PREdm20220507000000120IMPGS01GL.nc
Processing ../../../datasets/GIRAFE/daily/2022/05/PREdm20220508000000120IMPGS01GL.nc
Processing ../../../datasets/GIRAFE/daily/2022/05/PREdm20220509000000120IMPGS01GL.nc
Processing ../../../datasets/GIRAFE/daily/2022/05/PREdm20220510000000120IMPGS01GL.nc
Processing ../../../datasets/GIRAFE/daily/2022/05/PREdm20220511000000120IMPGS01GL.nc
Processing ../../../datasets/GIRAFE/daily/2022/05/PREdm20220512000000120IMPGS01GL.nc
Processing ../../../datasets/GIRAFE/daily/2022/05/PREdm20220513000000120IMPGS01GL.nc
Processing ../../../datasets/GIRAFE/daily/2022/05/PREdm20220514000000120IMPGS01GL.nc
Processing ../../../datasets/GIRAFE/daily/2022/05/PREdm20220515000000120IMPGS01GL.nc
Processing ../../../datasets/GIRAFE/daily/2022/05/PREdm20220516000000120IMPGS01GL.nc
Processing ../../../datasets/GIRAFE/daily/2022/05/PREdm20220517000000120IMPGS01GL.nc
Processing ../../../datasets/GIRAFE/daily/2022/05/PREdm20220518000000120IMPGS01GL.nc
Processing ../../../datasets/GIRAFE/daily/2022/05/PREdm20220519000000120IMPGS01GL.nc
Processing ../../../datasets/GIRAFE/daily/2022/05/PREdm20220520000000120IMPGS01GL.nc
Processing ../../../datasets/GIRAFE/daily/2022/05/PREdm20220521000000120IMPGS01GL.nc
Processing ../../../datasets/GIRAFE/daily/2022/05/PREdm20220522000000120IMPGS01GL.nc
Processing ../../../datasets/GIRAFE/daily/2022/05/PREdm20220523000000120IMPGS01GL.nc
Processing ../../../datasets/GIRAFE/daily/2022/05/PREdm20220524000000120IMPGS01GL.nc
Processing ../../../datasets/GIRAFE/daily/2022/05/PREdm20220525000000120IMPGS01GL.nc
Processing ../../../datasets/GIRAFE/daily/2022/05/PREdm20220526000000120IMPGS01GL.nc
Processing ../../../datasets/GIRAFE/daily/2022/05/PREdm20220527000000120IMPGS01GL.nc
Processing ../../../datasets/GIRAFE/daily/2022/05/PREdm20220528000000120IMPGS01GL.nc
Processing ../../../datasets/GIRAFE/daily/2022/05/PREdm20220529000000120IMPGS01GL.nc
Processing ../../../datasets/GIRAFE/daily/2022/05/PREdm20220530000000120IMPGS01GL.nc
Processing ../../../datasets/GIRAFE/daily/2022/05/PREdm20220531000000120IMPGS01GL.nc
Processing ../../../datasets/GIRAFE/daily/2022/06/PREdm20220601000000120IMPGS01GL.nc
Processing ../../../datasets/GIRAFE/daily/2022/06/PREdm20220602000000120IMPGS01GL.nc
Processing ../../../datasets/GIRAFE/daily/2022/06/PREdm20220603000000120IMPGS01GL.nc
Processing ../../../datasets/GIRAFE/daily/2022/06/PREdm20220604000000120IMPGS01GL.nc
Processing ../../../datasets/GIRAFE/daily/2022/06/PREdm20220605000000120IMPGS01GL.nc
Processing ../../../datasets/GIRAFE/daily/2022/06/PREdm20220606000000120IMPGS01GL.nc
Processing ../../../datasets/GIRAFE/daily/2022/06/PREdm20220607000000120IMPGS01GL.nc
Processing ../../../datasets/GIRAFE/daily/2022/06/PREdm20220608000000120IMPGS01GL.nc
Processing ../../../datasets/GIRAFE/daily/2022/06/PREdm20220609000000120IMPGS01GL.nc
Processing ../../../datasets/GIRAFE/daily/2022/06/PREdm20220610000000120IMPGS01GL.nc
Processing ../../../datasets/GIRAFE/daily/2022/06/PREdm20220611000000120IMPGS01GL.nc
Processing ../../../datasets/GIRAFE/daily/2022/06/PREdm20220612000000120IMPGS01GL.nc
Processing ../../../datasets/GIRAFE/daily/2022/06/PREdm20220613000000120IMPGS01GL.nc
Processing ../../../datasets/GIRAFE/daily/2022/06/PREdm20220614000000120IMPGS01GL.nc
Processing ../../../datasets/GIRAFE/daily/2022/06/PREdm20220615000000120IMPGS01GL.nc
Processing ../../../datasets/GIRAFE/daily/2022/06/PREdm20220616000000120IMPGS01GL.nc
Processing ../../../datasets/GIRAFE/daily/2022/06/PREdm20220617000000120IMPGS01GL.nc
Processing ../../../datasets/GIRAFE/daily/2022/06/PREdm20220618000000120IMPGS01GL.nc
Processing ../../../datasets/GIRAFE/daily/2022/06/PREdm20220619000000120IMPGS01GL.nc
Processing ../../../datasets/GIRAFE/daily/2022/06/PREdm20220620000000120IMPGS01GL.nc
Processing ../../../datasets/GIRAFE/daily/2022/06/PREdm20220621000000120IMPGS01GL.nc
Processing ../../../datasets/GIRAFE/daily/2022/06/PREdm20220622000000120IMPGS01GL.nc
Processing ../../../datasets/GIRAFE/daily/2022/06/PREdm20220623000000120IMPGS01GL.nc
Processing ../../../datasets/GIRAFE/daily/2022/06/PREdm20220624000000120IMPGS01GL.nc
Processing ../../../datasets/GIRAFE/daily/2022/06/PREdm20220625000000120IMPGS01GL.nc
Processing ../../../datasets/GIRAFE/daily/2022/06/PREdm20220626000000120IMPGS01GL.nc
Processing ../../../datasets/GIRAFE/daily/2022/06/PREdm20220627000000120IMPGS01GL.nc
Processing ../../../datasets/GIRAFE/daily/2022/06/PREdm20220628000000120IMPGS01GL.nc
Processing ../../../datasets/GIRAFE/daily/2022/06/PREdm20220629000000120IMPGS01GL.nc
Processing ../../../datasets/GIRAFE/daily/2022/06/PREdm20220630000000120IMPGS01GL.nc
Processing ../../../datasets/GIRAFE/daily/2022/07/PREdm20220701000000120IMPGS01GL.nc
Processing ../../../datasets/GIRAFE/daily/2022/07/PREdm20220702000000120IMPGS01GL.nc
Processing ../../../datasets/GIRAFE/daily/2022/07/PREdm20220703000000120IMPGS01GL.nc
Processing ../../../datasets/GIRAFE/daily/2022/07/PREdm20220704000000120IMPGS01GL.nc
Processing ../../../datasets/GIRAFE/daily/2022/07/PREdm20220705000000120IMPGS01GL.nc
Processing ../../../datasets/GIRAFE/daily/2022/07/PREdm20220706000000120IMPGS01GL.nc
Processing ../../../datasets/GIRAFE/daily/2022/07/PREdm20220707000000120IMPGS01GL.nc
Processing ../../../datasets/GIRAFE/daily/2022/07/PREdm20220708000000120IMPGS01GL.nc
Processing ../../../datasets/GIRAFE/daily/2022/07/PREdm20220709000000120IMPGS01GL.nc
Processing ../../../datasets/GIRAFE/daily/2022/07/PREdm20220710000000120IMPGS01GL.nc
Processing ../../../datasets/GIRAFE/daily/2022/07/PREdm20220711000000120IMPGS01GL.nc
Processing ../../../datasets/GIRAFE/daily/2022/07/PREdm20220712000000120IMPGS01GL.nc
Processing ../../../datasets/GIRAFE/daily/2022/07/PREdm20220713000000120IMPGS01GL.nc
Processing ../../../datasets/GIRAFE/daily/2022/07/PREdm20220714000000120IMPGS01GL.nc
Processing ../../../datasets/GIRAFE/daily/2022/07/PREdm20220715000000120IMPGS01GL.nc
Processing ../../../datasets/GIRAFE/daily/2022/07/PREdm20220716000000120IMPGS01GL.nc
Processing ../../../datasets/GIRAFE/daily/2022/07/PREdm20220717000000120IMPGS01GL.nc
Processing ../../../datasets/GIRAFE/daily/2022/07/PREdm20220718000000120IMPGS01GL.nc
Processing ../../../datasets/GIRAFE/daily/2022/07/PREdm20220719000000120IMPGS01GL.nc
Processing ../../../datasets/GIRAFE/daily/2022/07/PREdm20220720000000120IMPGS01GL.nc
Processing ../../../datasets/GIRAFE/daily/2022/07/PREdm20220721000000120IMPGS01GL.nc
Processing ../../../datasets/GIRAFE/daily/2022/07/PREdm20220722000000120IMPGS01GL.nc
Processing ../../../datasets/GIRAFE/daily/2022/07/PREdm20220723000000120IMPGS01GL.nc
Processing ../../../datasets/GIRAFE/daily/2022/07/PREdm20220724000000120IMPGS01GL.nc
Processing ../../../datasets/GIRAFE/daily/2022/07/PREdm20220725000000120IMPGS01GL.nc
Processing ../../../datasets/GIRAFE/daily/2022/07/PREdm20220726000000120IMPGS01GL.nc
Processing ../../../datasets/GIRAFE/daily/2022/07/PREdm20220727000000120IMPGS01GL.nc
Processing ../../../datasets/GIRAFE/daily/2022/07/PREdm20220728000000120IMPGS01GL.nc
Processing ../../../datasets/GIRAFE/daily/2022/07/PREdm20220729000000120IMPGS01GL.nc
Processing ../../../datasets/GIRAFE/daily/2022/07/PREdm20220730000000120IMPGS01GL.nc
Processing ../../../datasets/GIRAFE/daily/2022/07/PREdm20220731000000120IMPGS01GL.nc
Processing ../../../datasets/GIRAFE/daily/2022/08/PREdm20220801000000120IMPGS01GL.nc
Processing ../../../datasets/GIRAFE/daily/2022/08/PREdm20220802000000120IMPGS01GL.nc
Processing ../../../datasets/GIRAFE/daily/2022/08/PREdm20220803000000120IMPGS01GL.nc
Processing ../../../datasets/GIRAFE/daily/2022/08/PREdm20220804000000120IMPGS01GL.nc
Processing ../../../datasets/GIRAFE/daily/2022/08/PREdm20220805000000120IMPGS01GL.nc
Processing ../../../datasets/GIRAFE/daily/2022/08/PREdm20220806000000120IMPGS01GL.nc
Processing ../../../datasets/GIRAFE/daily/2022/08/PREdm20220807000000120IMPGS01GL.nc
Processing ../../../datasets/GIRAFE/daily/2022/08/PREdm20220808000000120IMPGS01GL.nc
Processing ../../../datasets/GIRAFE/daily/2022/08/PREdm20220809000000120IMPGS01GL.nc
Processing ../../../datasets/GIRAFE/daily/2022/08/PREdm20220810000000120IMPGS01GL.nc
Processing ../../../datasets/GIRAFE/daily/2022/08/PREdm20220811000000120IMPGS01GL.nc
Processing ../../../datasets/GIRAFE/daily/2022/08/PREdm20220812000000120IMPGS01GL.nc
Processing ../../../datasets/GIRAFE/daily/2022/08/PREdm20220813000000120IMPGS01GL.nc
Processing ../../../datasets/GIRAFE/daily/2022/08/PREdm20220814000000120IMPGS01GL.nc
Processing ../../../datasets/GIRAFE/daily/2022/08/PREdm20220815000000120IMPGS01GL.nc
Processing ../../../datasets/GIRAFE/daily/2022/08/PREdm20220816000000120IMPGS01GL.nc
Processing ../../../datasets/GIRAFE/daily/2022/08/PREdm20220817000000120IMPGS01GL.nc
Processing ../../../datasets/GIRAFE/daily/2022/08/PREdm20220818000000120IMPGS01GL.nc
Processing ../../../datasets/GIRAFE/daily/2022/08/PREdm20220819000000120IMPGS01GL.nc
Processing ../../../datasets/GIRAFE/daily/2022/08/PREdm20220820000000120IMPGS01GL.nc
Processing ../../../datasets/GIRAFE/daily/2022/08/PREdm20220821000000120IMPGS01GL.nc
Processing ../../../datasets/GIRAFE/daily/2022/08/PREdm20220822000000120IMPGS01GL.nc
Processing ../../../datasets/GIRAFE/daily/2022/08/PREdm20220823000000120IMPGS01GL.nc
Processing ../../../datasets/GIRAFE/daily/2022/08/PREdm20220824000000120IMPGS01GL.nc
Processing ../../../datasets/GIRAFE/daily/2022/08/PREdm20220825000000120IMPGS01GL.nc
Processing ../../../datasets/GIRAFE/daily/2022/08/PREdm20220826000000120IMPGS01GL.nc
Processing ../../../datasets/GIRAFE/daily/2022/08/PREdm20220827000000120IMPGS01GL.nc
Processing ../../../datasets/GIRAFE/daily/2022/08/PREdm20220828000000120IMPGS01GL.nc
Processing ../../../datasets/GIRAFE/daily/2022/08/PREdm20220829000000120IMPGS01GL.nc
Processing ../../../datasets/GIRAFE/daily/2022/08/PREdm20220830000000120IMPGS01GL.nc
Processing ../../../datasets/GIRAFE/daily/2022/08/PREdm20220831000000120IMPGS01GL.nc
Processing ../../../datasets/GIRAFE/daily/2022/09/PREdm20220901000000120IMPGS01GL.nc
Processing ../../../datasets/GIRAFE/daily/2022/09/PREdm20220902000000120IMPGS01GL.nc
Processing ../../../datasets/GIRAFE/daily/2022/09/PREdm20220903000000120IMPGS01GL.nc
Processing ../../../datasets/GIRAFE/daily/2022/09/PREdm20220904000000120IMPGS01GL.nc
Processing ../../../datasets/GIRAFE/daily/2022/09/PREdm20220905000000120IMPGS01GL.nc
Processing ../../../datasets/GIRAFE/daily/2022/09/PREdm20220906000000120IMPGS01GL.nc
Processing ../../../datasets/GIRAFE/daily/2022/09/PREdm20220907000000120IMPGS01GL.nc
Processing ../../../datasets/GIRAFE/daily/2022/09/PREdm20220908000000120IMPGS01GL.nc
Processing ../../../datasets/GIRAFE/daily/2022/09/PREdm20220909000000120IMPGS01GL.nc
Processing ../../../datasets/GIRAFE/daily/2022/09/PREdm20220910000000120IMPGS01GL.nc
Processing ../../../datasets/GIRAFE/daily/2022/09/PREdm20220911000000120IMPGS01GL.nc
Processing ../../../datasets/GIRAFE/daily/2022/09/PREdm20220912000000120IMPGS01GL.nc
Processing ../../../datasets/GIRAFE/daily/2022/09/PREdm20220913000000120IMPGS01GL.nc
Processing ../../../datasets/GIRAFE/daily/2022/09/PREdm20220914000000120IMPGS01GL.nc
Processing ../../../datasets/GIRAFE/daily/2022/09/PREdm20220915000000120IMPGS01GL.nc
Processing ../../../datasets/GIRAFE/daily/2022/09/PREdm20220916000000120IMPGS01GL.nc
Processing ../../../datasets/GIRAFE/daily/2022/09/PREdm20220917000000120IMPGS01GL.nc
Processing ../../../datasets/GIRAFE/daily/2022/09/PREdm20220918000000120IMPGS01GL.nc
Processing ../../../datasets/GIRAFE/daily/2022/09/PREdm20220919000000120IMPGS01GL.nc
Processing ../../../datasets/GIRAFE/daily/2022/09/PREdm20220920000000120IMPGS01GL.nc
Processing ../../../datasets/GIRAFE/daily/2022/09/PREdm20220921000000120IMPGS01GL.nc
Processing ../../../datasets/GIRAFE/daily/2022/09/PREdm20220922000000120IMPGS01GL.nc
Processing ../../../datasets/GIRAFE/daily/2022/09/PREdm20220923000000120IMPGS01GL.nc
Processing ../../../datasets/GIRAFE/daily/2022/09/PREdm20220924000000120IMPGS01GL.nc
Processing ../../../datasets/GIRAFE/daily/2022/09/PREdm20220925000000120IMPGS01GL.nc
Processing ../../../datasets/GIRAFE/daily/2022/09/PREdm20220926000000120IMPGS01GL.nc
Processing ../../../datasets/GIRAFE/daily/2022/09/PREdm20220927000000120IMPGS01GL.nc
Processing ../../../datasets/GIRAFE/daily/2022/09/PREdm20220928000000120IMPGS01GL.nc
Processing ../../../datasets/GIRAFE/daily/2022/09/PREdm20220929000000120IMPGS01GL.nc
Processing ../../../datasets/GIRAFE/daily/2022/09/PREdm20220930000000120IMPGS01GL.nc
Processing ../../../datasets/GIRAFE/daily/2022/10/PREdm20221001000000120IMPGS01GL.nc
Processing ../../../datasets/GIRAFE/daily/2022/10/PREdm20221002000000120IMPGS01GL.nc
Processing ../../../datasets/GIRAFE/daily/2022/10/PREdm20221003000000120IMPGS01GL.nc
Processing ../../../datasets/GIRAFE/daily/2022/10/PREdm20221004000000120IMPGS01GL.nc
Processing ../../../datasets/GIRAFE/daily/2022/10/PREdm20221005000000120IMPGS01GL.nc
Processing ../../../datasets/GIRAFE/daily/2022/10/PREdm20221006000000120IMPGS01GL.nc
Processing ../../../datasets/GIRAFE/daily/2022/10/PREdm20221007000000120IMPGS01GL.nc
Processing ../../../datasets/GIRAFE/daily/2022/10/PREdm20221008000000120IMPGS01GL.nc
Processing ../../../datasets/GIRAFE/daily/2022/10/PREdm20221009000000120IMPGS01GL.nc
Processing ../../../datasets/GIRAFE/daily/2022/10/PREdm20221010000000120IMPGS01GL.nc
Processing ../../../datasets/GIRAFE/daily/2022/10/PREdm20221011000000120IMPGS01GL.nc
Processing ../../../datasets/GIRAFE/daily/2022/10/PREdm20221012000000120IMPGS01GL.nc
Processing ../../../datasets/GIRAFE/daily/2022/10/PREdm20221013000000120IMPGS01GL.nc
Processing ../../../datasets/GIRAFE/daily/2022/10/PREdm20221014000000120IMPGS01GL.nc
Processing ../../../datasets/GIRAFE/daily/2022/10/PREdm20221015000000120IMPGS01GL.nc
Processing ../../../datasets/GIRAFE/daily/2022/10/PREdm20221016000000120IMPGS01GL.nc
Processing ../../../datasets/GIRAFE/daily/2022/10/PREdm20221017000000120IMPGS01GL.nc
Processing ../../../datasets/GIRAFE/daily/2022/10/PREdm20221018000000120IMPGS01GL.nc
Processing ../../../datasets/GIRAFE/daily/2022/10/PREdm20221019000000120IMPGS01GL.nc
Processing ../../../datasets/GIRAFE/daily/2022/10/PREdm20221020000000120IMPGS01GL.nc
Processing ../../../datasets/GIRAFE/daily/2022/10/PREdm20221021000000120IMPGS01GL.nc
Processing ../../../datasets/GIRAFE/daily/2022/10/PREdm20221022000000120IMPGS01GL.nc
Processing ../../../datasets/GIRAFE/daily/2022/10/PREdm20221023000000120IMPGS01GL.nc
Processing ../../../datasets/GIRAFE/daily/2022/10/PREdm20221024000000120IMPGS01GL.nc
Processing ../../../datasets/GIRAFE/daily/2022/10/PREdm20221025000000120IMPGS01GL.nc
Processing ../../../datasets/GIRAFE/daily/2022/10/PREdm20221026000000120IMPGS01GL.nc
Processing ../../../datasets/GIRAFE/daily/2022/10/PREdm20221027000000120IMPGS01GL.nc
Processing ../../../datasets/GIRAFE/daily/2022/10/PREdm20221028000000120IMPGS01GL.nc
Processing ../../../datasets/GIRAFE/daily/2022/10/PREdm20221029000000120IMPGS01GL.nc
Processing ../../../datasets/GIRAFE/daily/2022/10/PREdm20221030000000120IMPGS01GL.nc
Processing ../../../datasets/GIRAFE/daily/2022/10/PREdm20221031000000120IMPGS01GL.nc
Processing ../../../datasets/GIRAFE/daily/2022/11/PREdm20221101000000120IMPGS01GL.nc
Processing ../../../datasets/GIRAFE/daily/2022/11/PREdm20221102000000120IMPGS01GL.nc
Processing ../../../datasets/GIRAFE/daily/2022/11/PREdm20221103000000120IMPGS01GL.nc
Processing ../../../datasets/GIRAFE/daily/2022/11/PREdm20221104000000120IMPGS01GL.nc
Processing ../../../datasets/GIRAFE/daily/2022/11/PREdm20221105000000120IMPGS01GL.nc
Processing ../../../datasets/GIRAFE/daily/2022/11/PREdm20221106000000120IMPGS01GL.nc
Processing ../../../datasets/GIRAFE/daily/2022/11/PREdm20221107000000120IMPGS01GL.nc
Processing ../../../datasets/GIRAFE/daily/2022/11/PREdm20221108000000120IMPGS01GL.nc
Processing ../../../datasets/GIRAFE/daily/2022/11/PREdm20221109000000120IMPGS01GL.nc
Processing ../../../datasets/GIRAFE/daily/2022/11/PREdm20221110000000120IMPGS01GL.nc
Processing ../../../datasets/GIRAFE/daily/2022/11/PREdm20221111000000120IMPGS01GL.nc
Processing ../../../datasets/GIRAFE/daily/2022/11/PREdm20221112000000120IMPGS01GL.nc
Processing ../../../datasets/GIRAFE/daily/2022/11/PREdm20221113000000120IMPGS01GL.nc
Processing ../../../datasets/GIRAFE/daily/2022/11/PREdm20221114000000120IMPGS01GL.nc
Processing ../../../datasets/GIRAFE/daily/2022/11/PREdm20221115000000120IMPGS01GL.nc
Processing ../../../datasets/GIRAFE/daily/2022/11/PREdm20221116000000120IMPGS01GL.nc
Processing ../../../datasets/GIRAFE/daily/2022/11/PREdm20221117000000120IMPGS01GL.nc
Processing ../../../datasets/GIRAFE/daily/2022/11/PREdm20221118000000120IMPGS01GL.nc
Processing ../../../datasets/GIRAFE/daily/2022/11/PREdm20221119000000120IMPGS01GL.nc
Processing ../../../datasets/GIRAFE/daily/2022/11/PREdm20221120000000120IMPGS01GL.nc
Processing ../../../datasets/GIRAFE/daily/2022/11/PREdm20221121000000120IMPGS01GL.nc
Processing ../../../datasets/GIRAFE/daily/2022/11/PREdm20221122000000120IMPGS01GL.nc
Processing ../../../datasets/GIRAFE/daily/2022/11/PREdm20221123000000120IMPGS01GL.nc
Processing ../../../datasets/GIRAFE/daily/2022/11/PREdm20221124000000120IMPGS01GL.nc
Processing ../../../datasets/GIRAFE/daily/2022/11/PREdm20221125000000120IMPGS01GL.nc
Processing ../../../datasets/GIRAFE/daily/2022/11/PREdm20221126000000120IMPGS01GL.nc
Processing ../../../datasets/GIRAFE/daily/2022/11/PREdm20221127000000120IMPGS01GL.nc
Processing ../../../datasets/GIRAFE/daily/2022/11/PREdm20221128000000120IMPGS01GL.nc
Processing ../../../datasets/GIRAFE/daily/2022/11/PREdm20221129000000120IMPGS01GL.nc
Processing ../../../datasets/GIRAFE/daily/2022/11/PREdm20221130000000120IMPGS01GL.nc
Processing ../../../datasets/GIRAFE/daily/2022/12/PREdm20221201000000120IMPGS01GL.nc
Processing ../../../datasets/GIRAFE/daily/2022/12/PREdm20221202000000120IMPGS01GL.nc
Processing ../../../datasets/GIRAFE/daily/2022/12/PREdm20221203000000120IMPGS01GL.nc
Processing ../../../datasets/GIRAFE/daily/2022/12/PREdm20221204000000120IMPGS01GL.nc
Processing ../../../datasets/GIRAFE/daily/2022/12/PREdm20221205000000120IMPGS01GL.nc
Processing ../../../datasets/GIRAFE/daily/2022/12/PREdm20221206000000120IMPGS01GL.nc
Processing ../../../datasets/GIRAFE/daily/2022/12/PREdm20221207000000120IMPGS01GL.nc
Processing ../../../datasets/GIRAFE/daily/2022/12/PREdm20221208000000120IMPGS01GL.nc
Processing ../../../datasets/GIRAFE/daily/2022/12/PREdm20221209000000120IMPGS01GL.nc
Processing ../../../datasets/GIRAFE/daily/2022/12/PREdm20221210000000120IMPGS01GL.nc
Processing ../../../datasets/GIRAFE/daily/2022/12/PREdm20221211000000120IMPGS01GL.nc
Processing ../../../datasets/GIRAFE/daily/2022/12/PREdm20221212000000120IMPGS01GL.nc
Processing ../../../datasets/GIRAFE/daily/2022/12/PREdm20221213000000120IMPGS01GL.nc
Processing ../../../datasets/GIRAFE/daily/2022/12/PREdm20221214000000120IMPGS01GL.nc
Processing ../../../datasets/GIRAFE/daily/2022/12/PREdm20221215000000120IMPGS01GL.nc
Processing ../../../datasets/GIRAFE/daily/2022/12/PREdm20221216000000120IMPGS01GL.nc
Processing ../../../datasets/GIRAFE/daily/2022/12/PREdm20221217000000120IMPGS01GL.nc
Processing ../../../datasets/GIRAFE/daily/2022/12/PREdm20221218000000120IMPGS01GL.nc
Processing ../../../datasets/GIRAFE/daily/2022/12/PREdm20221219000000120IMPGS01GL.nc
Processing ../../../datasets/GIRAFE/daily/2022/12/PREdm20221220000000120IMPGS01GL.nc
Processing ../../../datasets/GIRAFE/daily/2022/12/PREdm20221221000000120IMPGS01GL.nc
Processing ../../../datasets/GIRAFE/daily/2022/12/PREdm20221222000000120IMPGS01GL.nc
Processing ../../../datasets/GIRAFE/daily/2022/12/PREdm20221223000000120IMPGS01GL.nc
Processing ../../../datasets/GIRAFE/daily/2022/12/PREdm20221224000000120IMPGS01GL.nc
Processing ../../../datasets/GIRAFE/daily/2022/12/PREdm20221225000000120IMPGS01GL.nc
Processing ../../../datasets/GIRAFE/daily/2022/12/PREdm20221226000000120IMPGS01GL.nc
Processing ../../../datasets/GIRAFE/daily/2022/12/PREdm20221227000000120IMPGS01GL.nc
Processing ../../../datasets/GIRAFE/daily/2022/12/PREdm20221228000000120IMPGS01GL.nc
Processing ../../../datasets/GIRAFE/daily/2022/12/PREdm20221229000000120IMPGS01GL.nc
Processing ../../../datasets/GIRAFE/daily/2022/12/PREdm20221230000000120IMPGS01GL.nc
Processing ../../../datasets/GIRAFE/daily/2022/12/PREdm20221231000000120IMPGS01GL.nc
Processing ../../../datasets/GIRAFE/daily/2023/01/PREdm20230101000000120IMPGSI1GL.nc
Processing ../../../datasets/GIRAFE/daily/2023/01/PREdm20230102000000120IMPGSI1GL.nc
Processing ../../../datasets/GIRAFE/daily/2023/01/PREdm20230103000000120IMPGSI1GL.nc
Processing ../../../datasets/GIRAFE/daily/2023/01/PREdm20230104000000120IMPGSI1GL.nc
Processing ../../../datasets/GIRAFE/daily/2023/01/PREdm20230105000000120IMPGSI1GL.nc
Processing ../../../datasets/GIRAFE/daily/2023/01/PREdm20230106000000120IMPGSI1GL.nc
Processing ../../../datasets/GIRAFE/daily/2023/01/PREdm20230107000000120IMPGSI1GL.nc
Processing ../../../datasets/GIRAFE/daily/2023/01/PREdm20230108000000120IMPGSI1GL.nc
Processing ../../../datasets/GIRAFE/daily/2023/01/PREdm20230109000000120IMPGSI1GL.nc
Processing ../../../datasets/GIRAFE/daily/2023/01/PREdm20230110000000120IMPGSI1GL.nc
Processing ../../../datasets/GIRAFE/daily/2023/01/PREdm20230111000000120IMPGSI1GL.nc
Processing ../../../datasets/GIRAFE/daily/2023/01/PREdm20230112000000120IMPGSI1GL.nc
Processing ../../../datasets/GIRAFE/daily/2023/01/PREdm20230113000000120IMPGSI1GL.nc
Processing ../../../datasets/GIRAFE/daily/2023/01/PREdm20230114000000120IMPGSI1GL.nc
Processing ../../../datasets/GIRAFE/daily/2023/01/PREdm20230115000000120IMPGSI1GL.nc
Processing ../../../datasets/GIRAFE/daily/2023/01/PREdm20230116000000120IMPGSI1GL.nc
Processing ../../../datasets/GIRAFE/daily/2023/01/PREdm20230117000000120IMPGSI1GL.nc
Processing ../../../datasets/GIRAFE/daily/2023/01/PREdm20230118000000120IMPGSI1GL.nc
Processing ../../../datasets/GIRAFE/daily/2023/01/PREdm20230119000000120IMPGSI1GL.nc
Processing ../../../datasets/GIRAFE/daily/2023/01/PREdm20230120000000120IMPGSI1GL.nc
Processing ../../../datasets/GIRAFE/daily/2023/01/PREdm20230121000000120IMPGSI1GL.nc
Processing ../../../datasets/GIRAFE/daily/2023/01/PREdm20230122000000120IMPGSI1GL.nc
Processing ../../../datasets/GIRAFE/daily/2023/01/PREdm20230123000000120IMPGSI1GL.nc
Processing ../../../datasets/GIRAFE/daily/2023/01/PREdm20230124000000120IMPGSI1GL.nc
Processing ../../../datasets/GIRAFE/daily/2023/01/PREdm20230125000000120IMPGSI1GL.nc
Processing ../../../datasets/GIRAFE/daily/2023/01/PREdm20230126000000120IMPGSI1GL.nc
Processing ../../../datasets/GIRAFE/daily/2023/01/PREdm20230127000000120IMPGSI1GL.nc
Processing ../../../datasets/GIRAFE/daily/2023/01/PREdm20230128000000120IMPGSI1GL.nc
Processing ../../../datasets/GIRAFE/daily/2023/01/PREdm20230129000000120IMPGSI1GL.nc
Processing ../../../datasets/GIRAFE/daily/2023/01/PREdm20230130000000120IMPGSI1GL.nc
Processing ../../../datasets/GIRAFE/daily/2023/01/PREdm20230131000000120IMPGSI1GL.nc
Processing ../../../datasets/GIRAFE/daily/2023/02/PREdm20230201000000120IMPGSI1GL.nc
Processing ../../../datasets/GIRAFE/daily/2023/02/PREdm20230202000000120IMPGSI1GL.nc
Processing ../../../datasets/GIRAFE/daily/2023/02/PREdm20230203000000120IMPGSI1GL.nc
Processing ../../../datasets/GIRAFE/daily/2023/02/PREdm20230204000000120IMPGSI1GL.nc
Processing ../../../datasets/GIRAFE/daily/2023/02/PREdm20230205000000120IMPGSI1GL.nc
Processing ../../../datasets/GIRAFE/daily/2023/02/PREdm20230206000000120IMPGSI1GL.nc
Processing ../../../datasets/GIRAFE/daily/2023/02/PREdm20230207000000120IMPGSI1GL.nc
Processing ../../../datasets/GIRAFE/daily/2023/02/PREdm20230208000000120IMPGSI1GL.nc
Processing ../../../datasets/GIRAFE/daily/2023/02/PREdm20230209000000120IMPGSI1GL.nc
Processing ../../../datasets/GIRAFE/daily/2023/02/PREdm20230210000000120IMPGSI1GL.nc
Processing ../../../datasets/GIRAFE/daily/2023/02/PREdm20230211000000120IMPGSI1GL.nc
Processing ../../../datasets/GIRAFE/daily/2023/02/PREdm20230212000000120IMPGSI1GL.nc
Processing ../../../datasets/GIRAFE/daily/2023/02/PREdm20230213000000120IMPGSI1GL.nc
Processing ../../../datasets/GIRAFE/daily/2023/02/PREdm20230214000000120IMPGSI1GL.nc
Processing ../../../datasets/GIRAFE/daily/2023/02/PREdm20230215000000120IMPGSI1GL.nc
Processing ../../../datasets/GIRAFE/daily/2023/02/PREdm20230216000000120IMPGSI1GL.nc
Processing ../../../datasets/GIRAFE/daily/2023/02/PREdm20230217000000120IMPGSI1GL.nc
Processing ../../../datasets/GIRAFE/daily/2023/02/PREdm20230218000000120IMPGSI1GL.nc
Processing ../../../datasets/GIRAFE/daily/2023/02/PREdm20230219000000120IMPGSI1GL.nc
Processing ../../../datasets/GIRAFE/daily/2023/02/PREdm20230220000000120IMPGSI1GL.nc
Processing ../../../datasets/GIRAFE/daily/2023/02/PREdm20230221000000120IMPGSI1GL.nc
Processing ../../../datasets/GIRAFE/daily/2023/02/PREdm20230222000000120IMPGSI1GL.nc
Processing ../../../datasets/GIRAFE/daily/2023/02/PREdm20230223000000120IMPGSI1GL.nc
Processing ../../../datasets/GIRAFE/daily/2023/02/PREdm20230224000000120IMPGSI1GL.nc
Processing ../../../datasets/GIRAFE/daily/2023/02/PREdm20230225000000120IMPGSI1GL.nc
Processing ../../../datasets/GIRAFE/daily/2023/02/PREdm20230226000000120IMPGSI1GL.nc
Processing ../../../datasets/GIRAFE/daily/2023/02/PREdm20230227000000120IMPGSI1GL.nc
Processing ../../../datasets/GIRAFE/daily/2023/02/PREdm20230228000000120IMPGSI1GL.nc
Processing ../../../datasets/GIRAFE/daily/2023/03/PREdm20230301000000120IMPGSI1GL.nc
Processing ../../../datasets/GIRAFE/daily/2023/03/PREdm20230302000000120IMPGSI1GL.nc
Processing ../../../datasets/GIRAFE/daily/2023/03/PREdm20230303000000120IMPGSI1GL.nc
Processing ../../../datasets/GIRAFE/daily/2023/03/PREdm20230304000000120IMPGSI1GL.nc
Processing ../../../datasets/GIRAFE/daily/2023/03/PREdm20230305000000120IMPGSI1GL.nc
Processing ../../../datasets/GIRAFE/daily/2023/03/PREdm20230306000000120IMPGSI1GL.nc
Processing ../../../datasets/GIRAFE/daily/2023/03/PREdm20230307000000120IMPGSI1GL.nc
Processing ../../../datasets/GIRAFE/daily/2023/03/PREdm20230308000000120IMPGSI1GL.nc
Processing ../../../datasets/GIRAFE/daily/2023/03/PREdm20230309000000120IMPGSI1GL.nc
Processing ../../../datasets/GIRAFE/daily/2023/03/PREdm20230310000000120IMPGSI1GL.nc
Processing ../../../datasets/GIRAFE/daily/2023/03/PREdm20230311000000120IMPGSI1GL.nc
Processing ../../../datasets/GIRAFE/daily/2023/03/PREdm20230312000000120IMPGSI1GL.nc
Processing ../../../datasets/GIRAFE/daily/2023/03/PREdm20230313000000120IMPGSI1GL.nc
Processing ../../../datasets/GIRAFE/daily/2023/03/PREdm20230314000000120IMPGSI1GL.nc
Processing ../../../datasets/GIRAFE/daily/2023/03/PREdm20230315000000120IMPGSI1GL.nc
Processing ../../../datasets/GIRAFE/daily/2023/03/PREdm20230316000000120IMPGSI1GL.nc
Processing ../../../datasets/GIRAFE/daily/2023/03/PREdm20230317000000120IMPGSI1GL.nc
Processing ../../../datasets/GIRAFE/daily/2023/03/PREdm20230318000000120IMPGSI1GL.nc
Processing ../../../datasets/GIRAFE/daily/2023/03/PREdm20230319000000120IMPGSI1GL.nc
Processing ../../../datasets/GIRAFE/daily/2023/03/PREdm20230320000000120IMPGSI1GL.nc
Processing ../../../datasets/GIRAFE/daily/2023/03/PREdm20230321000000120IMPGSI1GL.nc
Processing ../../../datasets/GIRAFE/daily/2023/03/PREdm20230322000000120IMPGSI1GL.nc
Processing ../../../datasets/GIRAFE/daily/2023/03/PREdm20230323000000120IMPGSI1GL.nc
Processing ../../../datasets/GIRAFE/daily/2023/03/PREdm20230324000000120IMPGSI1GL.nc
Processing ../../../datasets/GIRAFE/daily/2023/03/PREdm20230325000000120IMPGSI1GL.nc
Processing ../../../datasets/GIRAFE/daily/2023/03/PREdm20230326000000120IMPGSI1GL.nc
Processing ../../../datasets/GIRAFE/daily/2023/03/PREdm20230327000000120IMPGSI1GL.nc
Processing ../../../datasets/GIRAFE/daily/2023/03/PREdm20230328000000120IMPGSI1GL.nc
Processing ../../../datasets/GIRAFE/daily/2023/03/PREdm20230329000000120IMPGSI1GL.nc
Processing ../../../datasets/GIRAFE/daily/2023/03/PREdm20230330000000120IMPGSI1GL.nc
Processing ../../../datasets/GIRAFE/daily/2023/03/PREdm20230331000000120IMPGSI1GL.nc
Processing ../../../datasets/GIRAFE/daily/2023/04/PREdm20230401000000120IMPGSI1GL.nc
Processing ../../../datasets/GIRAFE/daily/2023/04/PREdm20230402000000120IMPGSI1GL.nc
Processing ../../../datasets/GIRAFE/daily/2023/04/PREdm20230403000000120IMPGSI1GL.nc
Processing ../../../datasets/GIRAFE/daily/2023/04/PREdm20230404000000120IMPGSI1GL.nc
Processing ../../../datasets/GIRAFE/daily/2023/04/PREdm20230405000000120IMPGSI1GL.nc
Processing ../../../datasets/GIRAFE/daily/2023/04/PREdm20230406000000120IMPGSI1GL.nc
Processing ../../../datasets/GIRAFE/daily/2023/04/PREdm20230407000000120IMPGSI1GL.nc
Processing ../../../datasets/GIRAFE/daily/2023/04/PREdm20230408000000120IMPGSI1GL.nc
Processing ../../../datasets/GIRAFE/daily/2023/04/PREdm20230409000000120IMPGSI1GL.nc
Processing ../../../datasets/GIRAFE/daily/2023/04/PREdm20230410000000120IMPGSI1GL.nc
Processing ../../../datasets/GIRAFE/daily/2023/04/PREdm20230411000000120IMPGSI1GL.nc
Processing ../../../datasets/GIRAFE/daily/2023/04/PREdm20230412000000120IMPGSI1GL.nc
Processing ../../../datasets/GIRAFE/daily/2023/04/PREdm20230413000000120IMPGSI1GL.nc
Processing ../../../datasets/GIRAFE/daily/2023/04/PREdm20230414000000120IMPGSI1GL.nc
Processing ../../../datasets/GIRAFE/daily/2023/04/PREdm20230415000000120IMPGSI1GL.nc
Processing ../../../datasets/GIRAFE/daily/2023/04/PREdm20230416000000120IMPGSI1GL.nc
Processing ../../../datasets/GIRAFE/daily/2023/04/PREdm20230417000000120IMPGSI1GL.nc
Processing ../../../datasets/GIRAFE/daily/2023/04/PREdm20230418000000120IMPGSI1GL.nc
Processing ../../../datasets/GIRAFE/daily/2023/04/PREdm20230419000000120IMPGSI1GL.nc
Processing ../../../datasets/GIRAFE/daily/2023/04/PREdm20230420000000120IMPGSI1GL.nc
Processing ../../../datasets/GIRAFE/daily/2023/04/PREdm20230421000000120IMPGSI1GL.nc
Processing ../../../datasets/GIRAFE/daily/2023/04/PREdm20230422000000120IMPGSI1GL.nc
Processing ../../../datasets/GIRAFE/daily/2023/04/PREdm20230423000000120IMPGSI1GL.nc
Processing ../../../datasets/GIRAFE/daily/2023/04/PREdm20230424000000120IMPGSI1GL.nc
Processing ../../../datasets/GIRAFE/daily/2023/04/PREdm20230425000000120IMPGSI1GL.nc
Processing ../../../datasets/GIRAFE/daily/2023/04/PREdm20230426000000120IMPGSI1GL.nc
Processing ../../../datasets/GIRAFE/daily/2023/04/PREdm20230427000000120IMPGSI1GL.nc
Processing ../../../datasets/GIRAFE/daily/2023/04/PREdm20230428000000120IMPGSI1GL.nc
Processing ../../../datasets/GIRAFE/daily/2023/04/PREdm20230429000000120IMPGSI1GL.nc
Processing ../../../datasets/GIRAFE/daily/2023/04/PREdm20230430000000120IMPGSI1GL.nc
Processing ../../../datasets/GIRAFE/daily/2023/05/PREdm20230501000000120IMPGSI1GL.nc
Processing ../../../datasets/GIRAFE/daily/2023/05/PREdm20230502000000120IMPGSI1GL.nc
Processing ../../../datasets/GIRAFE/daily/2023/05/PREdm20230503000000120IMPGSI1GL.nc
Processing ../../../datasets/GIRAFE/daily/2023/05/PREdm20230504000000120IMPGSI1GL.nc
Processing ../../../datasets/GIRAFE/daily/2023/05/PREdm20230505000000120IMPGSI1GL.nc
Processing ../../../datasets/GIRAFE/daily/2023/05/PREdm20230506000000120IMPGSI1GL.nc
Processing ../../../datasets/GIRAFE/daily/2023/05/PREdm20230507000000120IMPGSI1GL.nc
Processing ../../../datasets/GIRAFE/daily/2023/05/PREdm20230508000000120IMPGSI1GL.nc
Processing ../../../datasets/GIRAFE/daily/2023/05/PREdm20230509000000120IMPGSI1GL.nc
Processing ../../../datasets/GIRAFE/daily/2023/05/PREdm20230510000000120IMPGSI1GL.nc
Processing ../../../datasets/GIRAFE/daily/2023/05/PREdm20230511000000120IMPGSI1GL.nc
Processing ../../../datasets/GIRAFE/daily/2023/05/PREdm20230512000000120IMPGSI1GL.nc
Processing ../../../datasets/GIRAFE/daily/2023/05/PREdm20230513000000120IMPGSI1GL.nc
Processing ../../../datasets/GIRAFE/daily/2023/05/PREdm20230514000000120IMPGSI1GL.nc
Processing ../../../datasets/GIRAFE/daily/2023/05/PREdm20230515000000120IMPGSI1GL.nc
Processing ../../../datasets/GIRAFE/daily/2023/05/PREdm20230516000000120IMPGSI1GL.nc
Processing ../../../datasets/GIRAFE/daily/2023/05/PREdm20230517000000120IMPGSI1GL.nc
Processing ../../../datasets/GIRAFE/daily/2023/05/PREdm20230518000000120IMPGSI1GL.nc
Processing ../../../datasets/GIRAFE/daily/2023/05/PREdm20230519000000120IMPGSI1GL.nc
Processing ../../../datasets/GIRAFE/daily/2023/05/PREdm20230520000000120IMPGSI1GL.nc
Processing ../../../datasets/GIRAFE/daily/2023/05/PREdm20230521000000120IMPGSI1GL.nc
Processing ../../../datasets/GIRAFE/daily/2023/05/PREdm20230522000000120IMPGSI1GL.nc
Processing ../../../datasets/GIRAFE/daily/2023/05/PREdm20230523000000120IMPGSI1GL.nc
Processing ../../../datasets/GIRAFE/daily/2023/05/PREdm20230524000000120IMPGSI1GL.nc
Processing ../../../datasets/GIRAFE/daily/2023/05/PREdm20230525000000120IMPGSI1GL.nc
Processing ../../../datasets/GIRAFE/daily/2023/05/PREdm20230526000000120IMPGSI1GL.nc
Processing ../../../datasets/GIRAFE/daily/2023/05/PREdm20230527000000120IMPGSI1GL.nc
Processing ../../../datasets/GIRAFE/daily/2023/05/PREdm20230528000000120IMPGSI1GL.nc
Processing ../../../datasets/GIRAFE/daily/2023/05/PREdm20230529000000120IMPGSI1GL.nc
Processing ../../../datasets/GIRAFE/daily/2023/05/PREdm20230530000000120IMPGSI1GL.nc
Processing ../../../datasets/GIRAFE/daily/2023/05/PREdm20230531000000120IMPGSI1GL.nc
Processing ../../../datasets/GIRAFE/daily/2023/06/PREdm20230601000000120IMPGSI1GL.nc
Processing ../../../datasets/GIRAFE/daily/2023/06/PREdm20230602000000120IMPGSI1GL.nc
Processing ../../../datasets/GIRAFE/daily/2023/06/PREdm20230603000000120IMPGSI1GL.nc
Processing ../../../datasets/GIRAFE/daily/2023/06/PREdm20230604000000120IMPGSI1GL.nc
Processing ../../../datasets/GIRAFE/daily/2023/06/PREdm20230605000000120IMPGSI1GL.nc
Processing ../../../datasets/GIRAFE/daily/2023/06/PREdm20230606000000120IMPGSI1GL.nc
Processing ../../../datasets/GIRAFE/daily/2023/06/PREdm20230607000000120IMPGSI1GL.nc
Processing ../../../datasets/GIRAFE/daily/2023/06/PREdm20230608000000120IMPGSI1GL.nc
Processing ../../../datasets/GIRAFE/daily/2023/06/PREdm20230609000000120IMPGSI1GL.nc
Processing ../../../datasets/GIRAFE/daily/2023/06/PREdm20230610000000120IMPGSI1GL.nc
Processing ../../../datasets/GIRAFE/daily/2023/06/PREdm20230611000000120IMPGSI1GL.nc
Processing ../../../datasets/GIRAFE/daily/2023/06/PREdm20230612000000120IMPGSI1GL.nc
Processing ../../../datasets/GIRAFE/daily/2023/06/PREdm20230613000000120IMPGSI1GL.nc
Processing ../../../datasets/GIRAFE/daily/2023/06/PREdm20230614000000120IMPGSI1GL.nc
Processing ../../../datasets/GIRAFE/daily/2023/06/PREdm20230615000000120IMPGSI1GL.nc
Processing ../../../datasets/GIRAFE/daily/2023/06/PREdm20230616000000120IMPGSI1GL.nc
Processing ../../../datasets/GIRAFE/daily/2023/06/PREdm20230617000000120IMPGSI1GL.nc
Processing ../../../datasets/GIRAFE/daily/2023/06/PREdm20230618000000120IMPGSI1GL.nc
Processing ../../../datasets/GIRAFE/daily/2023/06/PREdm20230619000000120IMPGSI1GL.nc
Processing ../../../datasets/GIRAFE/daily/2023/06/PREdm20230620000000120IMPGSI1GL.nc
Processing ../../../datasets/GIRAFE/daily/2023/06/PREdm20230621000000120IMPGSI1GL.nc
Processing ../../../datasets/GIRAFE/daily/2023/06/PREdm20230622000000120IMPGSI1GL.nc
Processing ../../../datasets/GIRAFE/daily/2023/06/PREdm20230623000000120IMPGSI1GL.nc
Processing ../../../datasets/GIRAFE/daily/2023/06/PREdm20230624000000120IMPGSI1GL.nc
Processing ../../../datasets/GIRAFE/daily/2023/06/PREdm20230625000000120IMPGSI1GL.nc
Processing ../../../datasets/GIRAFE/daily/2023/06/PREdm20230626000000120IMPGSI1GL.nc
Processing ../../../datasets/GIRAFE/daily/2023/06/PREdm20230627000000120IMPGSI1GL.nc
Processing ../../../datasets/GIRAFE/daily/2023/06/PREdm20230628000000120IMPGSI1GL.nc
Processing ../../../datasets/GIRAFE/daily/2023/06/PREdm20230629000000120IMPGSI1GL.nc
Processing ../../../datasets/GIRAFE/daily/2023/06/PREdm20230630000000120IMPGSI1GL.nc
Processing ../../../datasets/GIRAFE/daily/2023/07/PREdm20230701000000120IMPGSI1GL.nc
Processing ../../../datasets/GIRAFE/daily/2023/07/PREdm20230702000000120IMPGSI1GL.nc
Processing ../../../datasets/GIRAFE/daily/2023/07/PREdm20230703000000120IMPGSI1GL.nc
Processing ../../../datasets/GIRAFE/daily/2023/07/PREdm20230704000000120IMPGSI1GL.nc
Processing ../../../datasets/GIRAFE/daily/2023/07/PREdm20230705000000120IMPGSI1GL.nc
Processing ../../../datasets/GIRAFE/daily/2023/07/PREdm20230706000000120IMPGSI1GL.nc
Processing ../../../datasets/GIRAFE/daily/2023/07/PREdm20230707000000120IMPGSI1GL.nc
Processing ../../../datasets/GIRAFE/daily/2023/07/PREdm20230708000000120IMPGSI1GL.nc
Processing ../../../datasets/GIRAFE/daily/2023/07/PREdm20230709000000120IMPGSI1GL.nc
Processing ../../../datasets/GIRAFE/daily/2023/07/PREdm20230710000000120IMPGSI1GL.nc
Processing ../../../datasets/GIRAFE/daily/2023/07/PREdm20230711000000120IMPGSI1GL.nc
Processing ../../../datasets/GIRAFE/daily/2023/07/PREdm20230712000000120IMPGSI1GL.nc
Processing ../../../datasets/GIRAFE/daily/2023/07/PREdm20230713000000120IMPGSI1GL.nc
Processing ../../../datasets/GIRAFE/daily/2023/07/PREdm20230714000000120IMPGSI1GL.nc
Processing ../../../datasets/GIRAFE/daily/2023/07/PREdm20230715000000120IMPGSI1GL.nc
Processing ../../../datasets/GIRAFE/daily/2023/07/PREdm20230716000000120IMPGSI1GL.nc
Processing ../../../datasets/GIRAFE/daily/2023/07/PREdm20230717000000120IMPGSI1GL.nc
Processing ../../../datasets/GIRAFE/daily/2023/07/PREdm20230718000000120IMPGSI1GL.nc
Processing ../../../datasets/GIRAFE/daily/2023/07/PREdm20230719000000120IMPGSI1GL.nc
Processing ../../../datasets/GIRAFE/daily/2023/07/PREdm20230720000000120IMPGSI1GL.nc
Processing ../../../datasets/GIRAFE/daily/2023/07/PREdm20230721000000120IMPGSI1GL.nc
Processing ../../../datasets/GIRAFE/daily/2023/07/PREdm20230722000000120IMPGSI1GL.nc
Processing ../../../datasets/GIRAFE/daily/2023/07/PREdm20230723000000120IMPGSI1GL.nc
Processing ../../../datasets/GIRAFE/daily/2023/07/PREdm20230724000000120IMPGSI1GL.nc
Processing ../../../datasets/GIRAFE/daily/2023/07/PREdm20230725000000120IMPGSI1GL.nc
Processing ../../../datasets/GIRAFE/daily/2023/07/PREdm20230726000000120IMPGSI1GL.nc
Processing ../../../datasets/GIRAFE/daily/2023/07/PREdm20230727000000120IMPGSI1GL.nc
Processing ../../../datasets/GIRAFE/daily/2023/07/PREdm20230728000000120IMPGSI1GL.nc
Processing ../../../datasets/GIRAFE/daily/2023/07/PREdm20230729000000120IMPGSI1GL.nc
Processing ../../../datasets/GIRAFE/daily/2023/07/PREdm20230730000000120IMPGSI1GL.nc
Processing ../../../datasets/GIRAFE/daily/2023/07/PREdm20230731000000120IMPGSI1GL.nc
Processing ../../../datasets/GIRAFE/daily/2023/08/PREdm20230801000000120IMPGSI1GL.nc
Processing ../../../datasets/GIRAFE/daily/2023/08/PREdm20230802000000120IMPGSI1GL.nc
Processing ../../../datasets/GIRAFE/daily/2023/08/PREdm20230803000000120IMPGSI1GL.nc
Processing ../../../datasets/GIRAFE/daily/2023/08/PREdm20230804000000120IMPGSI1GL.nc
Processing ../../../datasets/GIRAFE/daily/2023/08/PREdm20230805000000120IMPGSI1GL.nc
Processing ../../../datasets/GIRAFE/daily/2023/08/PREdm20230806000000120IMPGSI1GL.nc
Processing ../../../datasets/GIRAFE/daily/2023/08/PREdm20230807000000120IMPGSI1GL.nc
Processing ../../../datasets/GIRAFE/daily/2023/08/PREdm20230808000000120IMPGSI1GL.nc
Processing ../../../datasets/GIRAFE/daily/2023/08/PREdm20230809000000120IMPGSI1GL.nc
Processing ../../../datasets/GIRAFE/daily/2023/08/PREdm20230810000000120IMPGSI1GL.nc
Processing ../../../datasets/GIRAFE/daily/2023/08/PREdm20230811000000120IMPGSI1GL.nc
Processing ../../../datasets/GIRAFE/daily/2023/08/PREdm20230812000000120IMPGSI1GL.nc
Processing ../../../datasets/GIRAFE/daily/2023/08/PREdm20230813000000120IMPGSI1GL.nc
Processing ../../../datasets/GIRAFE/daily/2023/08/PREdm20230814000000120IMPGSI1GL.nc
Processing ../../../datasets/GIRAFE/daily/2023/08/PREdm20230815000000120IMPGSI1GL.nc
Processing ../../../datasets/GIRAFE/daily/2023/08/PREdm20230816000000120IMPGSI1GL.nc
Processing ../../../datasets/GIRAFE/daily/2023/08/PREdm20230817000000120IMPGSI1GL.nc
Processing ../../../datasets/GIRAFE/daily/2023/08/PREdm20230818000000120IMPGSI1GL.nc
Processing ../../../datasets/GIRAFE/daily/2023/08/PREdm20230819000000120IMPGSI1GL.nc
Processing ../../../datasets/GIRAFE/daily/2023/08/PREdm20230820000000120IMPGSI1GL.nc
Processing ../../../datasets/GIRAFE/daily/2023/08/PREdm20230821000000120IMPGSI1GL.nc
Processing ../../../datasets/GIRAFE/daily/2023/08/PREdm20230822000000120IMPGSI1GL.nc
Processing ../../../datasets/GIRAFE/daily/2023/08/PREdm20230823000000120IMPGSI1GL.nc
Processing ../../../datasets/GIRAFE/daily/2023/08/PREdm20230824000000120IMPGSI1GL.nc
Processing ../../../datasets/GIRAFE/daily/2023/08/PREdm20230825000000120IMPGSI1GL.nc
Processing ../../../datasets/GIRAFE/daily/2023/08/PREdm20230826000000120IMPGSI1GL.nc
Processing ../../../datasets/GIRAFE/daily/2023/08/PREdm20230827000000120IMPGSI1GL.nc
Processing ../../../datasets/GIRAFE/daily/2023/08/PREdm20230828000000120IMPGSI1GL.nc
Processing ../../../datasets/GIRAFE/daily/2023/08/PREdm20230829000000120IMPGSI1GL.nc
Processing ../../../datasets/GIRAFE/daily/2023/08/PREdm20230830000000120IMPGSI1GL.nc
Processing ../../../datasets/GIRAFE/daily/2023/08/PREdm20230831000000120IMPGSI1GL.nc
Processing ../../../datasets/GIRAFE/daily/2023/09/PREdm20230901000000120IMPGSI1GL.nc
Processing ../../../datasets/GIRAFE/daily/2023/09/PREdm20230902000000120IMPGSI1GL.nc
Processing ../../../datasets/GIRAFE/daily/2023/09/PREdm20230903000000120IMPGSI1GL.nc
Processing ../../../datasets/GIRAFE/daily/2023/09/PREdm20230904000000120IMPGSI1GL.nc
Processing ../../../datasets/GIRAFE/daily/2023/09/PREdm20230905000000120IMPGSI1GL.nc
Processing ../../../datasets/GIRAFE/daily/2023/09/PREdm20230906000000120IMPGSI1GL.nc
Processing ../../../datasets/GIRAFE/daily/2023/09/PREdm20230907000000120IMPGSI1GL.nc
Processing ../../../datasets/GIRAFE/daily/2023/09/PREdm20230908000000120IMPGSI1GL.nc
Processing ../../../datasets/GIRAFE/daily/2023/09/PREdm20230909000000120IMPGSI1GL.nc
Processing ../../../datasets/GIRAFE/daily/2023/09/PREdm20230910000000120IMPGSI1GL.nc
Processing ../../../datasets/GIRAFE/daily/2023/09/PREdm20230911000000120IMPGSI1GL.nc
Processing ../../../datasets/GIRAFE/daily/2023/09/PREdm20230912000000120IMPGSI1GL.nc
Processing ../../../datasets/GIRAFE/daily/2023/09/PREdm20230913000000120IMPGSI1GL.nc
Processing ../../../datasets/GIRAFE/daily/2023/09/PREdm20230914000000120IMPGSI1GL.nc
Processing ../../../datasets/GIRAFE/daily/2023/09/PREdm20230915000000120IMPGSI1GL.nc
Processing ../../../datasets/GIRAFE/daily/2023/09/PREdm20230916000000120IMPGSI1GL.nc
Processing ../../../datasets/GIRAFE/daily/2023/09/PREdm20230917000000120IMPGSI1GL.nc
Processing ../../../datasets/GIRAFE/daily/2023/09/PREdm20230918000000120IMPGSI1GL.nc
Processing ../../../datasets/GIRAFE/daily/2023/09/PREdm20230919000000120IMPGSI1GL.nc
Processing ../../../datasets/GIRAFE/daily/2023/09/PREdm20230920000000120IMPGSI1GL.nc
Processing ../../../datasets/GIRAFE/daily/2023/09/PREdm20230921000000120IMPGSI1GL.nc
Processing ../../../datasets/GIRAFE/daily/2023/09/PREdm20230922000000120IMPGSI1GL.nc
Processing ../../../datasets/GIRAFE/daily/2023/09/PREdm20230923000000120IMPGSI1GL.nc
Processing ../../../datasets/GIRAFE/daily/2023/09/PREdm20230924000000120IMPGSI1GL.nc
Processing ../../../datasets/GIRAFE/daily/2023/09/PREdm20230925000000120IMPGSI1GL.nc
Processing ../../../datasets/GIRAFE/daily/2023/09/PREdm20230926000000120IMPGSI1GL.nc
Processing ../../../datasets/GIRAFE/daily/2023/09/PREdm20230927000000120IMPGSI1GL.nc
Processing ../../../datasets/GIRAFE/daily/2023/09/PREdm20230928000000120IMPGSI1GL.nc
Processing ../../../datasets/GIRAFE/daily/2023/09/PREdm20230929000000120IMPGSI1GL.nc
Processing ../../../datasets/GIRAFE/daily/2023/09/PREdm20230930000000120IMPGSI1GL.nc
Processing ../../../datasets/GIRAFE/daily/2023/10/PREdm20231001000000120IMPGSI1GL.nc
Processing ../../../datasets/GIRAFE/daily/2023/10/PREdm20231002000000120IMPGSI1GL.nc
Processing ../../../datasets/GIRAFE/daily/2023/10/PREdm20231003000000120IMPGSI1GL.nc
Processing ../../../datasets/GIRAFE/daily/2023/10/PREdm20231004000000120IMPGSI1GL.nc
Processing ../../../datasets/GIRAFE/daily/2023/10/PREdm20231005000000120IMPGSI1GL.nc
Processing ../../../datasets/GIRAFE/daily/2023/10/PREdm20231006000000120IMPGSI1GL.nc
Processing ../../../datasets/GIRAFE/daily/2023/10/PREdm20231007000000120IMPGSI1GL.nc
Processing ../../../datasets/GIRAFE/daily/2023/10/PREdm20231008000000120IMPGSI1GL.nc
Processing ../../../datasets/GIRAFE/daily/2023/10/PREdm20231009000000120IMPGSI1GL.nc
Processing ../../../datasets/GIRAFE/daily/2023/10/PREdm20231010000000120IMPGSI1GL.nc
Processing ../../../datasets/GIRAFE/daily/2023/10/PREdm20231011000000120IMPGSI1GL.nc
Processing ../../../datasets/GIRAFE/daily/2023/10/PREdm20231012000000120IMPGSI1GL.nc
Processing ../../../datasets/GIRAFE/daily/2023/10/PREdm20231013000000120IMPGSI1GL.nc
Processing ../../../datasets/GIRAFE/daily/2023/10/PREdm20231014000000120IMPGSI1GL.nc
Processing ../../../datasets/GIRAFE/daily/2023/10/PREdm20231015000000120IMPGSI1GL.nc
Processing ../../../datasets/GIRAFE/daily/2023/10/PREdm20231016000000120IMPGSI1GL.nc
Processing ../../../datasets/GIRAFE/daily/2023/10/PREdm20231017000000120IMPGSI1GL.nc
Processing ../../../datasets/GIRAFE/daily/2023/10/PREdm20231018000000120IMPGSI1GL.nc
Processing ../../../datasets/GIRAFE/daily/2023/10/PREdm20231019000000120IMPGSI1GL.nc
Processing ../../../datasets/GIRAFE/daily/2023/10/PREdm20231020000000120IMPGSI1GL.nc
Processing ../../../datasets/GIRAFE/daily/2023/10/PREdm20231021000000120IMPGSI1GL.nc
Processing ../../../datasets/GIRAFE/daily/2023/10/PREdm20231022000000120IMPGSI1GL.nc
Processing ../../../datasets/GIRAFE/daily/2023/10/PREdm20231023000000120IMPGSI1GL.nc
Processing ../../../datasets/GIRAFE/daily/2023/10/PREdm20231024000000120IMPGSI1GL.nc
Processing ../../../datasets/GIRAFE/daily/2023/10/PREdm20231025000000120IMPGSI1GL.nc
Processing ../../../datasets/GIRAFE/daily/2023/10/PREdm20231026000000120IMPGSI1GL.nc
Processing ../../../datasets/GIRAFE/daily/2023/10/PREdm20231027000000120IMPGSI1GL.nc
Processing ../../../datasets/GIRAFE/daily/2023/10/PREdm20231028000000120IMPGSI1GL.nc
Processing ../../../datasets/GIRAFE/daily/2023/10/PREdm20231029000000120IMPGSI1GL.nc
Processing ../../../datasets/GIRAFE/daily/2023/10/PREdm20231030000000120IMPGSI1GL.nc
Processing ../../../datasets/GIRAFE/daily/2023/10/PREdm20231031000000120IMPGSI1GL.nc
Processing ../../../datasets/GIRAFE/daily/2023/11/PREdm20231101000000120IMPGSI1GL.nc
Processing ../../../datasets/GIRAFE/daily/2023/11/PREdm20231102000000120IMPGSI1GL.nc
Processing ../../../datasets/GIRAFE/daily/2023/11/PREdm20231103000000120IMPGSI1GL.nc
Processing ../../../datasets/GIRAFE/daily/2023/11/PREdm20231104000000120IMPGSI1GL.nc
Processing ../../../datasets/GIRAFE/daily/2023/11/PREdm20231105000000120IMPGSI1GL.nc
Processing ../../../datasets/GIRAFE/daily/2023/11/PREdm20231106000000120IMPGSI1GL.nc
Processing ../../../datasets/GIRAFE/daily/2023/11/PREdm20231107000000120IMPGSI1GL.nc
Processing ../../../datasets/GIRAFE/daily/2023/11/PREdm20231108000000120IMPGSI1GL.nc
Processing ../../../datasets/GIRAFE/daily/2023/11/PREdm20231109000000120IMPGSI1GL.nc
Processing ../../../datasets/GIRAFE/daily/2023/11/PREdm20231110000000120IMPGSI1GL.nc
Processing ../../../datasets/GIRAFE/daily/2023/11/PREdm20231111000000120IMPGSI1GL.nc
Processing ../../../datasets/GIRAFE/daily/2023/11/PREdm20231112000000120IMPGSI1GL.nc
Processing ../../../datasets/GIRAFE/daily/2023/11/PREdm20231113000000120IMPGSI1GL.nc
Processing ../../../datasets/GIRAFE/daily/2023/11/PREdm20231114000000120IMPGSI1GL.nc
Processing ../../../datasets/GIRAFE/daily/2023/11/PREdm20231115000000120IMPGSI1GL.nc
Processing ../../../datasets/GIRAFE/daily/2023/11/PREdm20231116000000120IMPGSI1GL.nc
Processing ../../../datasets/GIRAFE/daily/2023/11/PREdm20231117000000120IMPGSI1GL.nc
Processing ../../../datasets/GIRAFE/daily/2023/11/PREdm20231118000000120IMPGSI1GL.nc
Processing ../../../datasets/GIRAFE/daily/2023/11/PREdm20231119000000120IMPGSI1GL.nc
Processing ../../../datasets/GIRAFE/daily/2023/11/PREdm20231120000000120IMPGSI1GL.nc
Processing ../../../datasets/GIRAFE/daily/2023/11/PREdm20231121000000120IMPGSI1GL.nc
Processing ../../../datasets/GIRAFE/daily/2023/11/PREdm20231122000000120IMPGSI1GL.nc
Processing ../../../datasets/GIRAFE/daily/2023/11/PREdm20231123000000120IMPGSI1GL.nc
Processing ../../../datasets/GIRAFE/daily/2023/11/PREdm20231124000000120IMPGSI1GL.nc
Processing ../../../datasets/GIRAFE/daily/2023/11/PREdm20231125000000120IMPGSI1GL.nc
Processing ../../../datasets/GIRAFE/daily/2023/11/PREdm20231126000000120IMPGSI1GL.nc
Processing ../../../datasets/GIRAFE/daily/2023/11/PREdm20231127000000120IMPGSI1GL.nc
Processing ../../../datasets/GIRAFE/daily/2023/11/PREdm20231128000000120IMPGSI1GL.nc
Processing ../../../datasets/GIRAFE/daily/2023/11/PREdm20231129000000120IMPGSI1GL.nc
Processing ../../../datasets/GIRAFE/daily/2023/11/PREdm20231130000000120IMPGSI1GL.nc
Processing ../../../datasets/GIRAFE/daily/2023/12/PREdm20231201000000120IMPGSI1GL.nc
Processing ../../../datasets/GIRAFE/daily/2023/12/PREdm20231202000000120IMPGSI1GL.nc
Processing ../../../datasets/GIRAFE/daily/2023/12/PREdm20231203000000120IMPGSI1GL.nc
Processing ../../../datasets/GIRAFE/daily/2023/12/PREdm20231204000000120IMPGSI1GL.nc
Processing ../../../datasets/GIRAFE/daily/2023/12/PREdm20231205000000120IMPGSI1GL.nc
Processing ../../../datasets/GIRAFE/daily/2023/12/PREdm20231206000000120IMPGSI1GL.nc
Processing ../../../datasets/GIRAFE/daily/2023/12/PREdm20231207000000120IMPGSI1GL.nc
Processing ../../../datasets/GIRAFE/daily/2023/12/PREdm20231208000000120IMPGSI1GL.nc
Processing ../../../datasets/GIRAFE/daily/2023/12/PREdm20231209000000120IMPGSI1GL.nc
Processing ../../../datasets/GIRAFE/daily/2023/12/PREdm20231210000000120IMPGSI1GL.nc
Processing ../../../datasets/GIRAFE/daily/2023/12/PREdm20231211000000120IMPGSI1GL.nc
Processing ../../../datasets/GIRAFE/daily/2023/12/PREdm20231212000000120IMPGSI1GL.nc
Processing ../../../datasets/GIRAFE/daily/2023/12/PREdm20231213000000120IMPGSI1GL.nc
Processing ../../../datasets/GIRAFE/daily/2023/12/PREdm20231214000000120IMPGSI1GL.nc
Processing ../../../datasets/GIRAFE/daily/2023/12/PREdm20231215000000120IMPGSI1GL.nc
Processing ../../../datasets/GIRAFE/daily/2023/12/PREdm20231216000000120IMPGSI1GL.nc
Processing ../../../datasets/GIRAFE/daily/2023/12/PREdm20231217000000120IMPGSI1GL.nc
Processing ../../../datasets/GIRAFE/daily/2023/12/PREdm20231218000000120IMPGSI1GL.nc
Processing ../../../datasets/GIRAFE/daily/2023/12/PREdm20231219000000120IMPGSI1GL.nc
Processing ../../../datasets/GIRAFE/daily/2023/12/PREdm20231220000000120IMPGSI1GL.nc
Processing ../../../datasets/GIRAFE/daily/2023/12/PREdm20231221000000120IMPGSI1GL.nc
Processing ../../../datasets/GIRAFE/daily/2023/12/PREdm20231222000000120IMPGSI1GL.nc
Processing ../../../datasets/GIRAFE/daily/2023/12/PREdm20231223000000120IMPGSI1GL.nc
Processing ../../../datasets/GIRAFE/daily/2023/12/PREdm20231224000000120IMPGSI1GL.nc
Processing ../../../datasets/GIRAFE/daily/2023/12/PREdm20231225000000120IMPGSI1GL.nc
Processing ../../../datasets/GIRAFE/daily/2023/12/PREdm20231226000000120IMPGSI1GL.nc
Processing ../../../datasets/GIRAFE/daily/2023/12/PREdm20231227000000120IMPGSI1GL.nc
Processing ../../../datasets/GIRAFE/daily/2023/12/PREdm20231228000000120IMPGSI1GL.nc
Processing ../../../datasets/GIRAFE/daily/2023/12/PREdm20231229000000120IMPGSI1GL.nc
Processing ../../../datasets/GIRAFE/daily/2023/12/PREdm20231230000000120IMPGSI1GL.nc
Processing ../../../datasets/GIRAFE/daily/2023/12/PREdm20231231000000120IMPGSI1GL.nc
Processing ../../../datasets/GIRAFE/daily/2024/01/PREdm20240101000000120IMPGSI1GL.nc
Processing ../../../datasets/GIRAFE/daily/2024/01/PREdm20240102000000120IMPGSI1GL.nc
Processing ../../../datasets/GIRAFE/daily/2024/01/PREdm20240103000000120IMPGSI1GL.nc
Processing ../../../datasets/GIRAFE/daily/2024/01/PREdm20240104000000120IMPGSI1GL.nc
Processing ../../../datasets/GIRAFE/daily/2024/01/PREdm20240105000000120IMPGSI1GL.nc
Processing ../../../datasets/GIRAFE/daily/2024/01/PREdm20240106000000120IMPGSI1GL.nc
Processing ../../../datasets/GIRAFE/daily/2024/01/PREdm20240107000000120IMPGSI1GL.nc
Processing ../../../datasets/GIRAFE/daily/2024/01/PREdm20240108000000120IMPGSI1GL.nc
Processing ../../../datasets/GIRAFE/daily/2024/01/PREdm20240109000000120IMPGSI1GL.nc
Processing ../../../datasets/GIRAFE/daily/2024/01/PREdm20240110000000120IMPGSI1GL.nc
Processing ../../../datasets/GIRAFE/daily/2024/01/PREdm20240111000000120IMPGSI1GL.nc
Processing ../../../datasets/GIRAFE/daily/2024/01/PREdm20240112000000120IMPGSI1GL.nc
Processing ../../../datasets/GIRAFE/daily/2024/01/PREdm20240113000000120IMPGSI1GL.nc
Processing ../../../datasets/GIRAFE/daily/2024/01/PREdm20240114000000120IMPGSI1GL.nc
Processing ../../../datasets/GIRAFE/daily/2024/01/PREdm20240115000000120IMPGSI1GL.nc
Processing ../../../datasets/GIRAFE/daily/2024/01/PREdm20240116000000120IMPGSI1GL.nc
Processing ../../../datasets/GIRAFE/daily/2024/01/PREdm20240117000000120IMPGSI1GL.nc
Processing ../../../datasets/GIRAFE/daily/2024/01/PREdm20240118000000120IMPGSI1GL.nc
Processing ../../../datasets/GIRAFE/daily/2024/01/PREdm20240119000000120IMPGSI1GL.nc
Processing ../../../datasets/GIRAFE/daily/2024/01/PREdm20240120000000120IMPGSI1GL.nc
Processing ../../../datasets/GIRAFE/daily/2024/01/PREdm20240121000000120IMPGSI1GL.nc
Processing ../../../datasets/GIRAFE/daily/2024/01/PREdm20240122000000120IMPGSI1GL.nc
Processing ../../../datasets/GIRAFE/daily/2024/01/PREdm20240123000000120IMPGSI1GL.nc
Processing ../../../datasets/GIRAFE/daily/2024/01/PREdm20240124000000120IMPGSI1GL.nc
Processing ../../../datasets/GIRAFE/daily/2024/01/PREdm20240125000000120IMPGSI1GL.nc
Processing ../../../datasets/GIRAFE/daily/2024/01/PREdm20240126000000120IMPGSI1GL.nc
Processing ../../../datasets/GIRAFE/daily/2024/01/PREdm20240127000000120IMPGSI1GL.nc
Processing ../../../datasets/GIRAFE/daily/2024/01/PREdm20240128000000120IMPGSI1GL.nc
Processing ../../../datasets/GIRAFE/daily/2024/01/PREdm20240129000000120IMPGSI1GL.nc
Processing ../../../datasets/GIRAFE/daily/2024/01/PREdm20240130000000120IMPGSI1GL.nc
Processing ../../../datasets/GIRAFE/daily/2024/01/PREdm20240131000000120IMPGSI1GL.nc
Processing ../../../datasets/GIRAFE/daily/2024/02/PREdm20240201000000120IMPGSI1GL.nc
Processing ../../../datasets/GIRAFE/daily/2024/02/PREdm20240202000000120IMPGSI1GL.nc
Processing ../../../datasets/GIRAFE/daily/2024/02/PREdm20240203000000120IMPGSI1GL.nc
Processing ../../../datasets/GIRAFE/daily/2024/02/PREdm20240204000000120IMPGSI1GL.nc
Processing ../../../datasets/GIRAFE/daily/2024/02/PREdm20240205000000120IMPGSI1GL.nc
Processing ../../../datasets/GIRAFE/daily/2024/02/PREdm20240206000000120IMPGSI1GL.nc
Processing ../../../datasets/GIRAFE/daily/2024/02/PREdm20240207000000120IMPGSI1GL.nc
Processing ../../../datasets/GIRAFE/daily/2024/02/PREdm20240208000000120IMPGSI1GL.nc
Processing ../../../datasets/GIRAFE/daily/2024/02/PREdm20240209000000120IMPGSI1GL.nc
Processing ../../../datasets/GIRAFE/daily/2024/02/PREdm20240210000000120IMPGSI1GL.nc
Processing ../../../datasets/GIRAFE/daily/2024/02/PREdm20240211000000120IMPGSI1GL.nc
Processing ../../../datasets/GIRAFE/daily/2024/02/PREdm20240212000000120IMPGSI1GL.nc
Processing ../../../datasets/GIRAFE/daily/2024/02/PREdm20240213000000120IMPGSI1GL.nc
Processing ../../../datasets/GIRAFE/daily/2024/02/PREdm20240214000000120IMPGSI1GL.nc
Processing ../../../datasets/GIRAFE/daily/2024/02/PREdm20240215000000120IMPGSI1GL.nc
Processing ../../../datasets/GIRAFE/daily/2024/02/PREdm20240216000000120IMPGSI1GL.nc
Processing ../../../datasets/GIRAFE/daily/2024/02/PREdm20240217000000120IMPGSI1GL.nc
Processing ../../../datasets/GIRAFE/daily/2024/02/PREdm20240218000000120IMPGSI1GL.nc
Processing ../../../datasets/GIRAFE/daily/2024/02/PREdm20240219000000120IMPGSI1GL.nc
Processing ../../../datasets/GIRAFE/daily/2024/02/PREdm20240220000000120IMPGSI1GL.nc
Processing ../../../datasets/GIRAFE/daily/2024/02/PREdm20240221000000120IMPGSI1GL.nc
Processing ../../../datasets/GIRAFE/daily/2024/02/PREdm20240222000000120IMPGSI1GL.nc
Processing ../../../datasets/GIRAFE/daily/2024/02/PREdm20240223000000120IMPGSI1GL.nc
Processing ../../../datasets/GIRAFE/daily/2024/02/PREdm20240224000000120IMPGSI1GL.nc
Processing ../../../datasets/GIRAFE/daily/2024/02/PREdm20240225000000120IMPGSI1GL.nc
Processing ../../../datasets/GIRAFE/daily/2024/02/PREdm20240226000000120IMPGSI1GL.nc
Processing ../../../datasets/GIRAFE/daily/2024/02/PREdm20240227000000120IMPGSI1GL.nc
Processing ../../../datasets/GIRAFE/daily/2024/02/PREdm20240228000000120IMPGSI1GL.nc
Processing ../../../datasets/GIRAFE/daily/2024/02/PREdm20240229000000120IMPGSI1GL.nc
Processing ../../../datasets/GIRAFE/daily/2024/03/PREdm20240301000000120IMPGSI1GL.nc
Processing ../../../datasets/GIRAFE/daily/2024/03/PREdm20240302000000120IMPGSI1GL.nc
Processing ../../../datasets/GIRAFE/daily/2024/03/PREdm20240303000000120IMPGSI1GL.nc
Processing ../../../datasets/GIRAFE/daily/2024/03/PREdm20240304000000120IMPGSI1GL.nc
Processing ../../../datasets/GIRAFE/daily/2024/03/PREdm20240305000000120IMPGSI1GL.nc
Processing ../../../datasets/GIRAFE/daily/2024/03/PREdm20240306000000120IMPGSI1GL.nc
Processing ../../../datasets/GIRAFE/daily/2024/03/PREdm20240307000000120IMPGSI1GL.nc
Processing ../../../datasets/GIRAFE/daily/2024/03/PREdm20240308000000120IMPGSI1GL.nc
Processing ../../../datasets/GIRAFE/daily/2024/03/PREdm20240309000000120IMPGSI1GL.nc
Processing ../../../datasets/GIRAFE/daily/2024/03/PREdm20240310000000120IMPGSI1GL.nc
Processing ../../../datasets/GIRAFE/daily/2024/03/PREdm20240311000000120IMPGSI1GL.nc
Processing ../../../datasets/GIRAFE/daily/2024/03/PREdm20240312000000120IMPGSI1GL.nc
Processing ../../../datasets/GIRAFE/daily/2024/03/PREdm20240313000000120IMPGSI1GL.nc
Processing ../../../datasets/GIRAFE/daily/2024/03/PREdm20240314000000120IMPGSI1GL.nc
Processing ../../../datasets/GIRAFE/daily/2024/03/PREdm20240315000000120IMPGSI1GL.nc
Processing ../../../datasets/GIRAFE/daily/2024/03/PREdm20240316000000120IMPGSI1GL.nc
Processing ../../../datasets/GIRAFE/daily/2024/03/PREdm20240317000000120IMPGSI1GL.nc
Processing ../../../datasets/GIRAFE/daily/2024/03/PREdm20240318000000120IMPGSI1GL.nc
Processing ../../../datasets/GIRAFE/daily/2024/03/PREdm20240319000000120IMPGSI1GL.nc
Processing ../../../datasets/GIRAFE/daily/2024/03/PREdm20240320000000120IMPGSI1GL.nc
Processing ../../../datasets/GIRAFE/daily/2024/03/PREdm20240321000000120IMPGSI1GL.nc
Processing ../../../datasets/GIRAFE/daily/2024/03/PREdm20240322000000120IMPGSI1GL.nc
Processing ../../../datasets/GIRAFE/daily/2024/03/PREdm20240323000000120IMPGSI1GL.nc
Processing ../../../datasets/GIRAFE/daily/2024/03/PREdm20240324000000120IMPGSI1GL.nc
Processing ../../../datasets/GIRAFE/daily/2024/03/PREdm20240325000000120IMPGSI1GL.nc
Processing ../../../datasets/GIRAFE/daily/2024/03/PREdm20240326000000120IMPGSI1GL.nc
Processing ../../../datasets/GIRAFE/daily/2024/03/PREdm20240327000000120IMPGSI1GL.nc
Processing ../../../datasets/GIRAFE/daily/2024/03/PREdm20240328000000120IMPGSI1GL.nc
Processing ../../../datasets/GIRAFE/daily/2024/03/PREdm20240329000000120IMPGSI1GL.nc
Processing ../../../datasets/GIRAFE/daily/2024/03/PREdm20240330000000120IMPGSI1GL.nc
Processing ../../../datasets/GIRAFE/daily/2024/03/PREdm20240331000000120IMPGSI1GL.nc
Processing ../../../datasets/GIRAFE/daily/2024/04/PREdm20240401000000120IMPGSI1GL.nc
Processing ../../../datasets/GIRAFE/daily/2024/04/PREdm20240402000000120IMPGSI1GL.nc
Processing ../../../datasets/GIRAFE/daily/2024/04/PREdm20240403000000120IMPGSI1GL.nc
Processing ../../../datasets/GIRAFE/daily/2024/04/PREdm20240404000000120IMPGSI1GL.nc
Processing ../../../datasets/GIRAFE/daily/2024/04/PREdm20240405000000120IMPGSI1GL.nc
Processing ../../../datasets/GIRAFE/daily/2024/04/PREdm20240406000000120IMPGSI1GL.nc
Processing ../../../datasets/GIRAFE/daily/2024/04/PREdm20240407000000120IMPGSI1GL.nc
Processing ../../../datasets/GIRAFE/daily/2024/04/PREdm20240408000000120IMPGSI1GL.nc
Processing ../../../datasets/GIRAFE/daily/2024/04/PREdm20240409000000120IMPGSI1GL.nc
Processing ../../../datasets/GIRAFE/daily/2024/04/PREdm20240410000000120IMPGSI1GL.nc
Processing ../../../datasets/GIRAFE/daily/2024/04/PREdm20240411000000120IMPGSI1GL.nc
Processing ../../../datasets/GIRAFE/daily/2024/04/PREdm20240412000000120IMPGSI1GL.nc
Processing ../../../datasets/GIRAFE/daily/2024/04/PREdm20240413000000120IMPGSI1GL.nc
Processing ../../../datasets/GIRAFE/daily/2024/04/PREdm20240414000000120IMPGSI1GL.nc
Processing ../../../datasets/GIRAFE/daily/2024/04/PREdm20240415000000120IMPGSI1GL.nc
Processing ../../../datasets/GIRAFE/daily/2024/04/PREdm20240416000000120IMPGSI1GL.nc
Processing ../../../datasets/GIRAFE/daily/2024/04/PREdm20240417000000120IMPGSI1GL.nc
Processing ../../../datasets/GIRAFE/daily/2024/04/PREdm20240418000000120IMPGSI1GL.nc
Processing ../../../datasets/GIRAFE/daily/2024/04/PREdm20240419000000120IMPGSI1GL.nc
Processing ../../../datasets/GIRAFE/daily/2024/04/PREdm20240420000000120IMPGSI1GL.nc
Processing ../../../datasets/GIRAFE/daily/2024/04/PREdm20240421000000120IMPGSI1GL.nc
Processing ../../../datasets/GIRAFE/daily/2024/04/PREdm20240422000000120IMPGSI1GL.nc
Processing ../../../datasets/GIRAFE/daily/2024/04/PREdm20240423000000120IMPGSI1GL.nc
Processing ../../../datasets/GIRAFE/daily/2024/04/PREdm20240424000000120IMPGSI1GL.nc
Processing ../../../datasets/GIRAFE/daily/2024/04/PREdm20240425000000120IMPGSI1GL.nc
Processing ../../../datasets/GIRAFE/daily/2024/04/PREdm20240426000000120IMPGSI1GL.nc
Processing ../../../datasets/GIRAFE/daily/2024/04/PREdm20240427000000120IMPGSI1GL.nc
Processing ../../../datasets/GIRAFE/daily/2024/04/PREdm20240428000000120IMPGSI1GL.nc
Processing ../../../datasets/GIRAFE/daily/2024/04/PREdm20240429000000120IMPGSI1GL.nc
Processing ../../../datasets/GIRAFE/daily/2024/04/PREdm20240430000000120IMPGSI1GL.nc
Processing ../../../datasets/GIRAFE/daily/2024/05/PREdm20240501000000120IMPGSI1GL.nc
Processing ../../../datasets/GIRAFE/daily/2024/05/PREdm20240502000000120IMPGSI1GL.nc
Processing ../../../datasets/GIRAFE/daily/2024/05/PREdm20240503000000120IMPGSI1GL.nc
Processing ../../../datasets/GIRAFE/daily/2024/05/PREdm20240504000000120IMPGSI1GL.nc
Processing ../../../datasets/GIRAFE/daily/2024/05/PREdm20240505000000120IMPGSI1GL.nc
Processing ../../../datasets/GIRAFE/daily/2024/05/PREdm20240506000000120IMPGSI1GL.nc
Processing ../../../datasets/GIRAFE/daily/2024/05/PREdm20240507000000120IMPGSI1GL.nc
Processing ../../../datasets/GIRAFE/daily/2024/05/PREdm20240508000000120IMPGSI1GL.nc
Processing ../../../datasets/GIRAFE/daily/2024/05/PREdm20240509000000120IMPGSI1GL.nc
Processing ../../../datasets/GIRAFE/daily/2024/05/PREdm20240510000000120IMPGSI1GL.nc
Processing ../../../datasets/GIRAFE/daily/2024/05/PREdm20240511000000120IMPGSI1GL.nc
Processing ../../../datasets/GIRAFE/daily/2024/05/PREdm20240512000000120IMPGSI1GL.nc
Processing ../../../datasets/GIRAFE/daily/2024/05/PREdm20240513000000120IMPGSI1GL.nc
Processing ../../../datasets/GIRAFE/daily/2024/05/PREdm20240514000000120IMPGSI1GL.nc
Processing ../../../datasets/GIRAFE/daily/2024/05/PREdm20240515000000120IMPGSI1GL.nc
Processing ../../../datasets/GIRAFE/daily/2024/05/PREdm20240516000000120IMPGSI1GL.nc
Processing ../../../datasets/GIRAFE/daily/2024/05/PREdm20240517000000120IMPGSI1GL.nc
Processing ../../../datasets/GIRAFE/daily/2024/05/PREdm20240518000000120IMPGSI1GL.nc
Processing ../../../datasets/GIRAFE/daily/2024/05/PREdm20240519000000120IMPGSI1GL.nc
Processing ../../../datasets/GIRAFE/daily/2024/05/PREdm20240520000000120IMPGSI1GL.nc
Processing ../../../datasets/GIRAFE/daily/2024/05/PREdm20240521000000120IMPGSI1GL.nc
Processing ../../../datasets/GIRAFE/daily/2024/05/PREdm20240522000000120IMPGSI1GL.nc
Processing ../../../datasets/GIRAFE/daily/2024/05/PREdm20240523000000120IMPGSI1GL.nc
Processing ../../../datasets/GIRAFE/daily/2024/05/PREdm20240524000000120IMPGSI1GL.nc
Processing ../../../datasets/GIRAFE/daily/2024/05/PREdm20240525000000120IMPGSI1GL.nc
Processing ../../../datasets/GIRAFE/daily/2024/05/PREdm20240526000000120IMPGSI1GL.nc
Processing ../../../datasets/GIRAFE/daily/2024/05/PREdm20240527000000120IMPGSI1GL.nc
Processing ../../../datasets/GIRAFE/daily/2024/05/PREdm20240528000000120IMPGSI1GL.nc
Processing ../../../datasets/GIRAFE/daily/2024/05/PREdm20240529000000120IMPGSI1GL.nc
Processing ../../../datasets/GIRAFE/daily/2024/05/PREdm20240530000000120IMPGSI1GL.nc
Processing ../../../datasets/GIRAFE/daily/2024/05/PREdm20240531000000120IMPGSI1GL.nc
Processing ../../../datasets/GIRAFE/daily/2024/06/PREdm20240601000000120IMPGSI1GL.nc
Processing ../../../datasets/GIRAFE/daily/2024/06/PREdm20240602000000120IMPGSI1GL.nc
Processing ../../../datasets/GIRAFE/daily/2024/06/PREdm20240603000000120IMPGSI1GL.nc
Processing ../../../datasets/GIRAFE/daily/2024/06/PREdm20240604000000120IMPGSI1GL.nc
Processing ../../../datasets/GIRAFE/daily/2024/06/PREdm20240605000000120IMPGSI1GL.nc
Processing ../../../datasets/GIRAFE/daily/2024/06/PREdm20240606000000120IMPGSI1GL.nc
Processing ../../../datasets/GIRAFE/daily/2024/06/PREdm20240607000000120IMPGSI1GL.nc
Processing ../../../datasets/GIRAFE/daily/2024/06/PREdm20240608000000120IMPGSI1GL.nc
Processing ../../../datasets/GIRAFE/daily/2024/06/PREdm20240609000000120IMPGSI1GL.nc
Processing ../../../datasets/GIRAFE/daily/2024/06/PREdm20240610000000120IMPGSI1GL.nc
Processing ../../../datasets/GIRAFE/daily/2024/06/PREdm20240611000000120IMPGSI1GL.nc
Processing ../../../datasets/GIRAFE/daily/2024/06/PREdm20240612000000120IMPGSI1GL.nc
Processing ../../../datasets/GIRAFE/daily/2024/06/PREdm20240613000000120IMPGSI1GL.nc
Processing ../../../datasets/GIRAFE/daily/2024/06/PREdm20240614000000120IMPGSI1GL.nc
Processing ../../../datasets/GIRAFE/daily/2024/06/PREdm20240615000000120IMPGSI1GL.nc
Processing ../../../datasets/GIRAFE/daily/2024/06/PREdm20240616000000120IMPGSI1GL.nc
Processing ../../../datasets/GIRAFE/daily/2024/06/PREdm20240617000000120IMPGSI1GL.nc
Processing ../../../datasets/GIRAFE/daily/2024/06/PREdm20240618000000120IMPGSI1GL.nc
Processing ../../../datasets/GIRAFE/daily/2024/06/PREdm20240619000000120IMPGSI1GL.nc
Processing ../../../datasets/GIRAFE/daily/2024/06/PREdm20240620000000120IMPGSI1GL.nc
Processing ../../../datasets/GIRAFE/daily/2024/06/PREdm20240621000000120IMPGSI1GL.nc
Processing ../../../datasets/GIRAFE/daily/2024/06/PREdm20240622000000120IMPGSI1GL.nc
Processing ../../../datasets/GIRAFE/daily/2024/06/PREdm20240623000000120IMPGSI1GL.nc
Processing ../../../datasets/GIRAFE/daily/2024/06/PREdm20240624000000120IMPGSI1GL.nc
Processing ../../../datasets/GIRAFE/daily/2024/06/PREdm20240625000000120IMPGSI1GL.nc
Processing ../../../datasets/GIRAFE/daily/2024/06/PREdm20240626000000120IMPGSI1GL.nc
Processing ../../../datasets/GIRAFE/daily/2024/06/PREdm20240627000000120IMPGSI1GL.nc
Processing ../../../datasets/GIRAFE/daily/2024/06/PREdm20240628000000120IMPGSI1GL.nc
Processing ../../../datasets/GIRAFE/daily/2024/06/PREdm20240629000000120IMPGSI1GL.nc
Processing ../../../datasets/GIRAFE/daily/2024/06/PREdm20240630000000120IMPGSI1GL.nc
Processing ../../../datasets/GIRAFE/daily/2024/07/PREdm20240701000000120IMPGSI1GL.nc
Processing ../../../datasets/GIRAFE/daily/2024/07/PREdm20240702000000120IMPGSI1GL.nc
Processing ../../../datasets/GIRAFE/daily/2024/07/PREdm20240703000000120IMPGSI1GL.nc
Processing ../../../datasets/GIRAFE/daily/2024/07/PREdm20240704000000120IMPGSI1GL.nc
Processing ../../../datasets/GIRAFE/daily/2024/07/PREdm20240705000000120IMPGSI1GL.nc
Processing ../../../datasets/GIRAFE/daily/2024/07/PREdm20240706000000120IMPGSI1GL.nc
Processing ../../../datasets/GIRAFE/daily/2024/07/PREdm20240707000000120IMPGSI1GL.nc
Processing ../../../datasets/GIRAFE/daily/2024/07/PREdm20240708000000120IMPGSI1GL.nc
Processing ../../../datasets/GIRAFE/daily/2024/07/PREdm20240709000000120IMPGSI1GL.nc
Processing ../../../datasets/GIRAFE/daily/2024/07/PREdm20240710000000120IMPGSI1GL.nc
Processing ../../../datasets/GIRAFE/daily/2024/07/PREdm20240711000000120IMPGSI1GL.nc
Processing ../../../datasets/GIRAFE/daily/2024/07/PREdm20240712000000120IMPGSI1GL.nc
Processing ../../../datasets/GIRAFE/daily/2024/07/PREdm20240713000000120IMPGSI1GL.nc
Processing ../../../datasets/GIRAFE/daily/2024/07/PREdm20240714000000120IMPGSI1GL.nc
Processing ../../../datasets/GIRAFE/daily/2024/07/PREdm20240715000000120IMPGSI1GL.nc
Processing ../../../datasets/GIRAFE/daily/2024/07/PREdm20240716000000120IMPGSI1GL.nc
Processing ../../../datasets/GIRAFE/daily/2024/07/PREdm20240717000000120IMPGSI1GL.nc
Processing ../../../datasets/GIRAFE/daily/2024/07/PREdm20240718000000120IMPGSI1GL.nc
Processing ../../../datasets/GIRAFE/daily/2024/07/PREdm20240719000000120IMPGSI1GL.nc
Processing ../../../datasets/GIRAFE/daily/2024/07/PREdm20240720000000120IMPGSI1GL.nc
Processing ../../../datasets/GIRAFE/daily/2024/07/PREdm20240721000000120IMPGSI1GL.nc
Processing ../../../datasets/GIRAFE/daily/2024/07/PREdm20240722000000120IMPGSI1GL.nc
Processing ../../../datasets/GIRAFE/daily/2024/07/PREdm20240723000000120IMPGSI1GL.nc
Processing ../../../datasets/GIRAFE/daily/2024/07/PREdm20240724000000120IMPGSI1GL.nc
Processing ../../../datasets/GIRAFE/daily/2024/07/PREdm20240725000000120IMPGSI1GL.nc
Processing ../../../datasets/GIRAFE/daily/2024/07/PREdm20240726000000120IMPGSI1GL.nc
Processing ../../../datasets/GIRAFE/daily/2024/07/PREdm20240727000000120IMPGSI1GL.nc
Processing ../../../datasets/GIRAFE/daily/2024/07/PREdm20240728000000120IMPGSI1GL.nc
Processing ../../../datasets/GIRAFE/daily/2024/07/PREdm20240729000000120IMPGSI1GL.nc
Processing ../../../datasets/GIRAFE/daily/2024/07/PREdm20240730000000120IMPGSI1GL.nc
Processing ../../../datasets/GIRAFE/daily/2024/07/PREdm20240731000000120IMPGSI1GL.nc
Processing ../../../datasets/GIRAFE/daily/2024/08/PREdm20240801000000120IMPGSI1GL.nc
Processing ../../../datasets/GIRAFE/daily/2024/08/PREdm20240802000000120IMPGSI1GL.nc
Processing ../../../datasets/GIRAFE/daily/2024/08/PREdm20240803000000120IMPGSI1GL.nc
Processing ../../../datasets/GIRAFE/daily/2024/08/PREdm20240804000000120IMPGSI1GL.nc
Processing ../../../datasets/GIRAFE/daily/2024/08/PREdm20240805000000120IMPGSI1GL.nc
Processing ../../../datasets/GIRAFE/daily/2024/08/PREdm20240806000000120IMPGSI1GL.nc
Processing ../../../datasets/GIRAFE/daily/2024/08/PREdm20240807000000120IMPGSI1GL.nc
Processing ../../../datasets/GIRAFE/daily/2024/08/PREdm20240808000000120IMPGSI1GL.nc
Processing ../../../datasets/GIRAFE/daily/2024/08/PREdm20240809000000120IMPGSI1GL.nc
Processing ../../../datasets/GIRAFE/daily/2024/08/PREdm20240810000000120IMPGSI1GL.nc
Processing ../../../datasets/GIRAFE/daily/2024/08/PREdm20240811000000120IMPGSI1GL.nc
Processing ../../../datasets/GIRAFE/daily/2024/08/PREdm20240812000000120IMPGSI1GL.nc
Processing ../../../datasets/GIRAFE/daily/2024/08/PREdm20240813000000120IMPGSI1GL.nc
Processing ../../../datasets/GIRAFE/daily/2024/08/PREdm20240814000000120IMPGSI1GL.nc
Processing ../../../datasets/GIRAFE/daily/2024/08/PREdm20240815000000120IMPGSI1GL.nc
Processing ../../../datasets/GIRAFE/daily/2024/08/PREdm20240816000000120IMPGSI1GL.nc
Processing ../../../datasets/GIRAFE/daily/2024/08/PREdm20240817000000120IMPGSI1GL.nc
Processing ../../../datasets/GIRAFE/daily/2024/08/PREdm20240818000000120IMPGSI1GL.nc
Processing ../../../datasets/GIRAFE/daily/2024/08/PREdm20240819000000120IMPGSI1GL.nc
Processing ../../../datasets/GIRAFE/daily/2024/08/PREdm20240820000000120IMPGSI1GL.nc
Processing ../../../datasets/GIRAFE/daily/2024/08/PREdm20240821000000120IMPGSI1GL.nc
Processing ../../../datasets/GIRAFE/daily/2024/08/PREdm20240822000000120IMPGSI1GL.nc
Processing ../../../datasets/GIRAFE/daily/2024/08/PREdm20240823000000120IMPGSI1GL.nc
Processing ../../../datasets/GIRAFE/daily/2024/08/PREdm20240824000000120IMPGSI1GL.nc
Processing ../../../datasets/GIRAFE/daily/2024/08/PREdm20240825000000120IMPGSI1GL.nc
Processing ../../../datasets/GIRAFE/daily/2024/08/PREdm20240826000000120IMPGSI1GL.nc
Processing ../../../datasets/GIRAFE/daily/2024/08/PREdm20240827000000120IMPGSI1GL.nc
Processing ../../../datasets/GIRAFE/daily/2024/08/PREdm20240828000000120IMPGSI1GL.nc
Processing ../../../datasets/GIRAFE/daily/2024/08/PREdm20240829000000120IMPGSI1GL.nc
Processing ../../../datasets/GIRAFE/daily/2024/08/PREdm20240830000000120IMPGSI1GL.nc
Processing ../../../datasets/GIRAFE/daily/2024/08/PREdm20240831000000120IMPGSI1GL.nc
Processing ../../../datasets/GIRAFE/daily/2024/09/PREdm20240901000000120IMPGSI1GL.nc
Processing ../../../datasets/GIRAFE/daily/2024/09/PREdm20240902000000120IMPGSI1GL.nc
Processing ../../../datasets/GIRAFE/daily/2024/09/PREdm20240903000000120IMPGSI1GL.nc
Processing ../../../datasets/GIRAFE/daily/2024/09/PREdm20240904000000120IMPGSI1GL.nc
Processing ../../../datasets/GIRAFE/daily/2024/09/PREdm20240905000000120IMPGSI1GL.nc
Processing ../../../datasets/GIRAFE/daily/2024/09/PREdm20240906000000120IMPGSI1GL.nc
Processing ../../../datasets/GIRAFE/daily/2024/09/PREdm20240907000000120IMPGSI1GL.nc
Processing ../../../datasets/GIRAFE/daily/2024/09/PREdm20240908000000120IMPGSI1GL.nc
Processing ../../../datasets/GIRAFE/daily/2024/09/PREdm20240909000000120IMPGSI1GL.nc
Processing ../../../datasets/GIRAFE/daily/2024/09/PREdm20240910000000120IMPGSI1GL.nc
Processing ../../../datasets/GIRAFE/daily/2024/09/PREdm20240911000000120IMPGSI1GL.nc
Processing ../../../datasets/GIRAFE/daily/2024/09/PREdm20240912000000120IMPGSI1GL.nc
Processing ../../../datasets/GIRAFE/daily/2024/09/PREdm20240913000000120IMPGSI1GL.nc
Processing ../../../datasets/GIRAFE/daily/2024/09/PREdm20240914000000120IMPGSI1GL.nc
Processing ../../../datasets/GIRAFE/daily/2024/09/PREdm20240915000000120IMPGSI1GL.nc
Processing ../../../datasets/GIRAFE/daily/2024/09/PREdm20240916000000120IMPGSI1GL.nc
Processing ../../../datasets/GIRAFE/daily/2024/09/PREdm20240917000000120IMPGSI1GL.nc
Processing ../../../datasets/GIRAFE/daily/2024/09/PREdm20240918000000120IMPGSI1GL.nc
Processing ../../../datasets/GIRAFE/daily/2024/09/PREdm20240919000000120IMPGSI1GL.nc
Processing ../../../datasets/GIRAFE/daily/2024/09/PREdm20240920000000120IMPGSI1GL.nc
Processing ../../../datasets/GIRAFE/daily/2024/09/PREdm20240921000000120IMPGSI1GL.nc
Processing ../../../datasets/GIRAFE/daily/2024/09/PREdm20240922000000120IMPGSI1GL.nc
Processing ../../../datasets/GIRAFE/daily/2024/09/PREdm20240923000000120IMPGSI1GL.nc
Processing ../../../datasets/GIRAFE/daily/2024/09/PREdm20240924000000120IMPGSI1GL.nc
Processing ../../../datasets/GIRAFE/daily/2024/09/PREdm20240925000000120IMPGSI1GL.nc
Processing ../../../datasets/GIRAFE/daily/2024/09/PREdm20240926000000120IMPGSI1GL.nc
Processing ../../../datasets/GIRAFE/daily/2024/09/PREdm20240927000000120IMPGSI1GL.nc
Processing ../../../datasets/GIRAFE/daily/2024/09/PREdm20240928000000120IMPGSI1GL.nc
Processing ../../../datasets/GIRAFE/daily/2024/09/PREdm20240929000000120IMPGSI1GL.nc
Processing ../../../datasets/GIRAFE/daily/2024/09/PREdm20240930000000120IMPGSI1GL.nc
Processing ../../../datasets/GIRAFE/daily/2024/10/PREdm20241001000000120IMPGSI1GL.nc
Processing ../../../datasets/GIRAFE/daily/2024/10/PREdm20241002000000120IMPGSI1GL.nc
Processing ../../../datasets/GIRAFE/daily/2024/10/PREdm20241003000000120IMPGSI1GL.nc
Processing ../../../datasets/GIRAFE/daily/2024/10/PREdm20241004000000120IMPGSI1GL.nc
Processing ../../../datasets/GIRAFE/daily/2024/10/PREdm20241005000000120IMPGSI1GL.nc
Processing ../../../datasets/GIRAFE/daily/2024/10/PREdm20241006000000120IMPGSI1GL.nc
Processing ../../../datasets/GIRAFE/daily/2024/10/PREdm20241007000000120IMPGSI1GL.nc
Processing ../../../datasets/GIRAFE/daily/2024/10/PREdm20241008000000120IMPGSI1GL.nc
Processing ../../../datasets/GIRAFE/daily/2024/10/PREdm20241009000000120IMPGSI1GL.nc
Processing ../../../datasets/GIRAFE/daily/2024/10/PREdm20241010000000120IMPGSI1GL.nc
Processing ../../../datasets/GIRAFE/daily/2024/10/PREdm20241011000000120IMPGSI1GL.nc
Processing ../../../datasets/GIRAFE/daily/2024/10/PREdm20241012000000120IMPGSI1GL.nc
Processing ../../../datasets/GIRAFE/daily/2024/10/PREdm20241013000000120IMPGSI1GL.nc
Processing ../../../datasets/GIRAFE/daily/2024/10/PREdm20241014000000120IMPGSI1GL.nc
Processing ../../../datasets/GIRAFE/daily/2024/10/PREdm20241015000000120IMPGSI1GL.nc
Processing ../../../datasets/GIRAFE/daily/2024/10/PREdm20241016000000120IMPGSI1GL.nc
Processing ../../../datasets/GIRAFE/daily/2024/10/PREdm20241017000000120IMPGSI1GL.nc
Processing ../../../datasets/GIRAFE/daily/2024/10/PREdm20241018000000120IMPGSI1GL.nc
Processing ../../../datasets/GIRAFE/daily/2024/10/PREdm20241019000000120IMPGSI1GL.nc
Processing ../../../datasets/GIRAFE/daily/2024/10/PREdm20241020000000120IMPGSI1GL.nc
Processing ../../../datasets/GIRAFE/daily/2024/10/PREdm20241021000000120IMPGSI1GL.nc
Processing ../../../datasets/GIRAFE/daily/2024/10/PREdm20241022000000120IMPGSI1GL.nc
Processing ../../../datasets/GIRAFE/daily/2024/10/PREdm20241023000000120IMPGSI1GL.nc
Processing ../../../datasets/GIRAFE/daily/2024/10/PREdm20241024000000120IMPGSI1GL.nc
Processing ../../../datasets/GIRAFE/daily/2024/10/PREdm20241025000000120IMPGSI1GL.nc
Processing ../../../datasets/GIRAFE/daily/2024/10/PREdm20241026000000120IMPGSI1GL.nc
Processing ../../../datasets/GIRAFE/daily/2024/10/PREdm20241027000000120IMPGSI1GL.nc
Processing ../../../datasets/GIRAFE/daily/2024/10/PREdm20241028000000120IMPGSI1GL.nc
Processing ../../../datasets/GIRAFE/daily/2024/10/PREdm20241029000000120IMPGSI1GL.nc
Processing ../../../datasets/GIRAFE/daily/2024/10/PREdm20241030000000120IMPGSI1GL.nc
Processing ../../../datasets/GIRAFE/daily/2024/10/PREdm20241031000000120IMPGSI1GL.nc
Processing ../../../datasets/GIRAFE/daily/2024/11/PREdm20241101000000120IMPGSI1GL.nc
Processing ../../../datasets/GIRAFE/daily/2024/11/PREdm20241102000000120IMPGSI1GL.nc
Processing ../../../datasets/GIRAFE/daily/2024/11/PREdm20241103000000120IMPGSI1GL.nc
Processing ../../../datasets/GIRAFE/daily/2024/11/PREdm20241104000000120IMPGSI1GL.nc
Processing ../../../datasets/GIRAFE/daily/2024/11/PREdm20241105000000120IMPGSI1GL.nc
Processing ../../../datasets/GIRAFE/daily/2024/11/PREdm20241106000000120IMPGSI1GL.nc
Processing ../../../datasets/GIRAFE/daily/2024/11/PREdm20241107000000120IMPGSI1GL.nc
Processing ../../../datasets/GIRAFE/daily/2024/11/PREdm20241108000000120IMPGSI1GL.nc
Processing ../../../datasets/GIRAFE/daily/2024/11/PREdm20241109000000120IMPGSI1GL.nc
Processing ../../../datasets/GIRAFE/daily/2024/11/PREdm20241110000000120IMPGSI1GL.nc
Processing ../../../datasets/GIRAFE/daily/2024/11/PREdm20241111000000120IMPGSI1GL.nc
Processing ../../../datasets/GIRAFE/daily/2024/11/PREdm20241112000000120IMPGSI1GL.nc
Processing ../../../datasets/GIRAFE/daily/2024/11/PREdm20241113000000120IMPGSI1GL.nc
Processing ../../../datasets/GIRAFE/daily/2024/11/PREdm20241114000000120IMPGSI1GL.nc
Processing ../../../datasets/GIRAFE/daily/2024/11/PREdm20241115000000120IMPGSI1GL.nc
Processing ../../../datasets/GIRAFE/daily/2024/11/PREdm20241116000000120IMPGSI1GL.nc
Processing ../../../datasets/GIRAFE/daily/2024/11/PREdm20241117000000120IMPGSI1GL.nc
Processing ../../../datasets/GIRAFE/daily/2024/11/PREdm20241118000000120IMPGSI1GL.nc
Processing ../../../datasets/GIRAFE/daily/2024/11/PREdm20241119000000120IMPGSI1GL.nc
Processing ../../../datasets/GIRAFE/daily/2024/11/PREdm20241120000000120IMPGSI1GL.nc
Processing ../../../datasets/GIRAFE/daily/2024/11/PREdm20241121000000120IMPGSI1GL.nc
Processing ../../../datasets/GIRAFE/daily/2024/11/PREdm20241122000000120IMPGSI1GL.nc
Processing ../../../datasets/GIRAFE/daily/2024/11/PREdm20241123000000120IMPGSI1GL.nc
Processing ../../../datasets/GIRAFE/daily/2024/11/PREdm20241124000000120IMPGSI1GL.nc
Processing ../../../datasets/GIRAFE/daily/2024/11/PREdm20241125000000120IMPGSI1GL.nc
Processing ../../../datasets/GIRAFE/daily/2024/11/PREdm20241126000000120IMPGSI1GL.nc
Processing ../../../datasets/GIRAFE/daily/2024/11/PREdm20241127000000120IMPGSI1GL.nc
Processing ../../../datasets/GIRAFE/daily/2024/11/PREdm20241128000000120IMPGSI1GL.nc
Processing ../../../datasets/GIRAFE/daily/2024/11/PREdm20241129000000120IMPGSI1GL.nc
Processing ../../../datasets/GIRAFE/daily/2024/11/PREdm20241130000000120IMPGSI1GL.nc
Processing ../../../datasets/GIRAFE/daily/2024/12/PREdm20241201000000120IMPGSI1GL.nc
Processing ../../../datasets/GIRAFE/daily/2024/12/PREdm20241202000000120IMPGSI1GL.nc
Processing ../../../datasets/GIRAFE/daily/2024/12/PREdm20241203000000120IMPGSI1GL.nc
Processing ../../../datasets/GIRAFE/daily/2024/12/PREdm20241204000000120IMPGSI1GL.nc
Processing ../../../datasets/GIRAFE/daily/2024/12/PREdm20241205000000120IMPGSI1GL.nc
Processing ../../../datasets/GIRAFE/daily/2024/12/PREdm20241206000000120IMPGSI1GL.nc
Processing ../../../datasets/GIRAFE/daily/2024/12/PREdm20241207000000120IMPGSI1GL.nc
Processing ../../../datasets/GIRAFE/daily/2024/12/PREdm20241208000000120IMPGSI1GL.nc
Processing ../../../datasets/GIRAFE/daily/2024/12/PREdm20241209000000120IMPGSI1GL.nc
Processing ../../../datasets/GIRAFE/daily/2024/12/PREdm20241210000000120IMPGSI1GL.nc
Processing ../../../datasets/GIRAFE/daily/2024/12/PREdm20241211000000120IMPGSI1GL.nc
Processing ../../../datasets/GIRAFE/daily/2024/12/PREdm20241212000000120IMPGSI1GL.nc
Processing ../../../datasets/GIRAFE/daily/2024/12/PREdm20241213000000120IMPGSI1GL.nc
Processing ../../../datasets/GIRAFE/daily/2024/12/PREdm20241214000000120IMPGSI1GL.nc
Processing ../../../datasets/GIRAFE/daily/2024/12/PREdm20241215000000120IMPGSI1GL.nc
Processing ../../../datasets/GIRAFE/daily/2024/12/PREdm20241216000000120IMPGSI1GL.nc
Processing ../../../datasets/GIRAFE/daily/2024/12/PREdm20241217000000120IMPGSI1GL.nc
Processing ../../../datasets/GIRAFE/daily/2024/12/PREdm20241218000000120IMPGSI1GL.nc
Processing ../../../datasets/GIRAFE/daily/2024/12/PREdm20241219000000120IMPGSI1GL.nc
Processing ../../../datasets/GIRAFE/daily/2024/12/PREdm20241220000000120IMPGSI1GL.nc
Processing ../../../datasets/GIRAFE/daily/2024/12/PREdm20241221000000120IMPGSI1GL.nc
Processing ../../../datasets/GIRAFE/daily/2024/12/PREdm20241222000000120IMPGSI1GL.nc
Processing ../../../datasets/GIRAFE/daily/2024/12/PREdm20241223000000120IMPGSI1GL.nc
Processing ../../../datasets/GIRAFE/daily/2024/12/PREdm20241224000000120IMPGSI1GL.nc
Processing ../../../datasets/GIRAFE/daily/2024/12/PREdm20241225000000120IMPGSI1GL.nc
Processing ../../../datasets/GIRAFE/daily/2024/12/PREdm20241226000000120IMPGSI1GL.nc
Processing ../../../datasets/GIRAFE/daily/2024/12/PREdm20241227000000120IMPGSI1GL.nc
Processing ../../../datasets/GIRAFE/daily/2024/12/PREdm20241228000000120IMPGSI1GL.nc
Processing ../../../datasets/GIRAFE/daily/2024/12/PREdm20241229000000120IMPGSI1GL.nc
Processing ../../../datasets/GIRAFE/daily/2024/12/PREdm20241230000000120IMPGSI1GL.nc
Processing ../../../datasets/GIRAFE/daily/2024/12/PREdm20241231000000120IMPGSI1GL.nc
Processing ../../../datasets/GIRAFE/daily/2025/01/PREdm20250101000000120IMPGSI1GL.nc
Processing ../../../datasets/GIRAFE/daily/2025/01/PREdm20250102000000120IMPGSI1GL.nc
Processing ../../../datasets/GIRAFE/daily/2025/01/PREdm20250103000000120IMPGSI1GL.nc
Processing ../../../datasets/GIRAFE/daily/2025/01/PREdm20250104000000120IMPGSI1GL.nc
Processing ../../../datasets/GIRAFE/daily/2025/01/PREdm20250105000000120IMPGSI1GL.nc
Processing ../../../datasets/GIRAFE/daily/2025/01/PREdm20250106000000120IMPGSI1GL.nc
Processing ../../../datasets/GIRAFE/daily/2025/01/PREdm20250107000000120IMPGSI1GL.nc
Processing ../../../datasets/GIRAFE/daily/2025/01/PREdm20250108000000120IMPGSI1GL.nc
Processing ../../../datasets/GIRAFE/daily/2025/01/PREdm20250109000000120IMPGSI1GL.nc
Processing ../../../datasets/GIRAFE/daily/2025/01/PREdm20250110000000120IMPGSI1GL.nc
Processing ../../../datasets/GIRAFE/daily/2025/01/PREdm20250111000000120IMPGSI1GL.nc
Processing ../../../datasets/GIRAFE/daily/2025/01/PREdm20250112000000120IMPGSI1GL.nc
Processing ../../../datasets/GIRAFE/daily/2025/01/PREdm20250113000000120IMPGSI1GL.nc
Processing ../../../datasets/GIRAFE/daily/2025/01/PREdm20250114000000120IMPGSI1GL.nc
Processing ../../../datasets/GIRAFE/daily/2025/01/PREdm20250115000000120IMPGSI1GL.nc
Processing ../../../datasets/GIRAFE/daily/2025/01/PREdm20250116000000120IMPGSI1GL.nc
Processing ../../../datasets/GIRAFE/daily/2025/01/PREdm20250117000000120IMPGSI1GL.nc
Processing ../../../datasets/GIRAFE/daily/2025/01/PREdm20250118000000120IMPGSI1GL.nc
Processing ../../../datasets/GIRAFE/daily/2025/01/PREdm20250119000000120IMPGSI1GL.nc
Processing ../../../datasets/GIRAFE/daily/2025/01/PREdm20250120000000120IMPGSI1GL.nc
Processing ../../../datasets/GIRAFE/daily/2025/01/PREdm20250121000000120IMPGSI1GL.nc
Processing ../../../datasets/GIRAFE/daily/2025/01/PREdm20250122000000120IMPGSI1GL.nc
Processing ../../../datasets/GIRAFE/daily/2025/01/PREdm20250123000000120IMPGSI1GL.nc
Processing ../../../datasets/GIRAFE/daily/2025/01/PREdm20250124000000120IMPGSI1GL.nc
Processing ../../../datasets/GIRAFE/daily/2025/01/PREdm20250125000000120IMPGSI1GL.nc
Processing ../../../datasets/GIRAFE/daily/2025/01/PREdm20250126000000120IMPGSI1GL.nc
Processing ../../../datasets/GIRAFE/daily/2025/01/PREdm20250127000000120IMPGSI1GL.nc
Processing ../../../datasets/GIRAFE/daily/2025/01/PREdm20250128000000120IMPGSI1GL.nc
Processing ../../../datasets/GIRAFE/daily/2025/01/PREdm20250129000000120IMPGSI1GL.nc
Processing ../../../datasets/GIRAFE/daily/2025/01/PREdm20250130000000120IMPGSI1GL.nc
Processing ../../../datasets/GIRAFE/daily/2025/01/PREdm20250131000000120IMPGSI1GL.nc
Processing ../../../datasets/GIRAFE/daily/2025/02/PREdm20250201000000120IMPGSI1GL.nc
Processing ../../../datasets/GIRAFE/daily/2025/02/PREdm20250202000000120IMPGSI1GL.nc
Processing ../../../datasets/GIRAFE/daily/2025/02/PREdm20250203000000120IMPGSI1GL.nc
Processing ../../../datasets/GIRAFE/daily/2025/02/PREdm20250204000000120IMPGSI1GL.nc
Processing ../../../datasets/GIRAFE/daily/2025/02/PREdm20250205000000120IMPGSI1GL.nc
Processing ../../../datasets/GIRAFE/daily/2025/02/PREdm20250206000000120IMPGSI1GL.nc
Processing ../../../datasets/GIRAFE/daily/2025/02/PREdm20250207000000120IMPGSI1GL.nc
Processing ../../../datasets/GIRAFE/daily/2025/02/PREdm20250208000000120IMPGSI1GL.nc
Processing ../../../datasets/GIRAFE/daily/2025/02/PREdm20250209000000120IMPGSI1GL.nc
Processing ../../../datasets/GIRAFE/daily/2025/02/PREdm20250210000000120IMPGSI1GL.nc
Processing ../../../datasets/GIRAFE/daily/2025/02/PREdm20250211000000120IMPGSI1GL.nc
Processing ../../../datasets/GIRAFE/daily/2025/02/PREdm20250212000000120IMPGSI1GL.nc
Processing ../../../datasets/GIRAFE/daily/2025/02/PREdm20250213000000120IMPGSI1GL.nc
Processing ../../../datasets/GIRAFE/daily/2025/02/PREdm20250214000000120IMPGSI1GL.nc
Processing ../../../datasets/GIRAFE/daily/2025/02/PREdm20250215000000120IMPGSI1GL.nc
Processing ../../../datasets/GIRAFE/daily/2025/02/PREdm20250216000000120IMPGSI1GL.nc
Processing ../../../datasets/GIRAFE/daily/2025/02/PREdm20250217000000120IMPGSI1GL.nc
Processing ../../../datasets/GIRAFE/daily/2025/02/PREdm20250218000000120IMPGSI1GL.nc
Processing ../../../datasets/GIRAFE/daily/2025/02/PREdm20250219000000120IMPGSI1GL.nc
Processing ../../../datasets/GIRAFE/daily/2025/02/PREdm20250220000000120IMPGSI1GL.nc
Processing ../../../datasets/GIRAFE/daily/2025/02/PREdm20250221000000120IMPGSI1GL.nc
Processing ../../../datasets/GIRAFE/daily/2025/02/PREdm20250222000000120IMPGSI1GL.nc
Processing ../../../datasets/GIRAFE/daily/2025/02/PREdm20250223000000120IMPGSI1GL.nc
Processing ../../../datasets/GIRAFE/daily/2025/02/PREdm20250224000000120IMPGSI1GL.nc
Processing ../../../datasets/GIRAFE/daily/2025/02/PREdm20250225000000120IMPGSI1GL.nc
Processing ../../../datasets/GIRAFE/daily/2025/02/PREdm20250226000000120IMPGSI1GL.nc
Processing ../../../datasets/GIRAFE/daily/2025/02/PREdm20250227000000120IMPGSI1GL.nc
Processing ../../../datasets/GIRAFE/daily/2025/02/PREdm20250228000000120IMPGSI1GL.nc
Processing ../../../datasets/GIRAFE/daily/2025/03/PREdm20250301000000120IMPGSI1GL.nc
Processing ../../../datasets/GIRAFE/daily/2025/03/PREdm20250302000000120IMPGSI1GL.nc
Processing ../../../datasets/GIRAFE/daily/2025/03/PREdm20250303000000120IMPGSI1GL.nc
Processing ../../../datasets/GIRAFE/daily/2025/03/PREdm20250304000000120IMPGSI1GL.nc
Processing ../../../datasets/GIRAFE/daily/2025/03/PREdm20250305000000120IMPGSI1GL.nc
Processing ../../../datasets/GIRAFE/daily/2025/03/PREdm20250306000000120IMPGSI1GL.nc
Processing ../../../datasets/GIRAFE/daily/2025/03/PREdm20250307000000120IMPGSI1GL.nc
Processing ../../../datasets/GIRAFE/daily/2025/03/PREdm20250308000000120IMPGSI1GL.nc
Processing ../../../datasets/GIRAFE/daily/2025/03/PREdm20250309000000120IMPGSI1GL.nc
Processing ../../../datasets/GIRAFE/daily/2025/03/PREdm20250310000000120IMPGSI1GL.nc
Processing ../../../datasets/GIRAFE/daily/2025/03/PREdm20250311000000120IMPGSI1GL.nc
Processing ../../../datasets/GIRAFE/daily/2025/03/PREdm20250312000000120IMPGSI1GL.nc
Processing ../../../datasets/GIRAFE/daily/2025/03/PREdm20250313000000120IMPGSI1GL.nc
Processing ../../../datasets/GIRAFE/daily/2025/03/PREdm20250314000000120IMPGSI1GL.nc
Processing ../../../datasets/GIRAFE/daily/2025/03/PREdm20250315000000120IMPGSI1GL.nc
Processing ../../../datasets/GIRAFE/daily/2025/03/PREdm20250316000000120IMPGSI1GL.nc
Processing ../../../datasets/GIRAFE/daily/2025/03/PREdm20250317000000120IMPGSI1GL.nc
Processing ../../../datasets/GIRAFE/daily/2025/03/PREdm20250318000000120IMPGSI1GL.nc
Processing ../../../datasets/GIRAFE/daily/2025/03/PREdm20250319000000120IMPGSI1GL.nc
Processing ../../../datasets/GIRAFE/daily/2025/03/PREdm20250320000000120IMPGSI1GL.nc
Processing ../../../datasets/GIRAFE/daily/2025/03/PREdm20250321000000120IMPGSI1GL.nc
Processing ../../../datasets/GIRAFE/daily/2025/03/PREdm20250322000000120IMPGSI1GL.nc
Processing ../../../datasets/GIRAFE/daily/2025/03/PREdm20250323000000120IMPGSI1GL.nc
Processing ../../../datasets/GIRAFE/daily/2025/03/PREdm20250324000000120IMPGSI1GL.nc
Processing ../../../datasets/GIRAFE/daily/2025/03/PREdm20250325000000120IMPGSI1GL.nc
Processing ../../../datasets/GIRAFE/daily/2025/03/PREdm20250326000000120IMPGSI1GL.nc
Processing ../../../datasets/GIRAFE/daily/2025/03/PREdm20250327000000120IMPGSI1GL.nc
Processing ../../../datasets/GIRAFE/daily/2025/03/PREdm20250328000000120IMPGSI1GL.nc
Processing ../../../datasets/GIRAFE/daily/2025/03/PREdm20250329000000120IMPGSI1GL.nc
Processing ../../../datasets/GIRAFE/daily/2025/03/PREdm20250330000000120IMPGSI1GL.nc
Processing ../../../datasets/GIRAFE/daily/2025/03/PREdm20250331000000120IMPGSI1GL.nc
Processing ../../../datasets/GIRAFE/daily/2025/04/PREdm20250401000000120IMPGSI1GL.nc
Processing ../../../datasets/GIRAFE/daily/2025/04/PREdm20250402000000120IMPGSI1GL.nc
Processing ../../../datasets/GIRAFE/daily/2025/04/PREdm20250403000000120IMPGSI1GL.nc
Processing ../../../datasets/GIRAFE/daily/2025/04/PREdm20250404000000120IMPGSI1GL.nc
Processing ../../../datasets/GIRAFE/daily/2025/04/PREdm20250405000000120IMPGSI1GL.nc
Processing ../../../datasets/GIRAFE/daily/2025/04/PREdm20250406000000120IMPGSI1GL.nc
Processing ../../../datasets/GIRAFE/daily/2025/04/PREdm20250407000000120IMPGSI1GL.nc
Processing ../../../datasets/GIRAFE/daily/2025/04/PREdm20250408000000120IMPGSI1GL.nc
Processing ../../../datasets/GIRAFE/daily/2025/04/PREdm20250409000000120IMPGSI1GL.nc
Processing ../../../datasets/GIRAFE/daily/2025/04/PREdm20250410000000120IMPGSI1GL.nc
Processing ../../../datasets/GIRAFE/daily/2025/04/PREdm20250411000000120IMPGSI1GL.nc
Processing ../../../datasets/GIRAFE/daily/2025/04/PREdm20250412000000120IMPGSI1GL.nc
Processing ../../../datasets/GIRAFE/daily/2025/04/PREdm20250413000000120IMPGSI1GL.nc
Processing ../../../datasets/GIRAFE/daily/2025/04/PREdm20250414000000120IMPGSI1GL.nc
Processing ../../../datasets/GIRAFE/daily/2025/04/PREdm20250415000000120IMPGSI1GL.nc
Processing ../../../datasets/GIRAFE/daily/2025/04/PREdm20250416000000120IMPGSI1GL.nc
Processing ../../../datasets/GIRAFE/daily/2025/04/PREdm20250417000000120IMPGSI1GL.nc
Processing ../../../datasets/GIRAFE/daily/2025/04/PREdm20250418000000120IMPGSI1GL.nc
Processing ../../../datasets/GIRAFE/daily/2025/04/PREdm20250419000000120IMPGSI1GL.nc
Processing ../../../datasets/GIRAFE/daily/2025/04/PREdm20250420000000120IMPGSI1GL.nc
Processing ../../../datasets/GIRAFE/daily/2025/04/PREdm20250421000000120IMPGSI1GL.nc
Processing ../../../datasets/GIRAFE/daily/2025/04/PREdm20250422000000120IMPGSI1GL.nc
Processing ../../../datasets/GIRAFE/daily/2025/04/PREdm20250423000000120IMPGSI1GL.nc
Processing ../../../datasets/GIRAFE/daily/2025/04/PREdm20250424000000120IMPGSI1GL.nc
Processing ../../../datasets/GIRAFE/daily/2025/04/PREdm20250425000000120IMPGSI1GL.nc
Processing ../../../datasets/GIRAFE/daily/2025/04/PREdm20250426000000120IMPGSI1GL.nc
Processing ../../../datasets/GIRAFE/daily/2025/04/PREdm20250427000000120IMPGSI1GL.nc
Processing ../../../datasets/GIRAFE/daily/2025/04/PREdm20250428000000120IMPGSI1GL.nc
Processing ../../../datasets/GIRAFE/daily/2025/04/PREdm20250429000000120IMPGSI1GL.nc
Processing ../../../datasets/GIRAFE/daily/2025/04/PREdm20250430000000120IMPGSI1GL.nc
Processing ../../../datasets/GIRAFE/daily/2025/05/PREdm20250501000000120IMPGSI1GL.nc
Processing ../../../datasets/GIRAFE/daily/2025/05/PREdm20250502000000120IMPGSI1GL.nc
Processing ../../../datasets/GIRAFE/daily/2025/05/PREdm20250503000000120IMPGSI1GL.nc
Processing ../../../datasets/GIRAFE/daily/2025/05/PREdm20250504000000120IMPGSI1GL.nc
Processing ../../../datasets/GIRAFE/daily/2025/05/PREdm20250505000000120IMPGSI1GL.nc
Processing ../../../datasets/GIRAFE/daily/2025/05/PREdm20250506000000120IMPGSI1GL.nc
Processing ../../../datasets/GIRAFE/daily/2025/05/PREdm20250507000000120IMPGSI1GL.nc
Processing ../../../datasets/GIRAFE/daily/2025/05/PREdm20250508000000120IMPGSI1GL.nc
Processing ../../../datasets/GIRAFE/daily/2025/05/PREdm20250509000000120IMPGSI1GL.nc
Processing ../../../datasets/GIRAFE/daily/2025/05/PREdm20250510000000120IMPGSI1GL.nc
Processing ../../../datasets/GIRAFE/daily/2025/05/PREdm20250511000000120IMPGSI1GL.nc
Processing ../../../datasets/GIRAFE/daily/2025/05/PREdm20250512000000120IMPGSI1GL.nc
Processing ../../../datasets/GIRAFE/daily/2025/05/PREdm20250513000000120IMPGSI1GL.nc
Processing ../../../datasets/GIRAFE/daily/2025/05/PREdm20250514000000120IMPGSI1GL.nc
Processing ../../../datasets/GIRAFE/daily/2025/05/PREdm20250515000000120IMPGSI1GL.nc
Processing ../../../datasets/GIRAFE/daily/2025/05/PREdm20250516000000120IMPGSI1GL.nc
Processing ../../../datasets/GIRAFE/daily/2025/05/PREdm20250517000000120IMPGSI1GL.nc
Processing ../../../datasets/GIRAFE/daily/2025/05/PREdm20250518000000120IMPGSI1GL.nc
Processing ../../../datasets/GIRAFE/daily/2025/05/PREdm20250519000000120IMPGSI1GL.nc
Processing ../../../datasets/GIRAFE/daily/2025/05/PREdm20250520000000120IMPGSI1GL.nc
Processing ../../../datasets/GIRAFE/daily/2025/05/PREdm20250521000000120IMPGSI1GL.nc
Processing ../../../datasets/GIRAFE/daily/2025/05/PREdm20250522000000120IMPGSI1GL.nc
Processing ../../../datasets/GIRAFE/daily/2025/05/PREdm20250523000000120IMPGSI1GL.nc
Processing ../../../datasets/GIRAFE/daily/2025/05/PREdm20250524000000120IMPGSI1GL.nc
Processing ../../../datasets/GIRAFE/daily/2025/05/PREdm20250525000000120IMPGSI1GL.nc
Processing ../../../datasets/GIRAFE/daily/2025/05/PREdm20250526000000120IMPGSI1GL.nc
Processing ../../../datasets/GIRAFE/daily/2025/05/PREdm20250527000000120IMPGSI1GL.nc
Processing ../../../datasets/GIRAFE/daily/2025/05/PREdm20250528000000120IMPGSI1GL.nc
Processing ../../../datasets/GIRAFE/daily/2025/05/PREdm20250529000000120IMPGSI1GL.nc
Processing ../../../datasets/GIRAFE/daily/2025/05/PREdm20250530000000120IMPGSI1GL.nc
Processing ../../../datasets/GIRAFE/daily/2025/05/PREdm20250531000000120IMPGSI1GL.nc
Processing ../../../datasets/GIRAFE/daily/2025/06/PREdm20250601000000120IMPGSI1GL.nc
Processing ../../../datasets/GIRAFE/daily/2025/06/PREdm20250602000000120IMPGSI1GL.nc
Processing ../../../datasets/GIRAFE/daily/2025/06/PREdm20250603000000120IMPGSI1GL.nc
Processing ../../../datasets/GIRAFE/daily/2025/06/PREdm20250604000000120IMPGSI1GL.nc
Processing ../../../datasets/GIRAFE/daily/2025/06/PREdm20250605000000120IMPGSI1GL.nc
Processing ../../../datasets/GIRAFE/daily/2025/06/PREdm20250606000000120IMPGSI1GL.nc
Processing ../../../datasets/GIRAFE/daily/2025/06/PREdm20250607000000120IMPGSI1GL.nc
Processing ../../../datasets/GIRAFE/daily/2025/06/PREdm20250608000000120IMPGSI1GL.nc
Processing ../../../datasets/GIRAFE/daily/2025/06/PREdm20250609000000120IMPGSI1GL.nc
Processing ../../../datasets/GIRAFE/daily/2025/06/PREdm20250610000000120IMPGSI1GL.nc
Processing ../../../datasets/GIRAFE/daily/2025/06/PREdm20250611000000120IMPGSI1GL.nc
Processing ../../../datasets/GIRAFE/daily/2025/06/PREdm20250612000000120IMPGSI1GL.nc
Processing ../../../datasets/GIRAFE/daily/2025/06/PREdm20250613000000120IMPGSI1GL.nc
Processing ../../../datasets/GIRAFE/daily/2025/06/PREdm20250614000000120IMPGSI1GL.nc
Processing ../../../datasets/GIRAFE/daily/2025/06/PREdm20250615000000120IMPGSI1GL.nc
Processing ../../../datasets/GIRAFE/daily/2025/06/PREdm20250616000000120IMPGSI1GL.nc
Processing ../../../datasets/GIRAFE/daily/2025/06/PREdm20250617000000120IMPGSI1GL.nc
Processing ../../../datasets/GIRAFE/daily/2025/06/PREdm20250618000000120IMPGSI1GL.nc
Processing ../../../datasets/GIRAFE/daily/2025/06/PREdm20250619000000120IMPGSI1GL.nc
Processing ../../../datasets/GIRAFE/daily/2025/06/PREdm20250620000000120IMPGSI1GL.nc
Processing ../../../datasets/GIRAFE/daily/2025/06/PREdm20250621000000120IMPGSI1GL.nc
Processing ../../../datasets/GIRAFE/daily/2025/06/PREdm20250622000000120IMPGSI1GL.nc
Processing ../../../datasets/GIRAFE/daily/2025/06/PREdm20250623000000120IMPGSI1GL.nc
Processing ../../../datasets/GIRAFE/daily/2025/06/PREdm20250624000000120IMPGSI1GL.nc
Processing ../../../datasets/GIRAFE/daily/2025/06/PREdm20250625000000120IMPGSI1GL.nc
Processing ../../../datasets/GIRAFE/daily/2025/06/PREdm20250626000000120IMPGSI1GL.nc
Processing ../../../datasets/GIRAFE/daily/2025/06/PREdm20250627000000120IMPGSI1GL.nc
Processing ../../../datasets/GIRAFE/daily/2025/06/PREdm20250628000000120IMPGSI1GL.nc
Processing ../../../datasets/GIRAFE/daily/2025/06/PREdm20250629000000120IMPGSI1GL.nc
Processing ../../../datasets/GIRAFE/daily/2025/06/PREdm20250630000000120IMPGSI1GL.nc
Processing ../../../datasets/GIRAFE/daily/2025/07/PREdm20250701000000120IMPGSI1GL.nc
Processing ../../../datasets/GIRAFE/daily/2025/07/PREdm20250702000000120IMPGSI1GL.nc
Processing ../../../datasets/GIRAFE/daily/2025/07/PREdm20250703000000120IMPGSI1GL.nc
Processing ../../../datasets/GIRAFE/daily/2025/07/PREdm20250704000000120IMPGSI1GL.nc
Processing ../../../datasets/GIRAFE/daily/2025/07/PREdm20250705000000120IMPGSI1GL.nc
Processing ../../../datasets/GIRAFE/daily/2025/07/PREdm20250706000000120IMPGSI1GL.nc
Processing ../../../datasets/GIRAFE/daily/2025/07/PREdm20250707000000120IMPGSI1GL.nc
Processing ../../../datasets/GIRAFE/daily/2025/07/PREdm20250708000000120IMPGSI1GL.nc
Processing ../../../datasets/GIRAFE/daily/2025/07/PREdm20250709000000120IMPGSI1GL.nc
Processing ../../../datasets/GIRAFE/daily/2025/07/PREdm20250710000000120IMPGSI1GL.nc
Processing ../../../datasets/GIRAFE/daily/2025/07/PREdm20250711000000120IMPGSI1GL.nc
Processing ../../../datasets/GIRAFE/daily/2025/07/PREdm20250712000000120IMPGSI1GL.nc
Processing ../../../datasets/GIRAFE/daily/2025/07/PREdm20250713000000120IMPGSI1GL.nc
Processing ../../../datasets/GIRAFE/daily/2025/07/PREdm20250714000000120IMPGSI1GL.nc
Processing ../../../datasets/GIRAFE/daily/2025/07/PREdm20250715000000120IMPGSI1GL.nc
Processing ../../../datasets/GIRAFE/daily/2025/07/PREdm20250716000000120IMPGSI1GL.nc
Processing ../../../datasets/GIRAFE/daily/2025/07/PREdm20250717000000120IMPGSI1GL.nc
Processing ../../../datasets/GIRAFE/daily/2025/07/PREdm20250718000000120IMPGSI1GL.nc
Processing ../../../datasets/GIRAFE/daily/2025/07/PREdm20250719000000120IMPGSI1GL.nc
Processing ../../../datasets/GIRAFE/daily/2025/07/PREdm20250720000000120IMPGSI1GL.nc
Processing ../../../datasets/GIRAFE/daily/2025/07/PREdm20250721000000120IMPGSI1GL.nc
Processing ../../../datasets/GIRAFE/daily/2025/07/PREdm20250722000000120IMPGSI1GL.nc
Processing ../../../datasets/GIRAFE/daily/2025/07/PREdm20250723000000120IMPGSI1GL.nc
Processing ../../../datasets/GIRAFE/daily/2025/07/PREdm20250724000000120IMPGSI1GL.nc
Processing ../../../datasets/GIRAFE/daily/2025/07/PREdm20250725000000120IMPGSI1GL.nc
Processing ../../../datasets/GIRAFE/daily/2025/07/PREdm20250726000000120IMPGSI1GL.nc
Processing ../../../datasets/GIRAFE/daily/2025/07/PREdm20250727000000120IMPGSI1GL.nc
Processing ../../../datasets/GIRAFE/daily/2025/07/PREdm20250728000000120IMPGSI1GL.nc
Processing ../../../datasets/GIRAFE/daily/2025/07/PREdm20250729000000120IMPGSI1GL.nc
Processing ../../../datasets/GIRAFE/daily/2025/07/PREdm20250730000000120IMPGSI1GL.nc
Processing ../../../datasets/GIRAFE/daily/2025/07/PREdm20250731000000120IMPGSI1GL.nc
Processing ../../../datasets/GIRAFE/daily/2025/08/PREdm20250801000000120IMPGSI1GL.nc
Processing ../../../datasets/GIRAFE/daily/2025/08/PREdm20250802000000120IMPGSI1GL.nc
Processing ../../../datasets/GIRAFE/daily/2025/08/PREdm20250803000000120IMPGSI1GL.nc
Processing ../../../datasets/GIRAFE/daily/2025/08/PREdm20250804000000120IMPGSI1GL.nc
Processing ../../../datasets/GIRAFE/daily/2025/08/PREdm20250805000000120IMPGSI1GL.nc
Processing ../../../datasets/GIRAFE/daily/2025/08/PREdm20250806000000120IMPGSI1GL.nc
Processing ../../../datasets/GIRAFE/daily/2025/08/PREdm20250807000000120IMPGSI1GL.nc
Processing ../../../datasets/GIRAFE/daily/2025/08/PREdm20250808000000120IMPGSI1GL.nc
Processing ../../../datasets/GIRAFE/daily/2025/08/PREdm20250809000000120IMPGSI1GL.nc
Processing ../../../datasets/GIRAFE/daily/2025/08/PREdm20250810000000120IMPGSI1GL.nc
Processing ../../../datasets/GIRAFE/daily/2025/08/PREdm20250811000000120IMPGSI1GL.nc
Processing ../../../datasets/GIRAFE/daily/2025/08/PREdm20250812000000120IMPGSI1GL.nc
Processing ../../../datasets/GIRAFE/daily/2025/08/PREdm20250813000000120IMPGSI1GL.nc
Processing ../../../datasets/GIRAFE/daily/2025/08/PREdm20250814000000120IMPGSI1GL.nc
Processing ../../../datasets/GIRAFE/daily/2025/08/PREdm20250815000000120IMPGSI1GL.nc
Processing ../../../datasets/GIRAFE/daily/2025/08/PREdm20250816000000120IMPGSI1GL.nc
Processing ../../../datasets/GIRAFE/daily/2025/08/PREdm20250817000000120IMPGSI1GL.nc
Processing ../../../datasets/GIRAFE/daily/2025/08/PREdm20250818000000120IMPGSI1GL.nc
Processing ../../../datasets/GIRAFE/daily/2025/08/PREdm20250819000000120IMPGSI1GL.nc
Processing ../../../datasets/GIRAFE/daily/2025/08/PREdm20250820000000120IMPGSI1GL.nc
Processing ../../../datasets/GIRAFE/daily/2025/08/PREdm20250821000000120IMPGSI1GL.nc
Processing ../../../datasets/GIRAFE/daily/2025/08/PREdm20250822000000120IMPGSI1GL.nc
Processing ../../../datasets/GIRAFE/daily/2025/08/PREdm20250823000000120IMPGSI1GL.nc
Processing ../../../datasets/GIRAFE/daily/2025/08/PREdm20250824000000120IMPGSI1GL.nc
Processing ../../../datasets/GIRAFE/daily/2025/08/PREdm20250825000000120IMPGSI1GL.nc
Processing ../../../datasets/GIRAFE/daily/2025/08/PREdm20250826000000120IMPGSI1GL.nc
Processing ../../../datasets/GIRAFE/daily/2025/08/PREdm20250827000000120IMPGSI1GL.nc
Processing ../../../datasets/GIRAFE/daily/2025/08/PREdm20250828000000120IMPGSI1GL.nc
Processing ../../../datasets/GIRAFE/daily/2025/08/PREdm20250829000000120IMPGSI1GL.nc
Processing ../../../datasets/GIRAFE/daily/2025/08/PREdm20250830000000120IMPGSI1GL.nc
Processing ../../../datasets/GIRAFE/daily/2025/08/PREdm20250831000000120IMPGSI1GL.nc
Processing ../../../datasets/GIRAFE/daily/2025/09/PREdm20250901000000120IMPGSI1GL.nc
Processing ../../../datasets/GIRAFE/daily/2025/09/PREdm20250902000000120IMPGSI1GL.nc
Processing ../../../datasets/GIRAFE/daily/2025/09/PREdm20250903000000120IMPGSI1GL.nc
Processing ../../../datasets/GIRAFE/daily/2025/09/PREdm20250904000000120IMPGSI1GL.nc
Processing ../../../datasets/GIRAFE/daily/2025/09/PREdm20250905000000120IMPGSI1GL.nc
Processing ../../../datasets/GIRAFE/daily/2025/09/PREdm20250906000000120IMPGSI1GL.nc
Processing ../../../datasets/GIRAFE/daily/2025/09/PREdm20250907000000120IMPGSI1GL.nc
Processing ../../../datasets/GIRAFE/daily/2025/09/PREdm20250908000000120IMPGSI1GL.nc
Processing ../../../datasets/GIRAFE/daily/2025/09/PREdm20250909000000120IMPGSI1GL.nc
Processing ../../../datasets/GIRAFE/daily/2025/09/PREdm20250910000000120IMPGSI1GL.nc
Processing ../../../datasets/GIRAFE/daily/2025/09/PREdm20250911000000120IMPGSI1GL.nc
Processing ../../../datasets/GIRAFE/daily/2025/09/PREdm20250912000000120IMPGSI1GL.nc
Processing ../../../datasets/GIRAFE/daily/2025/09/PREdm20250913000000120IMPGSI1GL.nc
Processing ../../../datasets/GIRAFE/daily/2025/09/PREdm20250914000000120IMPGSI1GL.nc
Processing ../../../datasets/GIRAFE/daily/2025/09/PREdm20250915000000120IMPGSI1GL.nc
Processing ../../../datasets/GIRAFE/daily/2025/09/PREdm20250916000000120IMPGSI1GL.nc
Processing ../../../datasets/GIRAFE/daily/2025/09/PREdm20250917000000120IMPGSI1GL.nc
Processing ../../../datasets/GIRAFE/daily/2025/09/PREdm20250918000000120IMPGSI1GL.nc
Processing ../../../datasets/GIRAFE/daily/2025/09/PREdm20250919000000120IMPGSI1GL.nc
Processing ../../../datasets/GIRAFE/daily/2025/09/PREdm20250920000000120IMPGSI1GL.nc
Processing ../../../datasets/GIRAFE/daily/2025/09/PREdm20250921000000120IMPGSI1GL.nc
Processing ../../../datasets/GIRAFE/daily/2025/09/PREdm20250922000000120IMPGSI1GL.nc
Processing ../../../datasets/GIRAFE/daily/2025/09/PREdm20250923000000120IMPGSI1GL.nc
Processing ../../../datasets/GIRAFE/daily/2025/09/PREdm20250924000000120IMPGSI1GL.nc
Processing ../../../datasets/GIRAFE/daily/2025/09/PREdm20250925000000120IMPGSI1GL.nc
Processing ../../../datasets/GIRAFE/daily/2025/09/PREdm20250926000000120IMPGSI1GL.nc
Processing ../../../datasets/GIRAFE/daily/2025/09/PREdm20250927000000120IMPGSI1GL.nc
Processing ../../../datasets/GIRAFE/daily/2025/09/PREdm20250928000000120IMPGSI1GL.nc
Processing ../../../datasets/GIRAFE/daily/2025/09/PREdm20250929000000120IMPGSI1GL.nc
Processing ../../../datasets/GIRAFE/daily/2025/09/PREdm20250930000000120IMPGSI1GL.nc
Processing ../../../datasets/GIRAFE/daily/2025/10/PREdm20251001000000120IMPGSI1GL.nc
Processing ../../../datasets/GIRAFE/daily/2025/10/PREdm20251002000000120IMPGSI1GL.nc
Processing ../../../datasets/GIRAFE/daily/2025/10/PREdm20251003000000120IMPGSI1GL.nc
Processing ../../../datasets/GIRAFE/daily/2025/10/PREdm20251004000000120IMPGSI1GL.nc
Processing ../../../datasets/GIRAFE/daily/2025/10/PREdm20251005000000120IMPGSI1GL.nc
Processing ../../../datasets/GIRAFE/daily/2025/10/PREdm20251006000000120IMPGSI1GL.nc
Processing ../../../datasets/GIRAFE/daily/2025/10/PREdm20251007000000120IMPGSI1GL.nc
Processing ../../../datasets/GIRAFE/daily/2025/10/PREdm20251008000000120IMPGSI1GL.nc
Processing ../../../datasets/GIRAFE/daily/2025/10/PREdm20251009000000120IMPGSI1GL.nc
Processing ../../../datasets/GIRAFE/daily/2025/10/PREdm20251010000000120IMPGSI1GL.nc
Processing ../../../datasets/GIRAFE/daily/2025/10/PREdm20251011000000120IMPGSI1GL.nc
Processing ../../../datasets/GIRAFE/daily/2025/10/PREdm20251012000000120IMPGSI1GL.nc
Processing ../../../datasets/GIRAFE/daily/2025/10/PREdm20251013000000120IMPGSI1GL.nc
Processing ../../../datasets/GIRAFE/daily/2025/10/PREdm20251014000000120IMPGSI1GL.nc
Processing ../../../datasets/GIRAFE/daily/2025/10/PREdm20251015000000120IMPGSI1GL.nc
Processing ../../../datasets/GIRAFE/daily/2025/10/PREdm20251016000000120IMPGSI1GL.nc
Processing ../../../datasets/GIRAFE/daily/2025/10/PREdm20251017000000120IMPGSI1GL.nc
Processing ../../../datasets/GIRAFE/daily/2025/10/PREdm20251018000000120IMPGSI1GL.nc
Processing ../../../datasets/GIRAFE/daily/2025/10/PREdm20251019000000120IMPGSI1GL.nc
Processing ../../../datasets/GIRAFE/daily/2025/10/PREdm20251020000000120IMPGSI1GL.nc
Processing ../../../datasets/GIRAFE/daily/2025/10/PREdm20251021000000120IMPGSI1GL.nc
Processing ../../../datasets/GIRAFE/daily/2025/10/PREdm20251022000000120IMPGSI1GL.nc
Processing ../../../datasets/GIRAFE/daily/2025/10/PREdm20251023000000120IMPGSI1GL.nc
Processing ../../../datasets/GIRAFE/daily/2025/10/PREdm20251024000000120IMPGSI1GL.nc
Processing ../../../datasets/GIRAFE/daily/2025/10/PREdm20251025000000120IMPGSI1GL.nc
Processing ../../../datasets/GIRAFE/daily/2025/10/PREdm20251026000000120IMPGSI1GL.nc
Processing ../../../datasets/GIRAFE/daily/2025/10/PREdm20251027000000120IMPGSI1GL.nc
Processing ../../../datasets/GIRAFE/daily/2025/10/PREdm20251028000000120IMPGSI1GL.nc
Processing ../../../datasets/GIRAFE/daily/2025/10/PREdm20251029000000120IMPGSI1GL.nc
Processing ../../../datasets/GIRAFE/daily/2025/10/PREdm20251030000000120IMPGSI1GL.nc
Processing ../../../datasets/GIRAFE/daily/2025/10/PREdm20251031000000120IMPGSI1GL.nc
Processing ../../../datasets/GIRAFE/daily/2025/11/PREdm20251101000000120IMPGSI1GL.nc
Processing ../../../datasets/GIRAFE/daily/2025/11/PREdm20251102000000120IMPGSI1GL.nc
Processing ../../../datasets/GIRAFE/daily/2025/11/PREdm20251103000000120IMPGSI1GL.nc
Processing ../../../datasets/GIRAFE/daily/2025/11/PREdm20251104000000120IMPGSI1GL.nc
Processing ../../../datasets/GIRAFE/daily/2025/11/PREdm20251105000000120IMPGSI1GL.nc
Processing ../../../datasets/GIRAFE/daily/2025/11/PREdm20251106000000120IMPGSI1GL.nc
Processing ../../../datasets/GIRAFE/daily/2025/11/PREdm20251107000000120IMPGSI1GL.nc
Processing ../../../datasets/GIRAFE/daily/2025/11/PREdm20251108000000120IMPGSI1GL.nc
Processing ../../../datasets/GIRAFE/daily/2025/11/PREdm20251109000000120IMPGSI1GL.nc
Processing ../../../datasets/GIRAFE/daily/2025/11/PREdm20251110000000120IMPGSI1GL.nc
Processing ../../../datasets/GIRAFE/daily/2025/11/PREdm20251111000000120IMPGSI1GL.nc
Processing ../../../datasets/GIRAFE/daily/2025/11/PREdm20251112000000120IMPGSI1GL.nc
Processing ../../../datasets/GIRAFE/daily/2025/11/PREdm20251113000000120IMPGSI1GL.nc
Processing ../../../datasets/GIRAFE/daily/2025/11/PREdm20251114000000120IMPGSI1GL.nc
Processing ../../../datasets/GIRAFE/daily/2025/11/PREdm20251115000000120IMPGSI1GL.nc
Processing ../../../datasets/GIRAFE/daily/2025/11/PREdm20251116000000120IMPGSI1GL.nc
Processing ../../../datasets/GIRAFE/daily/2025/11/PREdm20251117000000120IMPGSI1GL.nc
Processing ../../../datasets/GIRAFE/daily/2025/11/PREdm20251118000000120IMPGSI1GL.nc
Processing ../../../datasets/GIRAFE/daily/2025/11/PREdm20251119000000120IMPGSI1GL.nc
Processing ../../../datasets/GIRAFE/daily/2025/11/PREdm20251120000000120IMPGSI1GL.nc
Processing ../../../datasets/GIRAFE/daily/2025/11/PREdm20251121000000120IMPGSI1GL.nc
Processing ../../../datasets/GIRAFE/daily/2025/11/PREdm20251122000000120IMPGSI1GL.nc
Processing ../../../datasets/GIRAFE/daily/2025/11/PREdm20251123000000120IMPGSI1GL.nc
Processing ../../../datasets/GIRAFE/daily/2025/11/PREdm20251124000000120IMPGSI1GL.nc
Processing ../../../datasets/GIRAFE/daily/2025/11/PREdm20251125000000120IMPGSI1GL.nc
Processing ../../../datasets/GIRAFE/daily/2025/11/PREdm20251126000000120IMPGSI1GL.nc
Processing ../../../datasets/GIRAFE/daily/2025/11/PREdm20251127000000120IMPGSI1GL.nc
Processing ../../../datasets/GIRAFE/daily/2025/11/PREdm20251128000000120IMPGSI1GL.nc
Processing ../../../datasets/GIRAFE/daily/2025/11/PREdm20251129000000120IMPGSI1GL.nc
Processing ../../../datasets/GIRAFE/daily/2025/11/PREdm20251130000000120IMPGSI1GL.nc
Processing ../../../datasets/GIRAFE/daily/2025/12/PREdm20251201000000120IMPGSI1GL.nc
Processing ../../../datasets/GIRAFE/daily/2025/12/PREdm20251202000000120IMPGSI1GL.nc
Processing ../../../datasets/GIRAFE/daily/2025/12/PREdm20251203000000120IMPGSI1GL.nc
Processing ../../../datasets/GIRAFE/daily/2025/12/PREdm20251204000000120IMPGSI1GL.nc
Processing ../../../datasets/GIRAFE/daily/2025/12/PREdm20251205000000120IMPGSI1GL.nc
Processing ../../../datasets/GIRAFE/daily/2025/12/PREdm20251206000000120IMPGSI1GL.nc
Processing ../../../datasets/GIRAFE/daily/2025/12/PREdm20251207000000120IMPGSI1GL.nc
Processing ../../../datasets/GIRAFE/daily/2025/12/PREdm20251208000000120IMPGSI1GL.nc
Processing ../../../datasets/GIRAFE/daily/2025/12/PREdm20251209000000120IMPGSI1GL.nc
Processing ../../../datasets/GIRAFE/daily/2025/12/PREdm20251210000000120IMPGSI1GL.nc
Processing ../../../datasets/GIRAFE/daily/2025/12/PREdm20251211000000120IMPGSI1GL.nc
Processing ../../../datasets/GIRAFE/daily/2025/12/PREdm20251212000000120IMPGSI1GL.nc
Processing ../../../datasets/GIRAFE/daily/2025/12/PREdm20251213000000120IMPGSI1GL.nc
Processing ../../../datasets/GIRAFE/daily/2025/12/PREdm20251214000000120IMPGSI1GL.nc
Processing ../../../datasets/GIRAFE/daily/2025/12/PREdm20251215000000120IMPGSI1GL.nc
Processing ../../../datasets/GIRAFE/daily/2025/12/PREdm20251216000000120IMPGSI1GL.nc
Processing ../../../datasets/GIRAFE/daily/2025/12/PREdm20251217000000120IMPGSI1GL.nc
Processing ../../../datasets/GIRAFE/daily/2025/12/PREdm20251218000000120IMPGSI1GL.nc
Processing ../../../datasets/GIRAFE/daily/2025/12/PREdm20251219000000120IMPGSI1GL.nc
Processing ../../../datasets/GIRAFE/daily/2025/12/PREdm20251220000000120IMPGSI1GL.nc
Processing ../../../datasets/GIRAFE/daily/2025/12/PREdm20251221000000120IMPGSI1GL.nc
Processing ../../../datasets/GIRAFE/daily/2025/12/PREdm20251222000000120IMPGSI1GL.nc
Processing ../../../datasets/GIRAFE/daily/2025/12/PREdm20251223000000120IMPGSI1GL.nc
Processing ../../../datasets/GIRAFE/daily/2025/12/PREdm20251224000000120IMPGSI1GL.nc
Processing ../../../datasets/GIRAFE/daily/2025/12/PREdm20251225000000120IMPGSI1GL.nc
Processing ../../../datasets/GIRAFE/daily/2025/12/PREdm20251226000000120IMPGSI1GL.nc
Processing ../../../datasets/GIRAFE/daily/2025/12/PREdm20251227000000120IMPGSI1GL.nc
Processing ../../../datasets/GIRAFE/daily/2025/12/PREdm20251228000000120IMPGSI1GL.nc
Processing ../../../datasets/GIRAFE/daily/2025/12/PREdm20251229000000120IMPGSI1GL.nc
Processing ../../../datasets/GIRAFE/daily/2025/12/PREdm20251230000000120IMPGSI1GL.nc
Processing ../../../datasets/GIRAFE/daily/2025/12/PREdm20251231000000120IMPGSI1GL.nc
Processing ../../../datasets/GIRAFE/daily/2026/01/PREdm20260101000000120IMPGSI1GL.nc
Processing ../../../datasets/GIRAFE/daily/2026/01/PREdm20260102000000120IMPGSI1GL.nc
Processing ../../../datasets/GIRAFE/daily/2026/01/PREdm20260103000000120IMPGSI1GL.nc
Processing ../../../datasets/GIRAFE/daily/2026/01/PREdm20260104000000120IMPGSI1GL.nc
Processing ../../../datasets/GIRAFE/daily/2026/01/PREdm20260105000000120IMPGSI1GL.nc
Processing ../../../datasets/GIRAFE/daily/2026/01/PREdm20260106000000120IMPGSI1GL.nc
Processing ../../../datasets/GIRAFE/daily/2026/01/PREdm20260107000000120IMPGSI1GL.nc
Processing ../../../datasets/GIRAFE/daily/2026/01/PREdm20260108000000120IMPGSI1GL.nc
Processing ../../../datasets/GIRAFE/daily/2026/01/PREdm20260109000000120IMPGSI1GL.nc
Processing ../../../datasets/GIRAFE/daily/2026/01/PREdm20260110000000120IMPGSI1GL.nc
Processing ../../../datasets/GIRAFE/daily/2026/01/PREdm20260111000000120IMPGSI1GL.nc
Processing ../../../datasets/GIRAFE/daily/2026/01/PREdm20260112000000120IMPGSI1GL.nc
Processing ../../../datasets/GIRAFE/daily/2026/01/PREdm20260113000000120IMPGSI1GL.nc
Processing ../../../datasets/GIRAFE/daily/2026/01/PREdm20260114000000120IMPGSI1GL.nc
Processing ../../../datasets/GIRAFE/daily/2026/01/PREdm20260115000000120IMPGSI1GL.nc
Processing ../../../datasets/GIRAFE/daily/2026/01/PREdm20260116000000120IMPGSI1GL.nc
Processing ../../../datasets/GIRAFE/daily/2026/01/PREdm20260117000000120IMPGSI1GL.nc
Processing ../../../datasets/GIRAFE/daily/2026/01/PREdm20260118000000120IMPGSI1GL.nc
Processing ../../../datasets/GIRAFE/daily/2026/01/PREdm20260119000000120IMPGSI1GL.nc
Processing ../../../datasets/GIRAFE/daily/2026/01/PREdm20260120000000120IMPGSI1GL.nc
Processing ../../../datasets/GIRAFE/daily/2026/01/PREdm20260121000000120IMPGSI1GL.nc
Processing ../../../datasets/GIRAFE/daily/2026/01/PREdm20260122000000120IMPGSI1GL.nc
Processing ../../../datasets/GIRAFE/daily/2026/01/PREdm20260123000000120IMPGSI1GL.nc
Processing ../../../datasets/GIRAFE/daily/2026/01/PREdm20260124000000120IMPGSI1GL.nc
Processing ../../../datasets/GIRAFE/daily/2026/01/PREdm20260125000000120IMPGSI1GL.nc
Processing ../../../datasets/GIRAFE/daily/2026/01/PREdm20260126000000120IMPGSI1GL.nc
Processing ../../../datasets/GIRAFE/daily/2026/01/PREdm20260127000000120IMPGSI1GL.nc
Processing ../../../datasets/GIRAFE/daily/2026/01/PREdm20260128000000120IMPGSI1GL.nc
Processing ../../../datasets/GIRAFE/daily/2026/01/PREdm20260129000000120IMPGSI1GL.nc
Processing ../../../datasets/GIRAFE/daily/2026/01/PREdm20260130000000120IMPGSI1GL.nc
Processing ../../../datasets/GIRAFE/daily/2026/01/PREdm20260131000000120IMPGSI1GL.nc
Processing ../../../datasets/GIRAFE/daily/2026/02/PREdm20260201000000120IMPGSI1GL.nc
Processing ../../../datasets/GIRAFE/daily/2026/02/PREdm20260202000000120IMPGSI1GL.nc
Processing ../../../datasets/GIRAFE/daily/2026/02/PREdm20260203000000120IMPGSI1GL.nc
Processing ../../../datasets/GIRAFE/daily/2026/02/PREdm20260204000000120IMPGSI1GL.nc
Processing ../../../datasets/GIRAFE/daily/2026/02/PREdm20260205000000120IMPGSI1GL.nc
Processing ../../../datasets/GIRAFE/daily/2026/02/PREdm20260206000000120IMPGSI1GL.nc
Processing ../../../datasets/GIRAFE/daily/2026/02/PREdm20260207000000120IMPGSI1GL.nc
Processing ../../../datasets/GIRAFE/daily/2026/02/PREdm20260208000000120IMPGSI1GL.nc
Processing ../../../datasets/GIRAFE/daily/2026/02/PREdm20260209000000120IMPGSI1GL.nc
Processing ../../../datasets/GIRAFE/daily/2026/02/PREdm20260210000000120IMPGSI1GL.nc
Processing ../../../datasets/GIRAFE/daily/2026/02/PREdm20260211000000120IMPGSI1GL.nc
Processing ../../../datasets/GIRAFE/daily/2026/02/PREdm20260212000000120IMPGSI1GL.nc
Processing ../../../datasets/GIRAFE/daily/2026/02/PREdm20260213000000120IMPGSI1GL.nc
Processing ../../../datasets/GIRAFE/daily/2026/02/PREdm20260214000000120IMPGSI1GL.nc
Processing ../../../datasets/GIRAFE/daily/2026/02/PREdm20260215000000120IMPGSI1GL.nc
Processing ../../../datasets/GIRAFE/daily/2026/02/PREdm20260216000000120IMPGSI1GL.nc
Processing ../../../datasets/GIRAFE/daily/2026/02/PREdm20260217000000120IMPGSI1GL.nc
Processing ../../../datasets/GIRAFE/daily/2026/02/PREdm20260218000000120IMPGSI1GL.nc
Processing ../../../datasets/GIRAFE/daily/2026/02/PREdm20260219000000120IMPGSI1GL.nc
Processing ../../../datasets/GIRAFE/daily/2026/02/PREdm20260220000000120IMPGSI1GL.nc
Processing ../../../datasets/GIRAFE/daily/2026/02/PREdm20260221000000120IMPGSI1GL.nc
Processing ../../../datasets/GIRAFE/daily/2026/02/PREdm20260222000000120IMPGSI1GL.nc
Processing ../../../datasets/GIRAFE/daily/2026/02/PREdm20260223000000120IMPGSI1GL.nc
Processing ../../../datasets/GIRAFE/daily/2026/02/PREdm20260224000000120IMPGSI1GL.nc
Processing ../../../datasets/GIRAFE/daily/2026/02/PREdm20260225000000120IMPGSI1GL.nc
Processing ../../../datasets/GIRAFE/daily/2026/02/PREdm20260226000000120IMPGSI1GL.nc
Processing ../../../datasets/GIRAFE/daily/2026/02/PREdm20260227000000120IMPGSI1GL.nc
Processing ../../../datasets/GIRAFE/daily/2026/02/PREdm20260228000000120IMPGSI1GL.nc
Processing ../../../datasets/GIRAFE/daily/2026/03/PREdm20260301000000120IMPGSI1GL.nc
Processing ../../../datasets/GIRAFE/daily/2026/03/PREdm20260302000000120IMPGSI1GL.nc
Processing ../../../datasets/GIRAFE/daily/2026/03/PREdm20260303000000120IMPGSI1GL.nc
Processing ../../../datasets/GIRAFE/daily/2026/03/PREdm20260304000000120IMPGSI1GL.nc
Processing ../../../datasets/GIRAFE/daily/2026/03/PREdm20260305000000120IMPGSI1GL.nc
Processing ../../../datasets/GIRAFE/daily/2026/03/PREdm20260306000000120IMPGSI1GL.nc
Processing ../../../datasets/GIRAFE/daily/2026/03/PREdm20260307000000120IMPGSI1GL.nc
Processing ../../../datasets/GIRAFE/daily/2026/03/PREdm20260308000000120IMPGSI1GL.nc
Processing ../../../datasets/GIRAFE/daily/2026/03/PREdm20260309000000120IMPGSI1GL.nc
Processing ../../../datasets/GIRAFE/daily/2026/03/PREdm20260310000000120IMPGSI1GL.nc
Processing ../../../datasets/GIRAFE/daily/2026/03/PREdm20260311000000120IMPGSI1GL.nc
Processing ../../../datasets/GIRAFE/daily/2026/03/PREdm20260312000000120IMPGSI1GL.nc
Processing ../../../datasets/GIRAFE/daily/2026/03/PREdm20260313000000120IMPGSI1GL.nc
Processing ../../../datasets/GIRAFE/daily/2026/03/PREdm20260314000000120IMPGSI1GL.nc
Processing ../../../datasets/GIRAFE/daily/2026/03/PREdm20260315000000120IMPGSI1GL.nc
Processing ../../../datasets/GIRAFE/daily/2026/03/PREdm20260316000000120IMPGSI1GL.nc
Processing ../../../datasets/GIRAFE/daily/2026/03/PREdm20260317000000120IMPGSI1GL.nc
Processing ../../../datasets/GIRAFE/daily/2026/03/PREdm20260318000000120IMPGSI1GL.nc
Processing ../../../datasets/GIRAFE/daily/2026/03/PREdm20260319000000120IMPGSI1GL.nc
Processing ../../../datasets/GIRAFE/daily/2026/03/PREdm20260320000000120IMPGSI1GL.nc
Processing ../../../datasets/GIRAFE/daily/2026/03/PREdm20260321000000120IMPGSI1GL.nc
Processing ../../../datasets/GIRAFE/daily/2026/03/PREdm20260322000000120IMPGSI1GL.nc
Processing ../../../datasets/GIRAFE/daily/2026/03/PREdm20260323000000120IMPGSI1GL.nc
Processing ../../../datasets/GIRAFE/daily/2026/03/PREdm20260324000000120IMPGSI1GL.nc
Processing ../../../datasets/GIRAFE/daily/2026/03/PREdm20260325000000120IMPGSI1GL.nc
Processing ../../../datasets/GIRAFE/daily/2026/03/PREdm20260326000000120IMPGSI1GL.nc
Processing ../../../datasets/GIRAFE/daily/2026/03/PREdm20260327000000120IMPGSI1GL.nc
Processing ../../../datasets/GIRAFE/daily/2026/03/PREdm20260328000000120IMPGSI1GL.nc
Processing ../../../datasets/GIRAFE/daily/2026/03/PREdm20260329000000120IMPGSI1GL.nc
Processing ../../../datasets/GIRAFE/daily/2026/03/PREdm20260330000000120IMPGSI1GL.nc
Processing ../../../datasets/GIRAFE/daily/2026/03/PREdm20260331000000120IMPGSI1GL.nc
Processing ../../../datasets/GIRAFE/daily/2026/04/PREdm20260401000000120IMPGSI1GL.nc
Processing ../../../datasets/GIRAFE/daily/2026/04/PREdm20260402000000120IMPGSI1GL.nc
Processing ../../../datasets/GIRAFE/daily/2026/04/PREdm20260403000000120IMPGSI1GL.nc
Processing ../../../datasets/GIRAFE/daily/2026/04/PREdm20260404000000120IMPGSI1GL.nc
Processing ../../../datasets/GIRAFE/daily/2026/04/PREdm20260405000000120IMPGSI1GL.nc
Processing ../../../datasets/GIRAFE/daily/2026/04/PREdm20260406000000120IMPGSI1GL.nc
Processing ../../../datasets/GIRAFE/daily/2026/04/PREdm20260407000000120IMPGSI1GL.nc
Processing ../../../datasets/GIRAFE/daily/2026/04/PREdm20260408000000120IMPGSI1GL.nc
Processing ../../../datasets/GIRAFE/daily/2026/04/PREdm20260409000000120IMPGSI1GL.nc
Processing ../../../datasets/GIRAFE/daily/2026/04/PREdm20260410000000120IMPGSI1GL.nc
Processing ../../../datasets/GIRAFE/daily/2026/04/PREdm20260411000000120IMPGSI1GL.nc
Processing ../../../datasets/GIRAFE/daily/2026/04/PREdm20260412000000120IMPGSI1GL.nc
Processing ../../../datasets/GIRAFE/daily/2026/04/PREdm20260413000000120IMPGSI1GL.nc
Processing ../../../datasets/GIRAFE/daily/2026/04/PREdm20260414000000120IMPGSI1GL.nc
Processing ../../../datasets/GIRAFE/daily/2026/04/PREdm20260415000000120IMPGSI1GL.nc
Processing ../../../datasets/GIRAFE/daily/2026/04/PREdm20260416000000120IMPGSI1GL.nc
Processing ../../../datasets/GIRAFE/daily/2026/04/PREdm20260417000000120IMPGSI1GL.nc
Processing ../../../datasets/GIRAFE/daily/2026/04/PREdm20260418000000120IMPGSI1GL.nc
Processing ../../../datasets/GIRAFE/daily/2026/04/PREdm20260419000000120IMPGSI1GL.nc
Processing ../../../datasets/GIRAFE/daily/2026/04/PREdm20260420000000120IMPGSI1GL.nc
Processing ../../../datasets/GIRAFE/daily/2026/04/PREdm20260421000000120IMPGSI1GL.nc
Processing ../../../datasets/GIRAFE/daily/2026/04/PREdm20260422000000120IMPGSI1GL.nc
Processing ../../../datasets/GIRAFE/daily/2026/04/PREdm20260423000000120IMPGSI1GL.nc
Processing ../../../datasets/GIRAFE/daily/2026/04/PREdm20260424000000120IMPGSI1GL.nc
Processing ../../../datasets/GIRAFE/daily/2026/04/PREdm20260425000000120IMPGSI1GL.nc
Processing ../../../datasets/GIRAFE/daily/2026/04/PREdm20260426000000120IMPGSI1GL.nc
Processing ../../../datasets/GIRAFE/daily/2026/04/PREdm20260427000000120IMPGSI1GL.nc
Processing ../../../datasets/GIRAFE/daily/2026/04/PREdm20260428000000120IMPGSI1GL.nc
Processing ../../../datasets/GIRAFE/daily/2026/04/PREdm20260429000000120IMPGSI1GL.nc
Processing ../../../datasets/GIRAFE/daily/2026/04/PREdm20260430000000120IMPGSI1GL.nc
Processing ../../../datasets/GIRAFE/daily/2026/05/PREdm20260501000000120IMPGSI1GL.nc
Processing ../../../datasets/GIRAFE/daily/2026/05/PREdm20260502000000120IMPGSI1GL.nc
Processing ../../../datasets/GIRAFE/daily/2026/05/PREdm20260503000000120IMPGSI1GL.nc
Processing ../../../datasets/GIRAFE/daily/2026/05/PREdm20260504000000120IMPGSI1GL.nc
Processing ../../../datasets/GIRAFE/daily/2026/05/PREdm20260505000000120IMPGSI1GL.nc
Processing ../../../datasets/GIRAFE/daily/2026/05/PREdm20260506000000120IMPGSI1GL.nc
Processing ../../../datasets/GIRAFE/daily/2026/05/PREdm20260507000000120IMPGSI1GL.nc
Processing ../../../datasets/GIRAFE/daily/2026/05/PREdm20260508000000120IMPGSI1GL.nc
Processing ../../../datasets/GIRAFE/daily/2026/05/PREdm20260509000000120IMPGSI1GL.nc
Processing ../../../datasets/GIRAFE/daily/2026/05/PREdm20260510000000120IMPGSI1GL.nc
Processing ../../../datasets/GIRAFE/daily/2026/05/PREdm20260511000000120IMPGSI1GL.nc
Processing ../../../datasets/GIRAFE/daily/2026/05/PREdm20260512000000120IMPGSI1GL.nc
Processing ../../../datasets/GIRAFE/daily/2026/05/PREdm20260513000000120IMPGSI1GL.nc
Processing ../../../datasets/GIRAFE/daily/2026/05/PREdm20260514000000120IMPGSI1GL.nc
Processing ../../../datasets/GIRAFE/daily/2026/05/PREdm20260515000000120IMPGSI1GL.nc
Processing ../../../datasets/GIRAFE/daily/2026/05/PREdm20260516000000120IMPGSI1GL.nc
Processing ../../../datasets/GIRAFE/daily/2026/05/PREdm20260517000000120IMPGSI1GL.nc
Processing ../../../datasets/GIRAFE/daily/2026/05/PREdm20260518000000120IMPGSI1GL.nc
Processing ../../../datasets/GIRAFE/daily/2026/05/PREdm20260519000000120IMPGSI1GL.nc
Processing ../../../datasets/GIRAFE/daily/2026/05/PREdm20260520000000120IMPGSI1GL.nc
Processing ../../../datasets/GIRAFE/daily/2026/05/PREdm20260521000000120IMPGSI1GL.nc
Processing ../../../datasets/GIRAFE/daily/2026/05/PREdm20260522000000120IMPGSI1GL.nc
Processing ../../../datasets/GIRAFE/daily/2026/05/PREdm20260523000000120IMPGSI1GL.nc
Processing ../../../datasets/GIRAFE/daily/2026/05/PREdm20260524000000120IMPGSI1GL.nc
Processing ../../../datasets/GIRAFE/daily/2026/05/PREdm20260525000000120IMPGSI1GL.nc
Processing ../../../datasets/GIRAFE/daily/2026/05/PREdm20260526000000120IMPGSI1GL.nc
Processing ../../../datasets/GIRAFE/daily/2026/05/PREdm20260527000000120IMPGSI1GL.nc
Processing ../../../datasets/GIRAFE/daily/2026/05/PREdm20260528000000120IMPGSI1GL.nc
Processing ../../../datasets/GIRAFE/daily/2026/05/PREdm20260529000000120IMPGSI1GL.nc
Processing ../../../datasets/GIRAFE/daily/2026/05/PREdm20260530000000120IMPGSI1GL.nc
Processing ../../../datasets/GIRAFE/daily/2026/05/PREdm20260531000000120IMPGSI1GL.nc
Processing ../../../datasets/GIRAFE/daily/2026/06/PREdm20260601000000120IMPGSI1GL.nc
Processing ../../../datasets/GIRAFE/daily/2026/06/PREdm20260602000000120IMPGSI1GL.nc
Processing ../../../datasets/GIRAFE/daily/2026/06/PREdm20260603000000120IMPGSI1GL.nc
Processing ../../../datasets/GIRAFE/daily/2026/06/PREdm20260604000000120IMPGSI1GL.nc
Processing ../../../datasets/GIRAFE/daily/2026/06/PREdm20260605000000120IMPGSI1GL.nc
Processing ../../../datasets/GIRAFE/daily/2026/06/PREdm20260606000000120IMPGSI1GL.nc
Processing ../../../datasets/GIRAFE/daily/2026/06/PREdm20260607000000120IMPGSI1GL.nc
Processing ../../../datasets/GIRAFE/daily/2026/06/PREdm20260608000000120IMPGSI1GL.nc
Processing ../../../datasets/GIRAFE/daily/2026/06/PREdm20260609000000120IMPGSI1GL.nc
Processing ../../../datasets/GIRAFE/daily/2026/06/PREdm20260610000000120IMPGSI1GL.nc
Processing ../../../datasets/GIRAFE/daily/2026/06/PREdm20260611000000120IMPGSI1GL.nc
Processing ../../../datasets/GIRAFE/daily/2026/06/PREdm20260612000000120IMPGSI1GL.nc
Processing ../../../datasets/GIRAFE/daily/2026/06/PREdm20260613000000120IMPGSI1GL.nc
Processing ../../../datasets/GIRAFE/daily/2026/06/PREdm20260614000000120IMPGSI1GL.nc
Processing ../../../datasets/GIRAFE/daily/2026/06/PREdm20260615000000120IMPGSI1GL.nc
Processing ../../../datasets/GIRAFE/daily/2026/06/PREdm20260616000000120IMPGSI1GL.nc
Processing ../../../datasets/GIRAFE/daily/2026/06/PREdm20260617000000120IMPGSI1GL.nc
Processing ../../../datasets/GIRAFE/daily/2026/06/PREdm20260618000000120IMPGSI1GL.nc
Processing ../../../datasets/GIRAFE/daily/2026/06/PREdm20260619000000120IMPGSI1GL.nc
Processing ../../../datasets/GIRAFE/daily/2026/06/PREdm20260620000000120IMPGSI1GL.nc
Processing ../../../datasets/GIRAFE/daily/2026/06/PREdm20260621000000120IMPGSI1GL.nc
Processing ../../../datasets/GIRAFE/daily/2026/06/PREdm20260622000000120IMPGSI1GL.nc
Processing ../../../datasets/GIRAFE/daily/2026/06/PREdm20260623000000120IMPGSI1GL.nc
Processing ../../../datasets/GIRAFE/daily/2026/06/PREdm20260624000000120IMPGSI1GL.nc
Processing ../../../datasets/GIRAFE/daily/2026/06/PREdm20260625000000120IMPGSI1GL.nc
Processing ../../../datasets/GIRAFE/daily/2026/06/PREdm20260626000000120IMPGSI1GL.nc
Processing ../../../datasets/GIRAFE/daily/2026/06/PREdm20260627000000120IMPGSI1GL.nc
Processing ../../../datasets/GIRAFE/daily/2026/06/PREdm20260628000000120IMPGSI1GL.nc
Processing ../../../datasets/GIRAFE/daily/2026/06/PREdm20260629000000120IMPGSI1GL.nc
Processing ../../../datasets/GIRAFE/daily/2026/06/PREdm20260630000000120IMPGSI1GL.nc
[ECMWF-INFO -ecepilog] ----------------------------------------------------------------------------------------------------
[ECMWF-INFO -ecepilog] This is the ECMWF job Epilogue
[ECMWF-INFO -ecepilog] +++ Please report issues using the Support portal +++
[ECMWF-INFO -ecepilog] +++ https://support.ecmwf.int                     +++
[ECMWF-INFO -ecepilog] ----------------------------------------------------------------------------------------------------
[ECMWF-INFO -ecepilog] Run at 2026-08-13T21:44:55 on ac
[ECMWF-INFO -ecepilog] JobName                   : girafe
[ECMWF-INFO -ecepilog] JobID                     : 32350379
[ECMWF-INFO -ecepilog] Submit                    : 2026-08-13T21:38:24
[ECMWF-INFO -ecepilog] Start                     : 2026-08-13T21:38:40
[ECMWF-INFO -ecepilog] End                       : 2026-08-13T21:44:55
[ECMWF-INFO -ecepilog] QueuedTime                : 16.0
[ECMWF-INFO -ecepilog] ElapsedRaw                : 375
[ECMWF-INFO -ecepilog] ExitCode                  : 0:0
[ECMWF-INFO -ecepilog] DerivedExitCode           : 0:0
[ECMWF-INFO -ecepilog] State                     : COMPLETED
[ECMWF-INFO -ecepilog] Account                   : ecc3s
[ECMWF-INFO -ecepilog] QOS                       : nf
[ECMWF-INFO -ecepilog] User                      : cxjo
[ECMWF-INFO -ecepilog] StdOut                    : /etc/ecmwf/nfs/dh1_home_a/cxjo/C3S_stuff/c3s_ecv_dataset_quality_monitoring/AtmPhysics/Precipitation/GIRAFE/girafe_32350379.out
[ECMWF-INFO -ecepilog] StdErr                    : /etc/ecmwf/nfs/dh1_home_a/cxjo/C3S_stuff/c3s_ecv_dataset_quality_monitoring/AtmPhysics/Precipitation/GIRAFE/girafe_32350379.out
[ECMWF-INFO -ecepilog] NNodes                    : 1
[ECMWF-INFO -ecepilog] NCPUS                     : 8
[ECMWF-INFO -ecepilog] SBU                       : 7.110
[ECMWF-INFO -ecepilog] jobtag                    : cxjo-girafe-1x8-/etc/ecmwf/nfs/dh1_home_a/cxjo/C3S_stuff/c3s_ecv_dataset_quality_monitoring/AtmPhysics/Precipitation/GIRAFE/girafe__JOBID_.out
[ECMWF-INFO -ecepilog] ----------------------------------------------------------------------------------------------------

